Department,DepartmentCleaned
GOVT,government
Soil and Water Conservation,soil and water conservation
EDSP,education
HIST,history
GVPT,gvpt
ECON,economics
GEOG,geography
Biology,biology
Family Studies,family studies
Health and Human Performance,health and human performance
Journalism,journalism
Government and Politics,government and politics
BSCI,bsci
Psychology,psychology
Sociology,sociology
Communication,communications
AASP,aasp
ENEE,enee
AAST,aast
Women's Studies,women's studies
History,history
ANSC,animal science
ENAE,enae
DANC,dance
CHIN,chinese
ENST,enst
ENBE,enbe
ENES,enes
ARCH,architecture
Business,business
EDHD,edhd
Economics,economics
EDHI,edhi
AMST,amst
EDMS,edms
ARHU,arhu
CLAS,classics
AREC,arec
AGNR,agnr
CHEM,chemistry
ARTH,art history
EDUC,education
AFROTC,afrotc
ANTH,anthropology
SOCY,sociology
GEOL,geology
BIOM,biom
PHYS,physics
MATH,mathematics
EALL,eall
BMGT,business
KNES,knes
EDCl,edcl
FMSC,fmsc
PSYC,psychology
CPSP,cpsp
COMM,communications
Math,mathematics
STAT,statistics
AMSC,amsc
Chemistry,chemistry
Physics,physics
ARTT,artt
Korean,korean
FOLA,fola
Kinesiology,kinesiology
ENGL,english
THET,thet
PHIL,philosophy
GREK,grek
PLSC,plsc
LATN,latn
WMST,wmst
FREN,french
ARAB,arab
CHBE,chbe
EDCI,education
CMSC,cmsc
LING,linguistics
PLCY,plcy
HEBR,hebr
CCJS,ccjs
HESI,hesi
JOUR,journalism
BSOS,bsos
PORT,port
HESP,hesp
LARC,larc
FILM,film
HACS,hacs
LGBT,lgbt
BIOE,bioe
AOSC,aosc
LASC,lasc
PHSC,phsc
ENFP,enfp
TLPL,tlpl
Business Administration,business
EDCP,edcp
USLT,uslt
ENCH,ench
Electrical Engineering,electrical engineering
Mathematics,mathematics
Engineering,engineering
ARSC,arsc
ARMY,army
EE,electrical engineering
ASTR,astronomy
Arts & Sc. Ed.,arts & sc. ed.
Ind. Ed.,ind. ed.
PERS,pers
CMLT,cmlt
Anthropology,anthropology
ENCE,ence
BCHM,bchm
Arabic,arabic
ITAL,italian
GERM,german
JWST,jwst
BSST,bsst
INAG,inag
ENMA,enma
EDPS,edps
RUSS,russian
JAPN,japn
ISRL,isrl
ENNU,ennu
ENME,enme
MUSC,music
History of Science,history science
Environmental Science,environmental science
MUSP,musp
Educational Studies,educational studies
ENSP,ensp
"Humanities, Science, Technological, and Vocational","humanities, science, technological, and vocational"
Geography,geography
Geology,geology
Computer Science,computer science
MLAW,mlaw
SPHL,sphl
SPAN,spanish
MLSC,mlsc
MUED,mued
HLTH,hlth
PUAF,puaf
PUBP,pubp
ENGR-Materials Science & Engineering,engr-materials science & engineering
Spanish,spanish
FGSM,fgsm
RELS,rels
INST,inst
MIEH,mieh
URSP,ursp
ENGR,engr
SLLC,sllc
INFO,info
Chin,chinese
Persian Studies,persian studies
SURV,surv
NFSC,nfsc
STS,sts
Nutritional Science,nutritional science
Bioengineering,bioengineering
Biochemistry,biochemistry
HISP,hisp
Astronomy,astronomy
FIRE,fire
Social Sciences,social sciences
Natural Science,natural science
SLAV,slav
MUS,music
DNCE,dnce
THTR,thtr
IADM,iadm
EDIN,edin
NUTR,nutr
ECONOMICS,economics
Sociology and Anthropology,sociology and anthropology
Microbiology,biology
ZOOOL,zoool
ANTHROPOLOGY,anthropology
FMCD,fmcd
FDSC,fdsc
HORT,hort
PHED,phed
ANIMAL SCIENCE,animal science
Zoology,zoology
MECHANICAL ENGINEERING,mechanical engineering
RLED,rled
AGEN,agen
Civil Engineering,civil engineering
ZOOLOGY,zoology
SPHR,sphr
EDAD,edad
ART,art
PHILOSOPHY,philosophy
SHOP,shop
M.E.,m.e.
SOCIOLOGY AND ANTHROPOLOGY,sociology and anthropology
CHEMISTRY,chemistry
MUSIC,music
AGRICULTURAL ENGINEERING,agricultural engineering
PHYSICS AND ASTRONOMY,physics
SPCH,spch
EDEL,edel
DART,dart
GEOGRAPHY,geography
RECR,recr
HISTORY,history
BOTANY,biology
APDS,apds
ELECTRICAL ENGINEERING,electrical engineering
AGRO,agro
Entomology,entomology
Botany,biology
FOOD,food
JOURNALISM,journalism
ME,mechanical engineering
EDLS,edls
EDSE,edse
ISM,ism
INFS,infs
PSYCH,psychology
CS,computer science
BSAD,business
HONR,honr
COMPUTER SCIENCE,computer science
EDMU,edmu
AGRICULTURAL ECONOMICS,agricultural economics
CLOTHING,clothing
HOME ECONOMICS,home economics
PHYSICAL EDUCATION,physical education
KINESIOLOGY,kinesiology
MICB,micb
CIVIL ENGINEERING,civil engineering
PLANT PATHOLOGY,plant pathology
GENETICS AND STATISTICS,genetics and statistics
FARM MECHANICS,farm mechanics
FARM MANAGEMENT,farm management
Dairy Husbandry,dairy husbandry
AROTC,arotc
MECH,mech
Asian American Studies,asian american studies
ED,education
ENG,english
Soils,soils
Agron,agron
Economics and Sociology,economics and sociology
Plant Physiology and Biochemistry,plant physiology and biochemistry
Ac. ED.,ac. ed.
AG. ED.,ag. ed.
A.E.,a.e.
Public Speaking,public speaking
Education,education
HORTICULTURE,horticulture
Bacteriology,bacteriology
EDUCATION,education
Soc,sociology
Comparative Literature,comparative literature
H. E. ED.,h. e. ed.
ENTOMOLOGY,entomology
DR.,dr.
C. E.,c. e.
PHYS. ED.,phys. ed.
CHEMICAL ENGINEERING,chemical engineering
HEALTH EDUCATION,health education
HSAD,hsad
SPECIAL EDUCATION,special education
Music,music
RATV,ratv
Speech and Dramatic Art,speech
BACTERIOLOGY,bacteriology
Hort.,hort.
Ag. Ed.,ag. ed.
PS,ps
ML,ml
Dairy,dairy
H. E. Ed.,h. e. ed.
Prin. Ed.,prin. ed.
BAdm,badm
RURAL ORGANIZATION,rural organization
Hort,hort
Art,art
Pol. Sc.,pol. sc.
Cloth,cloth
Agricultural,agricultural
E. E.,e. e.
Agricultural Husbandry,agricultural husbandry
Surv.,surv.
A. H.,a. h.
Ph.,ph.
Zool,zoology
Agron.,agron.
H,h
Eng,english
El. Lab.,el. lab.
E,e
Agriculture,agriculture
Plt. Path.,plt. path.
Surv,surv
Agriculture (A.H.),agriculture (a.h.)
Bot.,bot.
Hyd.,hyd.
ENGLISH LANGUAGE AND LITERATURE,english language and literature
Plt. Phy.,plt. phy.
Eng.,eng.
PSYCHOLOGY,psychology
CRAF,craf
AGRONOMY,agronomy
Latin American Studies,latin american studies
Chinese,chinese
H ADM,h adm
Chem,chemistry
English,english
Bact,bact
V. M.,v. m.
Foods,foods
Tex.,tex.
Library Science,library science
Math.,math.
M. Des.,m. des.
Political Science,political science
GEOLOGY,geology
Rwys,rwys
Phys Lab,phys lab
Phys,physics
Zool.,zool.
PLANT PHYSIOLOGY,plant physiology
MORPHOLOGY AND MYCOLOGY,morphology and mycology
Str,str
ENGLISH,english
M. L.,m. l.
FINANCE,finance
Hwys.,hwys.
Exp. Lab.,exp. lab.
H. M.,h. m.
BUSINESS ADMINISTRATION,business
Stat,statistics
DANCE,dance
RUSSIAN,russian
NUTRITION,nutrition
GERMANIC AND SLAVIC LANGUAGES AND LITERATURES,germanic and slavic languages and literatures
TEXT,text
SECONDARY EDUCATION,secondary education
FRENCH AND ITALIAN LANGUAGES AND LITERATURES,french and italian languages and literatures
ITALIAN,italian
Statistics,statistics
AGRICULTURAL AND EXTENSION EDUCATION,agricultural and extension education
Classics,classics
ENTM,entm
Transportation,transportation
EDIT,edit
EDPA,edpa
Cinema/Video,cinema/video
Mechanical Engineering,mechanical engineering
RTVF,rtvf
BOTN,botn
DESN,desn
"Industrial, Technologic","industrial, technologic"
CNEC,cnec
CRIM,crim
ENGL-English,engl-english
CJUS,cjus
URBS,urbs
ENAG,enag
Pharmacy,pharmacy
Pharmacy Administration,pharmacy administration
Health Education,health education
FSAD,fsad
ZOOL,zoology
English Education,english education
Curriculum and Instruction,curriculum and instruction
BIOL,biology
Social Science,social science
ARTE,arte
"Engineering, Civil","engineering, civil"
MUSC-Music,musc-music
BACT,bact
EDCi,education
MAPL,mapl
AEED,aeed
AGRI,agri
Industrial Arts and Vocational Education,industrial arts and vocational education
NRMT,nrmt
NUSC,nusc
MUSE,muse
German,german
ARTH - Art History & Archaeology,arth - art history & archaeology
UNIV,univ
M.B.A.,m.b.a.
Special and Continuation Studies,special and continuation studies
GEMS,gems
ENGR-Fire Protection Engineering,engr-fire protection engineering
ELECT,elect
Germanic Studies,germanic studies
East Asian Languages and Literatures,east asian languages and literatures
Theatre,theater
"Engineering, Electrical","engineering, electrical"
THET - Theatre,thet - theatre
RLST,rlst
Rad,rad
G. & P.,g. & p.
Nurs,nursing
Agricultural Economics and Marketing,agricultural economics and marketing
Phys.,phys.
P. E.,p. e.
Italian,italian
Russian,russian
Modern Greek,modern greek
Physiology,physiology
Medicine,medicine
Management,business
Psych,psychology
DEVELOPMENT EDUCATION,development education
SPECIAL AND CONTINUATION STUDIES,special and continuation studies
Rec,rec
P.E.,p.e.
Speech,speech
INDUSTRIAL EDUCATION,industrial education
Pharmacology,pharmacology
School of Pharmacy,school pharmacy
Geog,geography
SPEECH AND DRAMATIC ART,speech
Hea.,hea.
Prev. Med.,prev. med.
Physiol.,physiol.
CPBE,cpbe
Nur,nursing
Hea,hea
Ed,education
Agricultural Engineering,agricultural engineering
Rural Education,rural education
R. Ed.,r. ed.
Ed.,ed.
NURSING,nursing
Econ,economics
Microbiol,microbiol
Med,med
Physiol,physiol
Aero. E.,aero. e.
AE,ae
Nursing Education,nursing education
Nursing,nursing
Aero. E,aero. e
SOCIOLOGY,sociology
Agricultural Education and Rural Life,agricultural education and rural life
Agricultural Economics,agricultural economics
E.E.,e.e.
Chem.,chem.
Bact.,bact.
MEDICINE,medicine
Agr. Engr.,agr. engr.
BIOLOGICAL CHEMISTRY,biological chemistry
Ch. E.,ch. e.
Health,health
Radiology,radiology
Psychiatry,psychiatry
"LANGUAGES AND LITERATURE, FOREIGN","languages and literature, foreign"
JOURNALISM AND PUBLIC RELATIONS,journalism and public relations
Pathology,pathology
Ophthalmology,ophthalmology
Obstetrics and Gynecology,obstetrics and gynecology
MiCB,micb
METO,meto
MICR,micr
"Industrial, Techno","industrial, techno"
ENGINEERING AND AERONAUTICAL SCIENCES,engineering and aeronautical sciences
Occupational Education,occupational education
PERH,perh
DAIRY,dairy
Bot,bot
Veterinary Science,veterinary science
Poultry Husbandry,poultry husbandry
Office Techniques and Management,office techniques and management
Business and Public Administration,business and public administration
Journ,journ
COLLEGE OF AGRICULTURE,college agriculture
Pr. Art,pr. art
Tex,tex
Clo,clo
Philosophy,philosophy
M. E.,m. e.
Home Economics,home economics
H. D. Ed.,h. d. ed.
G. and P.,g. and p.
French,french
Industrial Education,industrial education
Portuguese,portuguese
Hebrew,hebrew
Poultry Science,poultry science
ARTS,art
Nutrition,nutrition
V. S.,v. s.
P. H.,p. h.
B.A.,b.a.
European History,european history
Plant Pathology,plant pathology
Aeronautical Engineering,aeronautical engineering
Management Science,management science
Animal Husbandry,animal husbandry
Agronomy-Crops and Soils,agronomy-crops and soils
Greek,greek
Mus. Ed.,mus. ed.
Human Development Education,human development education
Forestry,forestry
P. R.,p. r.
Horticulture,horticulture
FRENCH,french
English Language and Literature,english language and literature
INSTITUTION MANAGEMENT,institution management
Textiles,textiles
Aerospace Engineering,aerospace engineering
Trades and Industry Education,trades and industry education
CM,cm
Arts Education,arts education
Industrial Arts,industrial arts
LiNG,linguistics
EDC,edc
Civil,civil
Physics Education,physics education
Mech,mech
THEATRE,theater
FST,fst
"Industrial, Tech","industrial, tech"
ICS,ics
Office Technology,office technology
Comp Lit,comp lit
Journ.,journ.
ChE,che
Rec.,rec.
PHYSICAL THERAPY,physical therapy
"PHYSICAL EDUCATION, RECREATION AND HEALTH","physical education, recreation and health"
Practical Art,practical art
Crafts,crafts
DRAWING,drawing
M.S.,m.s.
A.S.,a.s.
Business Education,business education
Linguistics,linguistics
Chemical Engineering,chemical engineering
Engineering and Aeronautical Sciences,engineering and aeronautical sciences
H.E.,h.e.
Inst. Mgt.,inst. mgt.
BPA,bpa
Military Science,military science
Foods and Nutrition,foods and nutrition
Engr.,engr.
BUSINESS AND PUBLIC ADMINISTRATION,business and public administration
Dairy Technology,dairy technology
Sp.,sp.
Mus,music
Surveying,surveying
Phil,philosophy
B. A.,b. a.
Econ.,econ.
Mechanics,mechanics
"Engineering, Chemical","engineering, chemical"
B. Crafts,b. crafts
Soc.,soc.
Mus.,mus.
Cr.,cr.
A. S.,a. s.
Psych.,psych.
C. Ed.,c. ed.
Pharmacy and Health Care,pharmacy and health care
P. E. R. H.,p. e. r. h.
Hist.,hist.
MISN,misn
Textiles and Clothing,textiles and clothing
FMST,fmst
NRSC,nrsc
POULTRY,poultry
PLT. PHYS,plt. phys
EcoN,economics
CJ,cj
PLANT PHYSIOLOGY AND BIOCHEMISTRY,plant physiology and biochemistry
MILITARY SCIENCE AND TACTICS,military science and tactics
PIT. PATH.,pit. path.
PLT. PATH.,plt. path.
ENGR.,engr.
GREEK,greek
F. MECH.,f. mech.
KORA,kora
ECEN,ecen
PLT. PATH,plt. path
Arch,architecture
GERMAN,german
Community Health,community health
Public Health,public health
Finance,finance
AG. ED,ag. ed
H. E.,h. e.
D. H.,d. h.
PoL. ScI.,pol. sci.
History and Political Science,history and political science
Gen.,gen.
Zoology and Aquaculture,zoology and aquaculture
BoT,bot
ENT,ent
AM,am
CC,cc
Latin,latin
Plant Biochemistry,plant biochemistry
Drafting,drafting
PHYSICS,physics
Mechanical Drawing,mechanical drawing
B. Vegetable Crops,b. vegetable crops
Floriculture,floriculture
ZooL,zoology
HOME ECONOMICS EDUCATION,home economics education
Health Sciences,health sciences
Dance,dance
Biometry and Statistics,biometry and statistics
H. History,h. history
ED.,ed.
Foods and Nuitrition,foods and nuitrition
USE,use
INFT,inft
ECE,electrical engineering
Nut.,nut.
Shop,shop
C.E.,c.e.
Met,met
Agr,agr
HUMAN DEVELOPMENT EDUCATION,human development education
O.T.,o.t.
Classical Languages and Literatures,classical languages and literatures
Business Organization and Administration,business organization and administration
Practical Art and Crafts,practical art and crafts
Agronomy,agronomy
Journalism and Public Relations,journalism and public relations
Phil.,phil.
Geol,geology
HOME AND INSTITUTION MANAGEMENT,home and institution management
HOME ECONOMICS EXTENSION,home economics extension
B. Ed.,b. ed.
Clo.,clo.
H. E. Ed,h. e. ed
O. T.,o. t.
SCHOOL OF PHARMACY,school pharmacy
C. Recreation,c. recreation
CHINESE,chinese
TEXTILES,textiles
Metallurgy,metallurgy
Physical Education,physical education
Foreign Languages and Literatures,foreign languages and literatures
Drawing,drawing
Home Management,home management
HEBREW,hebrew
Fire Protection,fire protection
Met.,met.
Sp,sp
H.E. Ed.,h.e. ed.
H.,h.
Advertising,advertising
Applied Physics,applied physics
Human Development,human development
DAIRY HUSBANDRY,dairy husbandry
AGRON,agron
SOILS,soils
HISTORY AND POLITICAL SCIENCE,history and political science
SoILS,soils
A. E.,a. e.
ANIMAL HUSBANDRY,animal husbandry
Home Economics Education,home economics education
SPANISH,spanish
Farm Management,farm management
Nut,nut
"Languages and Literature, Foreign","languages and literature, foreign"
Pharmaceutical Chemistry,pharmaceutical chemistry
Ent.,ent.
Zoology and Aquiculture,zoology and aquiculture
AG,ag
Applied Mathematics,applied mathematics
Accounting,accounting
OFFICE TECHNIQUES AND MANAGEMENT,office techniques and management
PEHR,pehr
SOCILOGY,socilogy
RECREATION,recreation
Dairy Products Technology,dairy products technology
ZOOLOGY AND AQUICULTURE,zoology and aquiculture
D. H,d. h
COMP. LIT,comp. lit
Business and Management,business and management
ECONOMICS AND BUSINESS ADMINISTRATION,economics and business administration
Speech Communication,speech
MUSC - Music,musc - music
Industrial Technology,industrial technology
HEB,heb
ENGR-Mechanical Engineering,engr-mechanical engineering
ENSC,ensc
ENGR-Civil & Environmental Engineering,engr-civil & environmental engineering
Lat,lat
POLITICAL SCIENCE,political science
PLT. PHYS.,plt. phys.
LIBRARY SCIENCE,library science
LAT,lat
Communication Studies Track,communication studies track
JWST - Jewish Studies,jwst - jewish studies
POULTRY HUSBANDRY,poultry husbandry
IND. CHEM.,ind. chem.
PUBLIC SPEAKING,public speaking
F. MECH,f. mech
ARCH - Architecture,arch - architecture
"ARHU-School of Languages, Literatures, and Cultures","arhu-school languages, literatures, and cultures"
ENGE,enge
Biology and Molecular Genetics,biology and molecular genetics
Agricultural Education,agricultural education
"Languages, Literatures, and Cultures","languages, literatures, and cultures"
ENGR-Electrical & Computer Engineering,engr-electrical & computer engineering
ORGANIC CHEMISTRY,organic chemistry
ANALYT. CHEM.,analyt. chem.
Physical Education for Women,physical education for women
"Industrial, Technological","industrial, technological"
General,general
Bacteriology and Pathology,bacteriology and pathology
Graduates,graduates
ECONOMICS AND SOCIOLOGY,economics and sociology
GEN.,gen.
B. German,b. german
C. Spanish,c. spanish
For Advanced Undergraduates,for advanced undergraduates
PouLTRY,poultry
DRAMATIC ART,theater
Textile Science,textile science
Marketing,marketing
TXAP,txap
HIUS,hius
Mechanical and Electrical Engineering,mechanical and electrical engineering
CLASSICS,classics
VETERINARY MEDICINE,veterinary medicine
MATHEMATICS,mathematics
ELL,ell
CE,civil engineering
Pol. Sci,pol. sci
ENTOMOLOGY AND BEE CULTURE,entomology and bee culture
General Engineering,general engineering
FOR,for
BIOCHEMISTRY,biochemistry
Home and Institutional Management,home and institutional management
MICROBIOLOGY,biology
SOC,sociology
GUID,guid
GEN,gen
HoRT,hort
IFSM,ifsm
STUDIO ART,studio art
LENF,lenf
General Education,general education
LATIN,latin
Atmospheric and Oceanic Science,atmospheric and oceanic science
Physical Chemistry,physical chemistry
Business Management,business management
AGRON.,agron.
C. Floriculture,c. floriculture
IST,ist
Occupational Therapy,occupational therapy
University,university
Public Health Science,public health science
HIST - History,hist - history
Str. Des.,str. des.
Military,military
HIFN,hifn
CROPS,crops
"EDSP - Education, Special","edsp - education, special"
Environmental Resources,environmental resources
Human Ecology,human ecology
Radio Television and Film,radio television and film
MKT,mkt
"IME - Engineering, Mechanical","ime - engineering, mechanical"
SOCI,sociology
CLAS - Classics,clas - classics
"NEEE - Engineering, Electrical","neee - engineering, electrical"
Engr,engr
Gen,gen
IT,it
D.H.,d.h.
AH,ah
Pol. Sci.,pol. sci.
Plt Phys,plt phys
Biochem,biochem
L,l
F. E.,f. e.
ENC,enc
Civil & Environmental Engineering,civil & environmental engineering
Art & Art History,art & art history
Environmental Sciences,environmental sciences
NE,ne
"ENEE - Engineering, Electrical","enee - engineering, electrical"
Economics and Business Administration,economics and business administration
AGR. ENG.,agr. eng.
Agricultural Education and Rural Sociology,agricultural education and rural sociology
HoRT.,hort.
For.,for.
Agricultural Sciences,agricultural sciences
PHYSICAL CHEMISTRY,physical chemistry
ORG. CHEM.,org. chem.
FARM MANAGEMENT AND AGRICULTURAL ECONOMICS,farm management and agricultural economics
GEOLOGY AND MINERALOGY,geology and mineralogy
AG. CHEM.,ag. chem.
POL. SCI.,pol. sci.
A.H.,a.h.
GERMANIC LANGUAGES AND LITERATURE,germanic languages and literature
Poultry,poultry
P.S.,p.s.
MECH.,mech.
HISPANIC LANGUAGES AND LITERATURES,hispanic languages and literatures
ROMANCE LANGUAGES AND LITERATURES,romance languages and literatures
CLOTH,cloth
PHYS. CHEM.,phys. chem.
"Engineering, Nuclear","engineering, nuclear"
AGEC,agec
AMST - American Studies,amst - american studies
Avit,avit
CRAFTS,crafts
GENETICS,genetics
PORTUGUESE,portuguese
AGRICULTURE,agriculture
Architecture,architecture
AGNE,agne
PY,py
AS,as
GE,ge
BSC,biology
GEO,geography
Operations Management,operations management
GY,gy
CTD,ctd
AC,ac
PHL,phl
GS,gs
GR,gr
SW,sw
ASL,asl
KIN,kinesiology
COM,com
HY,history
CIS,cis
MAP,map
ANT,ant
NEW,new
Humanities,humanities
Writing,writing
ARH,art history
IBA,iba
HCAN,hcan
CIE,cie
CHS,chs
CRD,crd
BSP,bsp
CSM,csm
HHE,hhe
MIS,mis
POR,por
CHE,che
FL,fl
Addiction and Recovery,addiction and recovery
AEM,aem
Fine Arts,fine arts
NUR,nursing
APR,apr
GN,gn
AMS,ams
ATR,atr
HU,hu
REL,religion
FI,fi
ST,st
EC,ec
GES,ges
TH,th
NCLT,nclt
BCE,bce
BEF,bef
BEP,bep
RHM,rhm
Foreign Languages,foreign languages
Social and Behavioral Sciences,social and behavioral sciences
CH,ch
MC,mc
SP,sp
NUS,nus
MST,mst
MTE,mte
AHE,ahe
LA,la
OM,om
EN,en
BER,ber
SPE,spe
GBA,gba
NHM,nhm
CEE,cee
HD,hd
MUSM,musm
MGT,mgt
FR,fr
BA,business
LS,ls
JCM,jcm
PSC,psc
WS,ws
Foreign Language,foreign language
NSE,nse
Japanese,japanese
CD,cd
CSE,cse
MUE,mue
CL,cl
EDU,edu
DN,dn
RL,rl
CHI,chi
HES,hes
,
SB,sb
DNCA,dnca
ARB,arb
HI,hi
EFHP,efhp
"Foreign Language, Humanities","foreign language, humanities"
W,w
LAS,las
VIET,viet
PH,physics
DR,dr
MUA,music
MS,ms
INTE,inte
TCF,tcf
Human Nutrition,human nutrition
AIL,ail
AY,ay
GRS,grs
SS,ss
Marine Science,marine science
WL,wl
Romance Languages,romance languages
AEL,ael
JN,jn
Studio Art,studio art
Pol Sci,pol sci
Nursing Science,nursing science
THAI,thai
INDO,indo
UH,uh
MLC,mlc
RUS,rus
HCM,hcm
ELI,eli
EXD,exd
LGS,lgs
MIL,mil
BIO,bio
ENV,env
THEA,thea
CRJ,crj
UA,ua
Science,science
Public Policy,public policy
CIP,cip
SWED,swed
KOR,kor
AFS,afs
POL,pol
FIN,fin
FA,fa
MTCH,mtch
Religious Studies,religious studies
JA,ja
Communications,communications
IS,is
Finance (FI),finance (fi)
Arts,art
Environmental Studies,environmental studies
Gender Studies,gender studies
Law,law
Human Development and Family Studies,human development and family studies
ER,er
Honors,honors
Criminal Justice,criminal justice
Soc. Wel. Pol. & Serv.,soc. wel. pol. & serv.
Near East,near east
Spanish (SP),spanish (sp)
Educational Psychology,educational psychology
Materials Engineering,materials engineering
Educational Leadership,educational leadership
Electrical and Computer Engineering,electrical and computer engineering
Social Work,social work
Fin,fin
Environmental Policy,environmental policy
Instructional Technology,instructional technology
Educational Foundations,educational foundations
Astrophysics,astrophysics
POPH,poph
LAW,law
Norwegian,norwegian
Vietnamese,vietnamese
Soc Work,soc work
Physics (PH),physics (ph)
New College,new college
CBH,cbh
Speech Language Pathology,speech language pathology
Higher Education,higher education
Reading Education,reading education
Jewish Studies,jewish studies
GRADUATE,graduate
Swahili,swahili
Swedish,swedish
General Chemistry,general chemistry
Elementary Education,elementary education
Communication Studies,communications
CURRICULUM AND INSTRUCTION,curriculum and instruction
CHEMICAL AND BIOLOGICAL ENGINEERING,chemical and biological engineering
Leadership,leadership
COUNSELOR EDUCATION,counselor education
Geological Sciences (GEO),geological sciences (geo)
POLISH,polish
NS,ns
PHYSICS (PH),physics (ph)
Dutch,dutch
WOMEN'S STUDIES (WS),women's studies (ws)
UFE,ufe
Cultural Studies,cultural studies
SOCW,socw
Human Development and Family Studies (HD),human development and family studies (hd)
General Business,general business
GERMAN (GN),german (gn)
EPR,epr
EH,english
ECG,ecg
ARS,ars
AAS,aas
THR,theater
MU,music
PE,physical education
EEC,eec
DCS,dcs
HIM,him
BME,biomedical engineering
NMT,nmt
HPE,hpe
EDF,edf
EDT,edt
ECY,ecy
BY,by
AHS,ahs
International Studies,international studies
Urban Affairs,urban affairs
Justice Sciences,justice sciences
MUP,mup
Marine Environmental Science,marine environmental science
African American Studies (AAS),african american studies (aas)
MG,mg
GER,ger
HE,he
QM,qm
ITS,its
EHS,ehs
ECT,ect
MK,mk
FN,fn
MESC,mesc
International Business,international business
STH,sth
ES,es
Counseling,counseling
Marketing (MK),marketing (mk)
MA,ma
JPA,jpa
NBL,nbl
IB,ib
EMS,ems
LT,lt
UHP,uhp
Gerontology,gerontology
MSE,mse
ELC,elc
Music Performance,music performance
FLL,fll
SPA,spa
ARA,ara
ITL,itl
CT,ct
EGR,egr
Group Studies,group studies
Individual Studies,individual studies
"Arts, College of the","arts, college the"
Arts and Sciences,arts and sciences
LAWS,laws
EALC,ealc
Architectural Engineering,architectural engineering
Honors College,honors college
TE,te
College of Engineering,college engineering
English (EN),english (en)
"Secondary Curriculum, Teaching and Learning (CSE)","secondary curriculum, teaching and learning (cse)"
Art History,art history
Astron,astron
American Studies,american studies
Mass Communication,mass communication
Gender and Sexuality Studies,gender and sexuality studies
General Studies,general studies
History (HY),history (hy)
Educ,education
College of Arts and Sciences,college arts and sciences
Music Education,music education
New,new
University Honors,university honors
Biol,biology
HSCI,hsci
Language Arts,language arts
Hispanic Studies,hispanic studies
Literature,literature
AT,at
EPOB,epob
MFE,mfe
Biological Sciences,biology
C&I,c&i
HDFS,human development
Research Methods,research methods
SYST,syst
Physics and Astronomy,physics
Atmospheric Sciences,atmospheric sciences
Aviation,aviation
Consumer Sciences,consumer sciences
B. Ed,b. ed
SURVEYING,surveying
Ent,ent
For,for
MODERN LANGUAGES,modern languages
Hydrology,hydrology
Food and Nutrition,food and nutrition
PLS,pls
Civil and Environmental Engineering,civil and environmental engineering
Computer Engineering,computer engineering
Oratory,oratory
Academic Education and Rural Life,academic education and rural life
COLLEGE OF MILITARY SCIENCE,college military science
N. Ed.,n. ed.
PLT PHYS,plt phys
PLT,plt
H. 101,h. 101
PoL. Sci.,pol. sci.
P. S.,p. s.
Industrial Chemistry,industrial chemistry
AERONAUTICAL ENGINEERING,aeronautical engineering
Geog.,geog.
HEALTH,health
HUMAN DEVELOPMENT,human development
Clothing,clothing
Liberal Studies,liberal studies
Geometry and Topology,geometry and topology
Biological Science,biological science
GREE,gree
African American Studies,african american studies
C,other
Comm,communications
Physical Medicine and Rehabilitation,physical medicine and rehabilitation
Physical Therapy,physical therapy
Information Studies,information studies
BM,bm
BE,be
Health and Exercise Science,health and exercise science
Materials Science,materials science
Lighting,lighting
School Psychology,school psychology
Counselor Education,counselor education
EDVT,edvt
Global Health,global health
Matl,matl
ET,et
Printing,printing
Turkish,turkish
Astronautics,astronautics
AR,ar
N/A,n/a
Human Geography,human geography
Res Physical Geog,res physical geog
LINGUISTICS,linguistics
Min. E.,min. e.
NH,nh
HIS,his
Undergraduate Catalog,undergraduate catalog
Cartography,cartography
Metallurgical Engineering,metallurgical engineering
GM,gm
Management Information Systems,management information systems
Mechanical,mechanical
Animal Science,animal science
"History, Foreign","history, foreign"
ETME,etme
"Engineering, Mechanical","engineering, mechanical"
Institute of Criminal Justice and Criminology,institute criminal justice and criminology
Technical Drawing,technical drawing
EDSF,edsf
Institute for Urban Studies,institute for urban studies
Recreation,recreation
Agricultural and Extension Education,agricultural and extension education
Art Studio,art studio
Air Science,air science
Urban Studies,urban studies
Applied Design,applied design
Hearing and Speech Sciences,hearing and speech sciences
Engineering Technology,engineering technology
Engineering Science,engineering science
"Education, Special","education, special"
Military Studies,military studies
Engineering Sciences,engineering sciences
P. T.,p. t.
Path,path
Anat,anat
Art Education,art education
E. S.,e. s.
Special Education,special education
"Food, Nutrition, and Institution Management","food, nutrition, and institution management"
Science Education,science education
TEXTILES AND CLOTHING,textiles and clothing
Ind,ind
G and P,g and p
Eng. Lang. and Lit.,eng. lang. and lit.
Nuclear Engineering,nuclear engineering
"Near Eastern, Judaic, and Hellenic Languages and Literatures","near eastern, judaic, and hellenic languages and literatures"
EDCD,edcd
Management Science/Statiatica,management science/statiatica
IDEA,idea
Animal Sciences,animal sciences
Chemical and Biomolecular Engineering,chemical and biomolecular engineering
NURS,nursing
Vet med,vet med
Vocational Education,vocational education
Welding Engineering,welding engineering
ARHU-Art,arhu-art
P.T.,p.t.
Comp. Lit.,comp. lit.
Foreign Languages and Literature,foreign languages and literature
Home and Institution Management,home and institution management
Classical Languages and Literature,classical languages and literature
Industrial Arts Education,industrial arts education
Automotive Technology,automotive technology
Metals,metals
Metallurgical,metallurgical
Government,government
Air Force ROTC,air force rotc
Public Administration,public administration
Childhood Education,childhood education
C.E,c.e
PHYSIOLOGY,physiology
Welding,welding
C.,c.
Bacteriology and Immunology,bacteriology and immunology
P. E. (Physical Education),p. e. (physical education)
OT,ot
Psy,psychology
Hist,history
Jour.,jour.
Anatomy,anatomy
Industrial and Technical,industrial and technical
Industrisi Arts,industrisi arts
Shorthand,shorthand
Typing,typing
Foundry,foundry
Woodworking,woodworking
Electronics,electronics
Metalwork,metalwork
General Business Education,general business education
"HISTORY, EUROPEAN","history, european"
SLAV - Germanic and Slavic Languages and Literatures,slav - germanic and slavic languages and literatures
Meteorology,meteorology
Optometry,optometry
WOMS,woms
Aerospace,aerospace
CY,cy
Biometrics,biometrics
PRACTICAL ARTS,practical arts
LANGUAGES AND LITERATURE,languages and literature
Military Science and Tactics,military science and tactics
Afro-American Studies,afro-american studies
A R T,a r t
SPEECH,speech
PSCI,psci
Zoo,zoo
Practical Arts,practical arts
Dairy Husbundry,dairy husbundry
Secretarial Training,secretarial training
Comp. Lit,comp. lit
FOR GRADUATES,for graduates
DAIRY TECHNOLOGY,dairy technology
Cr,cr
T. & C.,t. & c.
Food,food
TECM,tecm
AGRICULTURAL EDUCATION AND RURAL LIFE,agricultural education and rural life
H. (History),h. (history)
NURSING EDUCATION,nursing education
V.S.,v.s.
Pharm. Chem.,pharm. chem.
Modern Languages,modern languages
Mech.,mech.
H. 5,h. 5
F. L.,f. l.
H.D. Ed.,h.d. ed.
Library Science Education,library science education
Agriculture (Animal Husbandry),agriculture (animal husbandry)
Criminology,criminology
CROPS AND SOILS,crops and soils
General Home Economics,general home economics
Asian History,asian history
AGRONOMY-CROPS AND SOILS,agronomy-crops and soils
"ENGINEERING, MECHANICAL","engineering, mechanical"
English-GEOGRAPHY,english-geography
ANTHROPOLOGY-ART,anthropology-art
"HEALTH, PHYSICAL EDUCATION, AND RECREATION","health, physical education, and recreation"
MECHANICAL,mechanical
Electrical,electrical
ARTS AND SCIENCES,arts and sciences
BIOLOGY,biology
Dramatic Art,theater
"ENGINEERING, CIVIL","engineering, civil"
Arch E,arch e
Government and Citizenship,government and citizenship
Secondary,secondary
PHARMACY,pharmacy
Mathematics and Statistics,mathematics and statistics
ELECTRICAL A,electrical a
EPS,eps
EMERGENCY MEDICINE,emergency medicine
ND COMPUTER ENGINEERING,nd computer engineering
CIVIL,civil
THEATRE AND DANCE,theatre and dance
UHON,uhon
FAMILY STUDIES,family studies
CHEMIS,chemis
Comparative Politics,comparative politics
ATHL,athl
NSMS,nsms
SCHOOL OF ENGINEERING,school engineering
H AND PLANETARY SCIENCES,h and planetary sciences
PHYC,phyc
AFST,afst
Ensemble,ensemble
CHEMICAL-ENGINEERING,chemical-engineering
Am St,am st
Anth,anthropology
SPEECH COMMUNICATION,speech
COMD,comd
MODERN AND CLASSICAL LANGUAGES,modern and classical languages
MODERN AND CLASSICAL LANGUAGES-MUSIC,modern and classical languages-music
"EDUCATION, GENERAL","education, general"
NUTRITION (NUTR),nutrition (nutr)
ED ADM,ed adm
FINE ARTS,fine arts
Mgt,mgt
Modern and Classical Languages,modern and classical languages
Curriculum,curriculum
PHARMACEUTICAL CHEMISTRY,pharmaceutical chemistry
PHARMACOLOGY,pharmacology
AFRO A,afro a
"ENGINEERING, ELECTRICAL","engineering, electrical"
Crafts and Commercial Art,crafts and commercial art
Biology-Business Administration,biology-business administration
"Health, Physical Education, and Recreation","health, physical education, and recreation"
PENP,penp
SPANISH AND PORTUGUESE,spanish
TRY AND CHEMICAL BIOLOGY,try and chemical biology
Women Studies,women studies
Scho,scho
NATV,natv
Professional Writing,professional writing
PHRM,phrm
EDPY,edpy
PADM,padm
HPER,hper
COMUNICACIÓN Y RELACIONES PÚBLICAS,comunicación y relaciones públicas
American Politics,american politics
FS,fs
"Language, Literacy and Sociocultural Studies","language, literacy and sociocultural studies"
Chemical and Nuclear Engineering,chemical and nuclear engineering
Nuclear Chemical Engineering,nuclear chemical engineering
MGMT,business
WST,wst
EDP,edp
Sport Management,sport management
Exercise Science,exercise science
PSY,psychology
PT,physical therapy
Mgmt,business
IN,in
OLIT,olit
POLS,political science
Naval Science,naval science
ECME,ecme
HEALTH SCIENCES CENTER,health sciences center
LABORATORY SCIENCES,laboratory sciences
RELG,relg
Teacher Education,teacher education
Nutrition and Dietetics,nutrition and dietetics
RADS,rads
Biomedical Science,biomedical science
HED,hed
Nutrition (NUTR),nutrition (nutr)
Theatre and Dance,theatre and dance
IG,ig
College of Education,college education
TY AND REGIONAL PLANNING,ty and regional planning
Interdisciplinary Studies,interdisciplinary studies
EARTH,earth
ECH AND HEARING SCIENCES,ech and hearing sciences
SOCIOCULTURAL STUDIES,sociocultural studies
WOST,wost
Planning,planning
SPEI,spei
ECH,ech
Economics (ECON),economics (econ)
EMT,emt
Pharm,pharm
RELIGIOUS STUDIES,religious studies
BIOC,bioc
KINES,kines
MPH,mph
EART,eart
"Language, Literacy AI","language, literacy ai"
ARCHITECTURE AND PLANNIN,architecture and plannin
ND SOCIOCULTURAL STUDIES,nd sociocultural studies
Philosophy (PHIL),philosophy (phil)
Clinical Ultrasound Technology,clinical ultrasound technology
BUSINESS TECHNOLOGY,business technology
Med Tech,med tech
Med Sc,med sc
CHEMI,chemi
ENGR-F,engr-f
Radiologic Sciences,radiologic sciences
EECE,eece
GRADUATE COURSES,graduate courses
ART ST,art st
MUSIC THEORY,music theory
Medical Technology,medical technology
PubAd,pubad
COLLEGE OF EDUCATION,college education
Medical Science,medical science
Economic Anthropology,economic anthropology
General Honors,general honors
Physcs,physcs
W ST,w st
Speech Pathology,speech pathology
Neurology,neurology
EM/LS,em/ls
Parks and Recreation,parks and recreation
Communi,communi
Chinese (CHIN),chinese (chin)
SPANISH AMERICAN LITERATURE,spanish american literature
ART HISTORY,art history
Ch-NE,ch-ne
RTV,rtv
G,g
SCHOOL OF MEDICINE,school medicine
Medical Sciences,medical sciences
Medical Physics,medical physics
Industrial Education/Occupational Education,industrial education/occupational education
MUSIC EDUCATION (MUS ED),music education (mus ed)
CRP,crp
BIOCHM,biochm
TOE,toe
ETHNOLOGY,ethnology
SOM,som
RST,rst
RT,rt
PHYSICAL EDUCATION (P E-NP),physical education (p e-np)
Bus SP,bus sp
ID COMPUTER ENGINEERING,id computer engineering
COLLEGE OF ENGINEERING,college engineering
CIMTE,cimte
C S,c s
QC,qc
OLS OF MANAGEMENT,ols management
Molecular Biology,molecular biology
Development,development
Cell Biology,cell biology
Dental Hygiene,dental hygiene
German Studies,german studies
Art Hi,art hi
Ling,linguistics
Archeology,archeology
Biological Anthropology,biological anthropology
Nuclear Medicine Technology,nuclear medicine technology
JOURN,journ
Real Estate,real estate
Russian (RUSS),russian (russ)
INTERNATIONAL POLITICS,international politics
ARCHITECTURE,architecture
Pharmaceutics,pharmaceutics
MANAGEMENT,business
CH-NE,ch-ne
ARCHITECTURE AND PLANNING,architecture and planning
Performing Arts,performing arts
RECREA,recrea
"LINGUISTICS, PHILOLOGY, AND METHODOLOGY","linguistics, philology, and methodology"
Art Ed,art ed
COMPARATIVE POLITICS,comparative politics
CLIN S,clin s
Asian Studies,asian studies
FILM/TELEVISION,film/television
NUTRI,nutri
Speech and Hearing,speech and hearing
Medical Laboratory Sciences,medical laboratory sciences
Human Service,human service
THEATRE ARTS,theatre arts
HISTORY AND LITERATURE,history and literature
OCC ED,occ ed
Piano,piano
M ATHEMATICS AND STATISTICS,m athematics and statistics
Medical Biology,medical biology
"EDUCATION, SECONDARY","education, secondary"
M U S I C,m u s i c
NAVAL SCIENCE,naval science
BIOLOGY-BUSINESS ADMINISTRATION,biology-business administration
Organ,organ
BS,bs
"E N G I N E E R I N G,  C I V I L I","e n g i n e e r i n g,  c i v i l i"
L A W,l a w
Modern and Classical Languages - Music,modern and classical languages - music
"EDUCATION, GUIDANCE AND SPECIAL EDUCATION","education, guidance and special education"
PHYSICAL EDUCATION & RECREATION,physical education & recreation
EDEC,edec
P H I L O S O P H Y,p h i l o s o p h y
ART HISTORY AND CRITICISM,art history and criticism
"EDUCATION, HEALTH, PHYSICAL EDUCATION & RECREATION","education, health, physical education & recreation"
STUDIO,studio
ELECTRICAL,electrical
"HEALTH, PHYSICAL EDUCATION AND RECREATION","health, physical education and recreation"
COMPARATIVE LITERATURE,comparative literature
DENTAL HYGIENE,dental hygiene
COMPUTING SCIENCE,computing science
P HYSICS AND ASTRONOM Y,p hysics and astronom y
"EDUCATION, GUIDANCE & SPECIAL EDUCATION","education, guidance & special education"
JOURNALISM-LAW,journalism-law
INDUSTRIAL ARTS,industrial arts
ELECTRICAL-ENGINEERING,electrical-engineering
ENGINEERING,engineering
IA,ia
GENERAL STUDIES,general studies
English-Philosophy,english-philosophy
BUSINESS EDUCATION,business education
"EDUCATION, EDUCATION ADMINISTRATION","education, education administration"
"EDUCATION, EDUCATIONAL FOUNDATIONS","education, educational foundations"
ARCHITECTURE-ART,architecture-art
ASTRONOMY,astronomy
"ETHNOLOGY, GENERAL","ethnology, general"
ENVE,enve
CIVE,cive
Chemical,chemical
Ed.D.,ed.d.
COMP,comp
PA,pa
MMUNICATION & JOURNALISM,mmunication & journalism
272,272
Nursing (NURS),nursing (nurs)
Religion,religion
Art Education (ARTE),art education (arte)
A,a
CINEMATIC ARTS,cinematic arts
EALTHSCHE,ealthsche
Earth and Planetary Sciences,earth and planetary sciences
COLLEGE OF NURSING,college nursing
PROFESSIONAL,professional
Grad,grad
MILITARY STUDIES,military studies
Child Development,child development
WOMEN STUDIES,women studies
Bio,bio
IONAL PHYSICAL EDUCATION,ional physical education
CON,con
Media Arts,media arts
OR,or
ID,id
SPCD,spcd
ARCHAEOLOGY,archaeology
Physical Science,physical science
"EDUCATION, ART","education, art"
NUCLEAR ENGINEERING,nuclear engineering
Earth and Environmental Science,earth and environmental science
POL S,pol s
Biomedical Sciences Core and Program,biomedical sciences core and program
Earth and Planetary Sciences (EPS),earth and planetary sciences (eps)
Toxicology,toxicology
Health Services,health services
PSE,pse
Jour,journalism
ChNE,chne
Clinical Psychology,clinical psychology
Developmental Psychology,developmental psychology
BIOMEDICAL SCIENCES,biomedical sciences
Army ROTC,army rotc
Acting,acting
Design,design
FICULTURAL TEACHER EDUCATION,ficultural teacher education
EME,eme
Probability and Statistics,probability and statistics
Jazz Studies,jazz studies
LIT,lit
Speech and Hearing Sciences,speech and hearing sciences
SHS,shs
Landscape Architecture,landscape architecture
Nuclear Materials Engineering,nuclear materials engineering
A&S,a&s
DSGN,dsgn
Athletic Training,athletic training
AMERICAN STUDIES,american studies
DH,dh
AER,aer
Deaf Studies,deaf studies
Art Studio (ARTS),art studio (arts)
PEN,pen
COE,coe
EDUCATIONAL TECHNOLOGY,educational technology
Strings,strings
Brass,brass
Woodwinds,woodwinds
EDUCATIONAL LEADERSHIP,educational leadership
Classical Studies,classical studies
Italian (ITAL),italian (ital)
Poli Sci,poli sci
Language,language
CHEMICAL,chemical
Film,film
Unknown,unknown
Health Sciences Center,health sciences center
Statistics (STAT),statistics (stat)
PSYCHOLOGY-SOCIOLOGY,psychology-sociology
GREEK AND LATIN,greek and latin
ERM,erm
Practical Mechanics,practical mechanics
Railway Engineering,railway engineering
Natural History,natural history
Hygiene and Sanitation,hygiene and sanitation
Hygiene,hygiene
HYGIENE,hygiene
"Education, Secondary","education, secondary"
Staff,staff
GROUP III,group iii
Sociology-Speech,sociology-speech
SCHOOL ADMINISTRATION,school administration
GOVERNMENT AND CITIZENSHIP,government and citizenship
Engl,english
MATHEMATICS AND ASTRONOMY,mathematics and astronomy
MLL,mll
ELEMENTARY EDUCATION,elementary education
Secondary Education,secondary education
Greek and Latin,greek and latin
Social Studies,social studies
Histology,histology
Letters and Science,letters and science
EDUCATIONAL PSYCHOLOGY,educational psychology
EDUCATIONAL ADMINISTRATION,educational administration
DEPARTMENT OF DRAMATIC ART,theater
Physical Education and Health,physical education and health
FOLKLORE,folklore
AN,an
DEPARTMENT OF ENGINEERING,engineering
Modern Languages and Literatures,modern languages and literatures
DEPARTMENT OF CIVIL ENGINEERING,civil engineering
Plant Biology,plant biology
Fire Protection Engineering,fire protection engineering
Criminal Justice and Criminology,criminal justice and criminology
PRACTICAL ART AND CRAFTS,practical art and crafts
SECRETARIAL TRAINING,secretarial training
LANGUAGES,languages
"HISTORY, AMERICAN","history, american"
ECONOMICS; EDUCATION,economics; education
Languages and Literature,languages and literature
MILITARY SCIENCE,military science
"Personnel, Labor, Transportation","personnel, labor, transportation"
"Science, Technological, and Vocational","science, technological, and vocational"
Foreign Language Education,foreign language education
Instruction,instruction
GOVERNMENT AND POLITICS,government and politics
Agronom,agronom
AGRICULTURAL EDUCATION,agricultural education
Soil and Watershed Science,soil and watershed science
Plant Science and Landscape Architecture,plant science and landscape architecture
FIRE PROTECTION,fire protection
AIR SCIENCE,air science
Rec. ,rec.
Sp. ,sp.
Special Studies,special studies
Microb,microb
P.H.,p.h.
Graphic Communications,graphic communications
Special Topics,special topics
Ceramics,ceramics
Metalworking,metalworking
Student Teaching,student teaching
"Physical Education, Health and Recreation","physical education, health and recreation"
B.Ed.,b.ed.
Psy.,psy.
Inorganic Chemistry,inorganic chemistry
Soil Science,soil science
Clothing and Textiles,clothing and textiles
VETERINARY SCIENCE,veterinary science
"P. E. (PHYSICAL EDUCATION, RECREATION AND HEALTH)","p. e. (physical education, recreation and health)"
School of Nursing,school nursing
Ch.E.,ch.e.
FORESTRY,forestry
EN CH,en ch
AGR. ENGR.,agr. engr.
Agriculture and Engineering,agriculture and engineering
Food Science,food science
EN EE,en ee
F.L.,f.l.
Morph. & Myc.,morph. & myc.
Morp. & Myc.,morp. & myc.
IND. ED.,ind. ed.
H.A.D.,h.a.d.
A. D.,a. d.
Dairy Science,dairy science
Hyd,hyd
EN CE,en ce
Phys. Chem.,phys. chem.
A. L.,a. l.
Hwys,hwys
Modern Languages and Literatures - French,modern languages and literatures - french
Ind. Chem.,ind. chem.
Agricultural Chemistry,agricultural chemistry
Gen'l Chem.,gen'l chem.
CLO,clo
TEX,tex
R. ED.,r. ed.
EN ME,en me
MUSIC EDUCATION,music education
R. ED,r. ed
AEROSPACE ENGINEERING,aerospace engineering
HEA,hea
BOT,bot
ECEED,eceed
MUS ED,mus ed
SP. ED.,sp. ed.
MUS. ED.,mus. ed.
COMP. LIT.,comp. lit.
I. A.,i. a.
Eceed,eceed
APPLIED MUSIC,applied music
ARABIC,arabic
JAPANESE,japanese
P.A.,p.a.
Metallurgical Option,metallurgical option
National Security Policy Studies,national security policy studies
ESM,esm
Neurosciences,neurosciences
Asian and East European Languages and Literatures,asian and east european languages and literatures
Theater,theater
Geological Sciences,geological sciences
Interdepartmental,interdepartmental
Agriculture (A. H.),agriculture (a. h.)
Aero.,aero.
Ch. E,ch. e
Behavioral and Social Sciences,behavioral and social sciences
Applied Mathematics and Scientific Computation Program,applied mathematics and scientific computation program
Arabic Studies,arabic studies
"Physical Education, Recreation and Health","physical education, recreation and health"
IE,ie
BUSINESS,business
AERONAUTICAL SCIENCES,aeronautical sciences
MECHANICS,mechanics
Military Science and Air Force R.O.T.C.,military science and air force r.o.t.c.
PHYS ED,phys ed
Agric,agric
Puppetry,puppetry
Aero,aero
"PHYSICAL EDUCATION, RECREATION  AND IEALTH","physical education, recreation  and iealth"
Fire Safety,fire safety
Edit,edit
LATN - Latin,latn - latin
Agricultural and Resource Economics,agricultural and resource economics
Fm&Hu Dv,fm&hu dv
International,international
"EDUC-Counseling, Higher Education and Special Education","educ-counseling, higher education and special education"
Landscape Gardening,landscape gardening
PIT. PHYS,pit. phys
Veterinary Medicine,veterinary medicine
Ancient Languages and Philosophy,ancient languages and philosophy
COMMERCE,commerce
General Botany,general botany
Bacteriology and Sanitation,bacteriology and sanitation
ANALYTICAL CHEM,analytical chem
Plant Physiology and Bio-Chemistry,plant physiology and bio-chemistry
CoM,com
PLT. PHYs.,plt. phys.
Rural Organization,rural organization
Pharmaceutical Sciences,pharmaceutical sciences
En,en
PHY,phy
PATH,path
ART.,art.
FooDs,foods
"Physical Education, Recreation, and Health","physical education, recreation, and health"
A.D.,a.d.
CR,cr
H. D. ED.,h. d. ed.
REC,rec
ANAT,anat
INDUSTRIAL CHEMISTRY,industrial chemistry
ANALYTICAL CHEMISTRY,analytical chemistry
GEN. BOT.,gen. bot.
PoL. Sc. (Political Science),pol. sc. (political science)
VOCATIONAL EDUCATION,vocational education
Modern Language and Literature,modern language and literature
ARTS AND SCIENCE EDUCATION,arts and science education
GK,gk
Physics Chem.,physics chem.
F.E.,f.e.
AGR,agr
HOME MANAGEMENT,home management
Radio,radio
Art History and Archaeology,art history and archaeology
"Curriculum, Instruction, and Observation","curriculum, instruction, and observation"
Industrial Technology and Occupational Education,industrial technology and occupational education
NSP,nsp
MKTG,mktg
Speech and Drama,speech and drama
Geochemistry,geochemistry
Communication and Journalism,communication and journalism
Modern European Languages,modern european languages
AGE,age
Human Behavior,human behavior
P.E. or Rec. and Health,p.e. or rec. and health
D. Organic Chemistry,d. organic chemistry
"PHYSICAL EDUCATION, HEALTH AND RECREATION","physical education, health and recreation"
FARM POULTRY,farm poultry
BREEDS AND SCORING,breeds and scoring
FARM MACHINERY,farm machinery
FERTILIZERS,fertilizers
Agriculture and Horticulture,agriculture and horticulture
Political Economy,political economy
Woodwork,woodwork
English Literature,english literature
American Literature,american literature
P. E. and Recreation,p. e. and recreation
AGRICULTURAL ECONOMICS AND MARKETING,agricultural economics and marketing
Bus. Adm.,bus. adm.
Housing and Applied Design,housing and applied design
"Engineering, Aerospace","engineering, aerospace"
Animl Sc,animl sc
SPAN - Spanish,span - spanish
Poultry (P. H.),poultry (p. h.)
"ENAE - Engineering, Aerospace","enae - engineering, aerospace"
CLASSICAL LANGUAGES AND LITERATURES,classical languages and literatures
College of Agriculture,college agriculture
SUR,sur
CHENISTRY,chenistry
Art and Science,art and science
Agric. Engr.,agric. engr.
Aerospace Science,aerospace science
Poultry Hygiene,poultry hygiene
FOREIGN LANGUAGES AND LITERATURE,foreign languages and literature
Agricultural Economics and Farm Management,agricultural economics and farm management
"DAIRY, HUSBANDRY","dairy, husbandry"
P. & G.,p. & g.
BUSINESS AND FUELIC ADMINISTRATION,business and fuelic administration
FOODS AND NUTRITION,foods and nutrition
"Bacteriology, Food Technology","bacteriology, food technology"
LAND,land
VEG,veg
Information Systems,information systems
GERM -- Germanic Studies,germ -- germanic studies
Nur.,nur.
Agronomy and Soils,agronomy and soils
Chem. E.,chem. e.
P. A.,p. a.
ARTS CRAFTS,arts crafts
Bus,bus
"Agricultural Engineering, Farm Management","agricultural engineering, farm management"
F. Tech.,f. tech.
Geol.,geol.
"BACTEROLOGY, FOOD TECHNOLOGY","bacterology, food technology"
DIVISION OF SOILS,soils
FOODS,foods
RADIOLOGY,radiology
PSYCHIATRY,psychiatry
Ophthal,ophthal
MILITARY SCIENCE AND AIR FORCE R.O.T.C.,military science and air force r.o.t.c.
"PHYSICAL EDUCATION, RECREATION  AND HEALTH","physical education, recreation  and health"
Nurs.,nurs.
G.&P.,g.&p.
R.Ed.,r.ed.
AV,av
Air Force,air force
HNRS,hnrs
MCLL,mcll
MILS,mils
CI - Curriculum and Instruction,ci - curriculum and instruction
HP,hp
SCWK,scwk
HPS,hps
ENTR,entr
CAS,cas
ACCT,accounting
CLES,cles
MLS,mls
MART,mart
IME,ime
CI,ci
AE - Aerospace Engineering,ae - aerospace engineering
TAP,tap
CESP,cesp
EL,el
MBA,mba
HA,ha
CSD,csd
PHS,phs
DS,ds
HHP,hhp
EMBA,emba
ETHS,eths
RE,re
SMGT,smgt
EEPS,eeps
BLAW,blaw
Art and Design,art and design
ARTG,artg
ARTF,artf
ISLE,isle
LASI,lasi
HS,hs
Undisclosed,undisclosed
SPED,sped
BADM,badm
HRM,hrm
MUSA,musa
ENGT,engt
D 16,d 16
MUSIC PERFORMANCE,music performance
H 19,h 19
Span,spanish
Communicative Disorders,communicative disorders
GD,gd
HAE,hae
PER,per
A 27,a 27
Aviation Management,aviation management
Health Science,health science
CDS,cds
Personnel,personnel
Water Resources and Environmental,water resources and environmental
"Finance, Real Estate, and Decision Sciences","finance, real estate, and decision sciences"
German (GERM),german (germ)
LIBERAL ARTS AND SCIENCES,liberal arts and sciences
HMCD,hmcd
GERO,gero
MEDT,medt
FRE,fre
ME - Mechanical Engineering,me - mechanical engineering
CHEN,chen
AGSM,agsm
PC,pc
Cl - Curriculum and Instruction,cl - curriculum and instruction
AOE,aoe
Graphic Design,graphic design
WSUA,wsua
Hnrs,hnrs
Wom. S.,wom. s.
Geron,geron
Thea,thea
Anthr,anthr
Min. S.,min. s.
Theater Arts,theater
Film Studies,film studies
EAS,eas
Accountancy,accountancy
Business Law,business law
UR,ur
Art H,art h
Entrepreneurship,entrepreneurship
Graduate Studies,graduate studies
Decision Sciences,decision sciences
HSD,hsd
LISH,lish
Counseling and Education,counseling and education
HSOP,hsop
Educational Administration,educational administration
Sc. Wk.,sc. wk.
COLLEGE,college
Industrial Engineering,industrial engineering
ANDSCIENCES/ NOMEN'S STUDIES,andsciences/ nomen's studies
MT,mt
AL ARTS AND SCIENCES/STATISTICS,al arts and sciences/statistics
Art E,art e
Musicology-Composition,musicology-composition
Health Professions/Nursing,health professions/nursing
P. Adm.,p. adm.
ISSE,isse
Anthro,anthro
Counseling and School Psychology,counseling and school psychology
SA,sa
Health F,health f
A 18,a 18
Biol.,biol.
Administration of Justice,administration justice
Mgmt.,mgmt.
Busi,busi
Spch,spch
EGE OF FINE ARTS/MUSIC EDUCATION,ege fine arts/music education
Fr.,fr.
ISEE,isee
Independent Study,independent study
EDUCATION/PHYSICAL EDUCATION,education/physical education
"Finance, Real Estate and Decision Sciences","finance, real estate and decision sciences"
EDUCATION/INDUSTRIAL TECHNOLOGY,education/industrial technology
Studio Arts,studio arts
Languages,languages
HEALTH PROFESSIONS/GERONTOLOGY,health professions/gerontology
AJ,aj
Education/Instructional Services,education/instructional services
Sculpture,sculpture
Minority Studies,minority studies
MUSICOLOGY-COMPOSITION,musicology-composition
ORLA,orla
Respiratory Therapy,respiratory therapy
BIOLOGICAL SCIENCES,biology
Ed. Psych.,ed. psych.
H 14,h 14
PROFESSIONS/MEDICAL TECHNOLOGY,professions/medical technology
P,p
Business/Decision Sciences,business/decision sciences
Foundations of Education,foundations education
Instructional Services,instructional services
HEALTH PROFESSIONS/NURSING,health professions/nursing
Radio-Television-Film,radio-television-film
Ling.,ling.
CSP,csp
ISS,iss
ISSP,issp
Acctg,acctg
Printmaking,printmaking
FAIF,faif
Communication Disorders,communication disorders
Ger,ger
Fr,fr
Industrial Tech,industrial tech
Geclogy,geclogy
HEALTH PROFESSIONS,health professions
Rel.,rel.
Graduate,graduate
A 14,a 14
EDUCATION/COMMUNICATIVE DISORDERS,education/communicative disorders
AF,af
MF,mf
A 26,a 26
Africana Studies,africana studies
Admin,admin
Pediatrics,pediatrics
D 21,d 21
Communicative Disorders and Sciences,communicative disorders and sciences
Audiology,audiology
East Asia,east asia
T,t
D 12,d 12
SBIELLS ALIBORING SOUTH SUBLE,sbiells aliboring south suble
OF FINE ARTS,fine arts
Linquistics,linquistics
COLLEG,colleg
Geron.,geron.
Elementary,elementary
MME,mme
Comm.,comm.
Rhetoric and Communication,rhetoric and communication
A 29,a 29
D,d
BUSINESS ADMINISTRATION/MARKETING,business administration/marketing
ISLS,isls
Mus. - Comp.,mus. - comp.
Nuclear,nuclear
Accounting (ACCT),accounting (acct)
B,b
Hewth Badfess2,hewth badfess2
Mkt.,mkt.
KSS,kss
Urban Planning,urban planning
Acctg.,acctg.
Performance,performance
Legal Assistant Program,legal assistant program
E OF EDUCATION/PHYSICAL EDUCATION,e education/physical education
Bus Admin,bus admin
Computer Sciences,computer sciences
SOCWRK,socwrk
GE OF HEALTH PROFESSIONS/NURSING,ge health professions/nursing
BIO SCIENCES,bio sciences
PRODUCTION AND OPERATIONS MANAGEMENT,production and operations management
Administration/Decision Sciences,administration/decision sciences
ISEN - Indust & Systems Engr (ISEN),isen - indust & systems engr (isen)
ESET,eset
COSC,cosc
MARE,mare
IBUS,ibus
MAST,mast
SCSC,scsc
MASE,mase
DASC,dasc
CYBR,cybr
ESSM,essm
SENG,seng
Seminar,seminar
HUMA,huma
BAEN,baen
WGST,wgst
EURO,euro
URPN,urpn
RENR,renr
SCEN,scen
LDEV,ldev
CVEN,civil engineering
PETE,pete
TEFB,tefb
FRSC,frsc
MEEN,meen
BICH,bich
MARA,mara
BIMS,bims
GEOS,geos
THAR,thar
BMEN,bmen
CV,cv
VIST,vist
VLCS,vlcs
POSC,posc
WFSC,wfsc
VTPB,vtpb
RDNG,rdng
OCEN,ocen
LANG,lang
AERO,aero
MUSI,music
ENTO,ento
IDIS,idis
ATMO,atmo
Geo,geography
Guidance,guidance
Special Studies in Education,special studies in education
Mkt,mkt
Speech and Language Pathology,speech and language pathology
Early Childhood Education,early childhood education
ADMINISTRATION OF JUSTICE,administration justice
Health Services Research,health services research
HP - Health Professions,hp - health professions
Bio S,bio s
Cl,cl
ASIAN,asian
I,i
Health Professions,health professions
MED,med
MLT,mlt
AIS,ais
IAR,iar
ANTHR,anthr
MED T,med t
GERON,geron
IEN,ien
ENTRE,entre
MUS E,mus e
SC WK,sc wk
P ADM,p adm
ART H,art h
ART S,art s
ETH S,eth s
ETH,eth
FT,ft
PI,pi
MFG E,mfg e
ART E,art e
WOM S,wom s
Human Resource Management,human resource management
ADM,adm
MUS C,mus c
ENGI,engi
B LAW,b law
MUS P,mus p
LAS-I,las-i
ITec,itec
WOM,wom
LEGAL,legal
Administration and Supervision,administration and supervision
H.18,h.18
SPN,spn
Med. T.,med. t.
Art S,art s
Legal,legal
Art S.,art s.
Fine Arts/Art and Design,fine arts/art and design
Gen Ed,gen ed
Gov,gov
Politics,politics
ART G,art g
JAPAN,japan
EM,em
ICT,ict
GL,gl
Curriculum and Instruction (CI),curriculum and instruction (ci)
Ethnic Studies,ethnic studies
Modern and Classical Languages and Literatures: German (GERM),modern and classical languages and literatures: german (germ)
OC,oc
RS,rs
Acct,accounting
FOMETDE HTT AFF YEAR FLEWILL PLE,fometde htt aff year flewill ple
E OF FINE ARTS/MUSIC EDUCATION,e fine arts/music education
Division B,b
Ind. Tech.,ind. tech.
OFESSIONS/RESPIRATORY THERAPY,ofessions/respiratory therapy
Pers,pers
Germ,german
AerE,aere
Applied Music,applied music
INDUSTRIAL TECHNOLOGY,industrial technology
FCON,fcon
SICAL EDUCATION AND RECREATION,sical education and recreation
Pol. S.,pol. s.
Industrial and Manufacturing Engineering,industrial and manufacturing engineering
Communication Sciences,communication sciences
Art E.,art e.
IN/CURRICULUM AND INSTRUCTION,in/curriculum and instruction
OFESSIONS/PHYSICIAN ASSISTANT,ofessions/physician assistant
ROTC,rotc
COMMUNICATION,communications
H18,h18
Psychy,psychy
Dental,dental
Art F,art f
Fin.,fin.
CHP,chp
"OF EDUCATION/COUNSELING, EDUCATIO","education/counseling, educatio"
MINORITY STUDIES,minority studies
TH PROFESSIONS/GERONTOLOGY,th professions/gerontology
Business/Entrepreneurship,business/entrepreneurship
FAIRMC,fairmc
Curriculum and Instruction - Special Education,curriculum and instruction - special education
B 15,b 15
PROFESSIONS/PHYSICAL THERAPY,professions/physical therapy
INT COLLEGE/POLITICAL SCIENCE,int college/political science
Art G,art g
AUD,aud
Music C,music c
MUSICOLOGY,musicology
Epidemiology,epidemiology
College of Health Professions,college health professions
JRBAN AFFAIRS-CRIMINAL JUSTICE,jrban affairs-criminal justice
LIBERAL ARTS AND SCIENCES/ENG,liberal arts and sciences/eng
POL. Sci,pol. sci
Public Health Sciences,public health sciences
Hematology,hematology
MfgE,mfge
OF HEALTH PROFESSIONS/NURSING,health professions/nursing
LIBERAL,liberal
Music Composition,music composition
Kinesiology and Sport Studies,kinesiology and sport studies
PTA,pta
Upper-Division Courses,upper-courses
Anthr.,anthr.
AND SCIENCES/COMMUNICATION,and sciences/communication
Executive MBA,executive mba
FINE ARTS/MUSIC PERFORMANCE,fine arts/music performance
BARTON,barton
Health Administration,health administration
Art H.,art h.
Fren,french
Mus. C.,mus. c.
HPE&R,hpe&r
MEDICAL TECHNOLOGY,medical technology
Pols,political science
Engl.,engl.
Business/ Legal Assistant,business/ legal assistant
KINESIOLOGY AND SPORT STUDIES,kinesiology and sport studies
LIBE,libe
S,s
NBA,nba
Public Affairs,public affairs
WOMEN'S STUDIES,women's studies
Business/Accounting,business/accounting
Entre,entre
RING/MECHANICAL ENGINEERING,ring/mechanical engineering
Graduate Studies in Business,graduate studies in business
LISH LANGUAGE AND LITERATURE,lish language and literature
Clinical Lab Sci,clinical lab sci
Math/Statistics,math/statistics
ND SCIENCES/COMPUTER SCIENCE,nd sciences/computer science
N/CURRICULUM AND INSTRUCTION,n/curriculum and instruction
CAL AND COMPUTER ENGINEERING,cal and computer engineering
URBAN AFFAIRS GERONTOLOGY,urban affairs gerontology
Med. T,med. t
Russ,russian
GERONTOLOGY,gerontology
L ARTS AND SCIENCES/CHEMISTRY,l arts and sciences/chemistry
HEALTH AND PHYSICAL EDUCATION,health and physical education
Grad Studies,grad studies
HHS,hhs
RAHI,rahi
Sc.Wk.,sc.wk.
IE OF FINE ARTS/PERFORMING ARTS,ie fine arts/performing arts
Educational Administration and Supervision,educational administration and supervision
CEPS,ceps
Mus. E.,mus. e.
Human Factors Psychology,human factors psychology
Liberal Arts,liberal arts
Russian Studies,russian studies
Public Admin,public admin
S AND SCIENCES/ANTHROPOLOGY,s and sciences/anthropology
Commun,commun
F FINE ARTS/MUSIC PERFORMANCE,f fine arts/music performance
Mus. E,mus. e
Admin of Justice,admin justice
MIN,min
Undeclared,undeclared
I. Tec.,i. tec.
Business/Management,business/management
Acct.,acct.
Health Care Administration,health care administration
Psychoology,psychoology
Instructional Services-Special Education,instructional services-special education
Production and Operations Management,production and operations management
Human Service Studies,human service studies
Graphics,graphics
Communication Sciences and Disorders (CSD),communication sciences and disorders (csd)
Communication (COMM),communication (comm)
Mathematics (MATH),mathematics (math)
T&L,t&l
Marketing and Entrepreneurship,marketing and entrepreneurship
Foundations,foundations
Stats,stats
RELIGION,religion
Mathematics and Physics,mathematics and physics
EERING/ AEROSPACE ENGINEERING,eering/ aerospace engineering
ERING/MECHANICAL ENGINEERING,ering/mechanical engineering
Polisci,polisci
LIBERAL ARTS,liberal arts
Medical Microbiology,medical microbiology
EERING/ELECTRICAL ENGINEERING,eering/electrical engineering
LIBERAL ARTS AND SCIENCES/ENGI,liberal arts and sciences/engi
FGSS,fgss
URBAN AFFAI,urban affai
Legal Assistant,legal assistant
Social Welfare,social welfare
School of Business/Real Estate,school business/real estate
Earth and Space Sciences,earth and space sciences
SCI,sci
ARTS AND SCIENCES/PSYCHOLOGY,arts and sciences/psychology
Pol S,pol s
School,school
LIB,lib
TH PROFESSIONS/DENTAL HYGIENE,th professions/dental hygiene
DHY,dhy
LMAS,lmas
ISEN,isen
KINE,kine
FINC,finc
AREN,aren
RPTS,rpts
ITDE,itde
FIVS,fivs
MSEN,msen
BESC,besc
MMET,mmet
GENE,gene
VTPP,vtpp
FSTC,fstc
SPMT,spmt
AERS,aers
MTDE,mtde
MARB,marb
CARC,carc
PERF,perf
RWFM,rwfm
OCNG,ocng
NUEN,nuen
Systems Engineering,systems engineering
CSCE,csce
SCMT,scmt
BUSN,busn
ALED,aled
TEED,teed
INTS,ints
PHLT,phlt
VIBS,vibs
MEPS,meps
PSYC/NRSC,psyc/nrsc
AGSC,agsc
MARS,mars
BEFB,befb
EVEN,even
ASIA,asian studies
ATTR,attr
DCED,dced
UGST,ugst
GEOP,geop
LBAR,lbar
MASC,masc
ENTC,entc
EPSY,epsy
ALEC,alec
AGLS,agls
TCMG,tcmg
DDHS,ddhs
ISTM,istm
AGCJ,agcj
PLPA,plpa
DDDS,ddds
PSAA,psaa
PHAR,phar
VIZA,viza
VMID,vmid
MEMA,mema
SURG,surg
MPED,mped
ECCB,eccb
PHPM,phpm
PERI,peri
PBSI,pbsi
INTA,inta
SOPH,soph
MSCI,msci
VSCS,vscs
ICPE,icpe
EHRD,ehrd
ORTH,orth
CPSY,cpsy
NVSC,nvsc
SOMS,soms
Oceanography,oceanography
Env Eng,env eng
Comparative Studies,comparative studies
Edu P&L,edu p&l
Ele,ele
"Agricultural, Environmeral and Development Economics","agricultural, environmeral and development economics"
Biomed E,biomed e
Speech and Hearing Science,speech and hearing science
Outdoor Pursuits,outdoor pursuits
History of Art,history art
Geol Sci,geol sci
Aeronautical and Astronautical Engineering,aeronautical and astronautical engineering
Environment and Natural Resources,environment and natural resources
Education: Teaching and Learning,education: teaching and learning
City and Regional Planning,city and regional planning
Unspecified,unspecified
Public Policy and Management,public policy and management
Vet Phys,vet phys
Vet A&CB,vet a&cb
Lang,lang
Surgery,surgery
AgSysMgt,agsysmgt
CS&E,cs&e
Weld Eng,weld eng
Computer Science and Engineering,computer science and engineering
J Com,j com
GEC Arts and Hums,gec arts and hums
Evolution,evolution
Rural Sociology,rural sociology
Romance Linguistics,romance linguistics
Txtl&Clo,txtl&clo
PAES,paes
Geodetic Science,geodetic science
Humn Ntr,humn ntr
Graduate School,graduate school
Health Services Management and Policy,health services management and policy
Scandinavian,scandinavian
Slavic and East European Languages and Cultures,slavic and east european languages and cultures
ENR,enr
Education Services,education services
AfAm&ASt,afam&ast
Slavic and East European Studies,slavic and east european studies
Activity and Educational Services,activity and educational services
Languages and Linguistics,languages and linguistics
Edu,edu
Radiologic Sciences and Therapy,radiologic sciences and therapy
Education: Curriculum and Instruction,education: curriculum and instruction
African-American and African Studies,african-american and african studies
Rad Sci,rad sci
Math Ed,math ed
Environmental Health Sciences,environmental health sciences
Biostatistics,biostatistics
"Agricultural, Environmental, and Development Economics","agricultural, environmental, and development economics"
Dentistry,dentistry
Civil Engineer,civil engineer
EXP,exp
EEOB,eeob
Management Sciences,management sciences
MHR,mhr
Yiddish,yiddish
Horticulture and Crop Science,horticulture and crop science
Human Development and Family S,human development and family s
HIMS,hims
U,u
P G,p g
U G,u g
Geod Sci,geod sci
"Ecology, and Organismal Biology","ecology, and organismal biology"
Veterinary Clinical Sciences,veterinary clinical sciences
Vet Path,vet path
Food Science and Technology,food science and technology
Physical Activity and Educational Services,physical activity and educational services
Art Educ,art educ
Mktg,mktg
Bulgarian,bulgarian
Agricultural Systems Management,agricultural systems management
Journal or Comm,journal or comm
Dent,dent
Czech,czech
Public Health: Biostatistics,public health: biostatistics
an-American and African Studies,an-american and african studies
Slavic,slavic
Environment and Natural Resourc,environment and natural resourc
CSCE - Computer Sci & Engr (CSCE),csce - computer sci & engr (csce)
DAEN,daen
COM S,com s
ANES,anes
MEID,meid
OBIO,obio
MPHY,mphy
MHUM,mhum
NEXT,next
IMED,imed
SPSY,spsy
AEGD,aegd
PLAN,plan
PHEO,pheo
TCMT,tcmt
BESL,besl
PROS,pros
LDTC,ldtc
EEBL,eebl
ENDO,endo
OMFS,omfs
Urban and Regional Planning,urban and regional planning
Landscape,landscape
MINING ENGINEERING,mining engineering
SCS,scs
VTMI,vtmi
Materials Science and Engineering,materials science and engineering
BUAD,buad
HPCH,hpch
OMFP,omfp
PHEB,pheb
EDHP,edhp
MRAD,mrad
PEDD,pedd
VPAT,vpat
SSEN,ssen
Allied Medicine,allied medicine
Air Force Aerospace Studies,air force aerospace studies
Neuroscience,neuroscience
Folklore,folklore
Engineering Graphics,engineering graphics
Slavic Languages and Literatures,slavic languages and literatures
MECH ENG,mech eng
Engineering Mechanics,engineering mechanics
Urb Land Arch,urb land arch
Music Theory,music theory
Cptr/Inf,cptr/inf
Journalism and Mass Communication,journalism and mass communication
G 3,g 3
G 5,g 5
Polish,polish
Interprofessional Education,interprofessional education
Ed-T&P,ed-t&p
Natural Resources,natural resources
Genetics,genetics
Veterinary Biosciences,veterinary biosciences
Human Genetics,human genetics
Hebrew Studies,hebrew studies
Persian,persian
Resp Ther,resp ther
Human Development and Family Science,human development and family science
Nisonger Center,nisonger center
Industrial Design,industrial design
Ed-P&L,ed-p&l
Politics and Public Policy,politics and public policy
Rad Tech,rad tech
SE,se
Family and Consumer Sciences,family and consumer sciences
French and Italian,french and italian
Industrial and Systems Engineering,industrial and systems engineering
Medical Dietetics,medical dietetics
Persian Literature,persian literature
Cultural Anthropology,cultural anthropology
Medieval and Renaissance Studies,medieval and renaissance studies
LARCH,larch
Immunology,immunology
"Molecular, Cellular, and Developmental Biology","molecular, cellular, and developmental biology"
Agricultural & Environmental Systems,agricultural & environmental systems
Materials Sci & Eng,materials sci & eng
Mechanical Eng,mechanical eng
"Agricultural, Environmental, and Dev Economics","agricultural, environmental, and dev economics"
PUBHLTH,pubhlth
"Women's, Gender, and Sexuality Studies","women's, gender, and sexuality studies"
AEDEcon,aedecon
VisSci,vissci
Interdisciplinary Group Studies,interdisciplinary group studies
Foreign Study,foreign study
VPA,vpa
Teaching and Learning,teaching and learning
Veterinary Preventive Medicine,veterinary preventive medicine
Higher Educ & Student Affairs,higher educ & student affairs
G V,g v
V,v
MatScEn,matscen
Optom,optom
EduTL,edutl
Meat Science,meat science
Visual Studies,visual studies
Dietetics,dietetics
Medical Laboratory Science,medical laboratory science
AEE,aee
NELC,nelc
Interior Design,interior design
PIntPth,pintpth
EduPL,edupl
Consul,consul
Human Nutrition and Food Management,human nutrition and food management
Survey Research,survey research
Abstract Algebra,abstract algebra
Eng Mech,eng mech
Education and Human Ecology,education and human ecology
Philos,philos
Graduate Group Studies,graduate group studies
Molecular Genetics,molecular genetics
Public Health: Epidemiology,public health: epidemiology
"Agricultural, Environmental, and Dev Econo","agricultural, environmental, and dev econo"
Earth Science,earth science
Sanskrit,sanskrit
EarthSc,earthsc
Edu-P&L,edu-p&l
Agricultural Communication,agricultural communication
Larch,larch
African Studies,african studies
Near Eastern Languages and Cultures,near eastern languages and cultures
NRE,nre
Technical Production,technical production
Food Science and Nutrition,food science and nutrition
Family Relations and Human Development,family relations and human development
Engineering I,engineering i
Comparative Studies in the Humanities,comparative studies in the humanities
Ed-E&M C,ed-e&m c
Ed-F & R,ed-f & r
Ed-HuSer,ed-huser
FCS,fcs
University College,university college
Biophysics,biophysics
Neuropsychology,neuropsychology
Ed-Excep,ed-excep
Preventive Medicine,preventive medicine
Ed-Admin,ed-admin
Language and the Mind,language and the mind
Family Resource Management,family resource management
Consumer Affairs,consumer affairs
Honors Program,honors program
Peace Studies,peace studies
Technology Education,technology education
Technology,technology
Demography,demography
Biomedical Engineering,biomedical engineering
Radiation Physics,radiation physics
Mol Gen,mol gen
Mech Eng,mech eng
Hungarian,hungarian
Accounting and Management,accounting and management
Geology and Mineralogy,geology and mineralogy
Educational Services & Research,educational services & research
Humanties,humanties
Anthrop,anthrop
Ceram En,ceram en
Metal En,metal en
Romanian,romanian
VC,vc
Radiologic Technology,radiologic technology
Ed-Sc&Ma,ed-sc&ma
Geol&min,geol&min
POL SCI,pol sci
Physiological Chemistry,physiological chemistry
INTL,intl
Crop Science,crop science
Family Resource,family resource
Hospital and Health Services Admin,hospital and health services admin
SWK,swk
Interdepartmental Studies,interdepartmental studies
Economic History,economic history
Food Sci,food sci
Veterinary Pathology,veterinary pathology
Romance Studies,romance studies
Allied Health,allied health
Phys Opt,phys opt
FS&T,fs&t
Vet Med,vet med
"Food, Agricultural and Biological Engineering","food, agricultural and biological engineering"
Accounting and Management Information Systems,accounting and management information systems
Slavic Languages,slavic languages
Elec Eng,elec eng
U P G,u p g
PG,pg
Human Nutrition and Food  Management,human nutrition and food  management
Health Information Management and Systems,health information management and systems
Aero Eng,aero eng
Medical Terminology,medical terminology
"Family, Consumer, and Nutrition Sciences","family, consumer, and nutrition sciences"
College of Medicine,college medicine
Allied Medical Professions,allied medical professions
FAM,fam
Environmental Science and Law,environmental science and law
Physical,physical
159,159
Animal Sc,animal sc
Vision Science,vision science
Veterinary,veterinary
AfAmSt,afamst
VA,va
Consumer Science,consumer science
Biomed Informatics,biomed informatics
Biomed Eng,biomed eng
Textl&Clo,textl&clo
ECEI,ecei
Earth Sciences,earth sciences
Asian Languages and Literatures,asian languages and literatures
Community Leadership,community leadership
Applied Sciences,applied sciences
Educational Studies: Special Education,educational studies: special education
SocWork,socwork
WGSSt,wgsst
Microbiology and Immunology,microbiology and immunology
EarthSci,earthsci
Information Management and Systems,information management and systems
AMP,amp
Health and Rehabilitation Sciences,health and rehabilitation sciences
Environmental Engineering,environmental engineering
Hosp Mgt,hosp mgt
Accounting and Information Systems,accounting and information systems
Journalism and Communication,journalism and communication
Fd Sc&Te,fd sc&te
Linguist,linguist
Environment and Natural Resource,environment and natural resource
Bus-Fin,bus-fin
Other,other
Crop and Soil Science,crop and soil science
Business Administration: Management and Human Resources,business administration: management and human resources
SLA,sla
Ukrainian,ukrainian
Physical Activity,physical activity
"Evolution, Ecology, and Organismal Biology","evolution, ecology, and organismal biology"
697,697
ConSysMt,consysmt
Fm Res M,fm res m
Spanish and Portuguese,spanish
Engin,engin
Vet. Prev. Med.,vet. prev. med.
African American and African Studies,african american and african studies
ducational Policy and Leadership,ducational policy and leadership
Chemi,chemi
Hindi,hindi
African-American and African Stu,african-american and african stu
Earth Sci,earth sci
Consumer Sciences: Textiles and,consumer sciences: textiles and
Uzbek,uzbek
Business Admin,business admin
Electrical and Computer Engineer,electrical and computer engineer
Serbo-Croatian,serbo-croatian
Education: E,education: e
Ind Sys Eng,ind sys eng
Agricultural and Extension Educa,agricultural and extension educa
Elem. Ed.,elem. ed.
"Public Affairs, John Glenn College","public affairs, john glenn college"
u G,u g
MCDB,mcdb
Public Health: Health Services Management,public health: health services management
PubHHBP,pubhhbp
VMColl,vmcoll
Construction Systems Management,construction systems management
EDL,edl
"Medicine, College of","medicine, college of"
Accou,accou
Educational,educational
Health and Wellness,health and wellness
East European Languages and Literatures,east european languages and literatures
MechEng,mecheng
ConSci: Hospitality Management,consci: hospitality management
Turkish Literature,turkish literature
HCS,hcs
CSFsnRtS,csfsnrts
WGSS,wgss
Ethics,ethics
Disability Studies,disability studies
GeolSci,geolsci
Educat,educat
Crop and Soil Technology,crop and soil technology
AEDE,aede
Slavic and East European,slavic and east european
Agriscience Education,agriscience education
Applied Veterinary Medicine,applied veterinary medicine
EduPAES,edupaes
EHE,ehe
Quechua,quechua
EPID,epid
MedDiet,meddiet
Latino Studies,latino studies
HSMP,hsmp
Agricu,agricu
Physiology and Cell Biology,physiology and cell biology
Educational Studies: Counselor Education,educational studies: counselor education
Behavioral Neuroscience,behavioral neuroscience
Cognitive Science,cognitive science
Neuroscience Department,neuroscience department
Visual Communication Design,visual communication design
Physical Medicine And Rehabilitation,physical medicine and rehabilitation
Public Health: Environmental Health Sciences,public health: environmental health sciences
East Asian Studies,east asian studies
Medieval Studies,medieval studies
BiomedE,biomede
English as a Second Language,english as a second language
ISYS,isys
EDTC,edtc
College of Education and Human Development,college education and human development
E AND LIFE SCIENCES,e and life sciences
Reading,reading
Materials Science And Engineering,materials science and engineering
American History,american history
HESC,hesc
Minor,minor
CHEME,cheme
PLBR,plbr
TOUR,tour
HDF,hdf
VM,vm
BIED,bied
URBN,urbn
Land and Property Development,land and property development
Renewable Natural Resources,renewable natural resources
Special Populations,special populations
Ecology,ecology
Forensic Science,forensic science
FREN - French (FREN),fren - french (fren)
BPY,bpy
BST,bst
ASEM,asem
NDP,ndp
HCO,hco
HB,hb
NTC,ntc
NHSA,nhsa
AHD,ahd
MCH,mch
GBSC,gbsc
PAT,pat
MIC,mic
MGE,mge
HRP,hrp
HMG,hmg
EPI,epi
ENH,enh
GBS,gbs
PUH,puh
GHS,ghs
GRD,grd
NTR,ntr
EDR,edr
ACX,acx
NA,na
VIS,vis
MPA,mpa
Human Anatomy,human anatomy
CLS,cls
OB,ob
NSEB,nseb
NWH,nwh
PTDS,ptds
PTGR,ptgr
NRM,nrm
BMG,bmg
NFH,nfh
NNE,nne
JS,js
BT,bt
CB,cb
EDA,eda
ESP,esp
NPN,npn
NPE,npe
DB,db
CRM,crm
GC,gc
NCC,ncc
RHB,rhb
NCA,nca
HON,hon
BUS,bus
IH,ih
Grad School of Public Health,grad school public health
BCX,bcx
IEM,iem
NAH,nah
IBS,ibs
HQS,hqs
EH-English,eh-english
EESL,eesl
Health Care Organization and Policy,health care organization and policy
AN SC,an sc
Met. Engr.,met. engr.
Grad School of Education,grad school education
PHR,phr
CMST,cmst
ILR,ilr
CHHS,chhs
MESC-Marine Environmental Sci Courses,mesc-marine environmental sci courses
ELE,ele
Nursing and Health Systems Administration,nursing and health systems administration
PAM,pam
CECM,cecm
OPT,opt
F.A.,f.a.
SC,sc
LOG,log
RAD,rad
RAS,ras
Clinical Services,clinical services
RTT,rtt
IR,ir
CP,cp
EDH,edh
AST,ast
HUM,hum
Respiratory Care,respiratory care
HC,hc
DEA,dea
BMD,bmd
Aerospace Studies,aerospace studies
BY - Biology,by - biology
OG,og
English (EH),english (eh)
Chemistry (CH),chemistry (ch)
Cr Justice,cr justice
Social Work (SW),social work (sw)
URB,urb
Applied Environ Biotech,applied environ biotech
EMC,emc
VS,vs
DENT,dent
ELEC,elec
COP,cop
ADV,adv
OBHS,obhs
HPO,hpo
CESE,cese
MHP,mhp
GGSC,ggsc
School of Public Health,school public health
IDD,idd
World Languages and Literatures,world languages and literatures
Collat School of Business,collat school business
ME-Mechanical Engineering,me-mechanical engineering
LEAD,lead
CMB,cmb
Nutrition Sciences (NTR),nutrition sciences (ntr)
Nutrition Sciences,nutrition sciences
Fisheries,fisheries
Marine Biology,marine biology
HSA,hsa
Various,various
ECCE,ecce
Graduate Catalog,graduate catalog
Administration-Health Services,administration-health services
ECO,eco
Medical,medical
DScPT,dscpt
Epidemiology (EPI),epidemiology (epi)
Visual Neurobiology,visual neurobiology
Physical Education (PE),physical education (pe)
Marine Science (MESC),marine science (mesc)
Health Services Administration,health services administration
CGS,cgs
EGG,egg
Physical Anthropology,physical anthropology
Physician Assistant Studies,physician assistant studies
BHS,bhs
Health Behavior,health behavior
Nursina,nursina
Joint Health Sciences,joint health sciences
Health Informatics,health informatics
HCOP,hcop
GRADUATE SCHOOL,graduate school
Anatomical Science,anatomical science
Fishery Science,fishery science
HRT,hrt
Clinical and Diagnostic Sciences,clinical and diagnostic sciences
Engineering (EGR),engineering (egr)
BIOBM,biobm
Surgical PA Program,surgical pa program
Software Engineering,software engineering
English Honors,english honors
Early Childhood,early childhood
Neurobiology,neurobiology
Computer Graphics,computer graphics
Department of Music,music
ESL,esl
Occupational Therapy (OT),occupational therapy (ot)
Oral Biology,oral biology
Marine,marine
Elective,elective
MSHI,mshi
Curriculum (EDC),curriculum (edc)
NFS,nfs
HHD,hhd
OMS,oms
School of Business,school business
MatSci,matsci
Pediatric Dentistry,pediatric dentistry
Cytology,cytology
Biomaterials,biomaterials
High School (EHS),high school (ehs)
Medical Genetics,medical genetics
Exceptional Children and Youth (ECY),exceptional children and youth (ecy)
Rhetoric,rhetoric
ECE/ELE,ece/ele
P-6 Education,p-6 education
Archaeology,archaeology
Health Care Organization,health care organization
CPA,cpa
EPI-Epidemiology,epi-epidemiology
PY-Psychology,py-psychology
GER-Gerontology,ger-gerontology
MSE-Materials Science & Engineering,mse-materials science & engineering
Foreign,foreign
PHARM,pharm
CH-Chemistry,ch-chemistry
NCLC,nclc
Counseling and Guidance,counseling and guidance
Transportation Engineering,transportation engineering
PAD,pad
CE-Civil Engineering,ce-civil engineering
AC-Accounting,ac-accounting
CED,ced
PH-Physics,ph-physics
CD - Clinical Dentistry,cd - clinical dentistry
Education Foundations,education foundations
"Cell, Molecular and Developmental Biology","cell, molecular and developmental biology"
ISys,isys
Biomedical,biomedical
Graduate Cariology,graduate cariology
EECS,eecs
Matls Sci,matls sci
Health Education - HE,health education - he
Pe,physical education
Industrial Organization,industrial organization
 ,
FRLIT,frlit
Clinical Laboratory Sciences,clinical laboratory sciences
African-American Studies,african-american studies
Electives,electives
Decision Science,decision science
Materials,materials
Art and Art History,art and art history
NEUR,neur
Biochemistry and Molecular Genetics,biochemistry and molecular genetics
Environmental Health,environmental health
Clinical Laboratory Science,clinical laboratory science
CLSC,clsc
Visual Science,visual science
Cellular and Molecular Biology,cellular and molecular biology
BPM,bpm
Health Care,health care
BI,bi
Bio Engineering,bio engineering
BIOMED,biomed
Rehabilitation Counseling,rehabilitation counseling
Medical Genetics (MGE),medical genetics (mge)
Ed.S.,ed.s.
Medical Imaging,medical imaging
Elementary Ed,elementary ed
Grad School,grad school
MSOT,msot
CESEP,cesep
Creative Writing,creative writing
SOCIAL WORK,social work
Juvenile Justice,juvenile justice
MANUFACTURING ENGINEERING,manufacturing engineering
Legal Studies,legal studies
S AND SCIENCES/ ANTHROPOLOGY,s and sciences/ anthropology
Clinical,clinical
GE OF FINE ARTS/ART EDUCATION,ge fine arts/art education
NEERING / AEROSPACE ENGINEERING,neering / aerospace engineering
AIRS,airs
ROFESSIONS/PHYSICIAN ASSISTANT,rofessions/physician assistant
Russian (Russ.),russian (russ.)
Eth. S.,eth. s.
LE,le
Adm.,adm.
Fren.,fren.
Wom S,wom s
Thea.,thea.
LIBERAL ARTS AND SCIENCES/HISTORY,liberal arts and sciences/history
Mus. P.,mus. p.
Rel,religion
IS AND SCIENCES/ ANTHROPOLOGY,is and sciences/ anthropology
BART,bart
SCIENCES/COMMUNICATION,sciences/communication
Fine Arts/Graphic Design,fine arts/graphic design
Liberal,liberal
LIBERAL ART,liberal art
LAR,lar
Fine Arts/Music Performance,fine arts/music performance
BIOEE,bioee
Pub. Pol. / Govt.,pub. pol. / govt.
Healthcare,healthcare
EALTH PROFESSIONS/MEDICAL TECHNOLOGY,ealth professions/medical technology
Eth. S,eth. s
Fine Arts/Studio Arts,fine arts/studio arts
Geophysics,geophysics
Health Professions/Health Science,health professions/health science
ARTS/MUSICOLOGY,arts/musicology
LIBERAL ARTS A,liberal arts a
"ADMINISTRATION, COUNSELING, EDUCAT","administration, counseling, educat"
And Sciences/Politics,and sciences/politics
EI,ei
CSC,csc
FINE ARTS/PERFORMING ARTS,fine arts/performing arts
Justice,justice
L ARTS AND SCIENCES/LITERATURE,l arts and sciences/literature
G AND SCIENCES/WOMEN'S STUDIES,g and sciences/women's studies
Mus E,mus e
ERAL ARTS AND SCIENCES/PHYSICS,eral arts and sciences/physics
EF,ef
Early Childhood Special Education,early childhood special education
EDUCA,educa
SCAS,scas
EERING/MECHANICAL ENGINEERING,eering/mechanical engineering
IEERING/INDUSTRIAL ENGINEERING,ieering/industrial engineering
Bus.,bus.
MBMODAMAM,mbmodamam
BIA,bia
H PROFESSIONS/PHYSICAL THERAPY,h professions/physical therapy
JCATION/INDUSTRIAL TECHNOLOGY,jcation/industrial technology
ADERAG,aderag
BAd,bad
IHO,iho
HAMAT,hamat
Recreation and Leisure Studies,recreation and leisure studies
College,college
Painting,painting
Ital.,ital.
"Education/Health, Physics","education/health, physics"
Human Services,human services
E ARTS/MUSICOLOGY,e arts/musicology
NEERING/ELECTRICAL ENGINEERING,neering/electrical engineering
LEGE / ADMINISTRATION OF JUSTICE,lege / administration justice
Aerodynamics,aerodynamics
Ind Tech,ind tech
GERST,gerst
D 15,d 15
Middle Level Education,middle level education
COLLE,colle
EGE OF FINE ARTS/DIVISION OF MUSIC,ege fine arts/music
D 11,d 11
MFGE,mfge
Communication Disorders and Sciences,communication disorders and sciences
M,other
CLASS,class
FNCE,fnce
Min.,min.
COLLEGE OF,college of
Lab Sciences,lab sciences
BE OF HEALTH PROFESSIONS/NURSING,be health professions/nursing
Ind Ed,ind ed
FAIRI,fairi
Art/DIVISION OF ART,art/art
DE,de
BusAdmin,busadmin
Quantitative Methods,quantitative methods
Radiation Therapy,radiation therapy
Collaborative Teacher Education,collaborative teacher education
MSL,msl
Arts & Sciences,arts & sciences
Muisc,muisc
URBAN AFFAIRS,urban affairs
French (FR),french (fr)
Collaborative Teacher Education (ECT),collaborative teacher education (ect)
Music Performance (MUP),music performance (mup)
Tep,tep
German (GN),german (gn)
Women's and Gender Studies,women's and gender studies
Social & Behavioral Sciences,social & behavioral sciences
Arts & Humanities,arts & humanities
Women and Gender Studies,women and gender studies
EH-English Courses,eh-english courses
Physical Sciences,physical sciences
Performing Arts and Communications,performing arts and communications
Health Education/Health Promotion,health education/health promotion
TCOM,tcom
EEE,eee
PHE,phe
Justice Studies,justice studies
Medical Laboratory Technology (MLT),medical laboratory technology (mlt)
Accounting and Finance,accounting and finance
Research Design & Statistics,research design & statistics
General Psychology & Related Disciplines,general psychology & related disciplines
Health Education (HE),health education (he)
Health Education Planning and Evaluation,health education planning and evaluation
T&AM,t&am
Department of Curriculum and Instruction,curriculum and instruction
ATY,aty
SHP,shp
Music (MU),music (mu)
Natural Science & Mathematics,natural science & mathematics
Information Systems (IS),information systems (is)
ETHN,ethn
Biology (BY),biology (by)
Research,research
GRAD,grad
Computing,computing
Vision,vision
Mycology,mycology
Medical School,medical school
Oral Biology (OB),oral biology (ob)
Ed Admin,ed admin
Human Relations,human relations
Environmental Education,environmental education
International Relations,international relations
Business / Aviation Management,business / aviation management
Engineering Psychology,engineering psychology
Business/Legal Assistant,business/legal assistant
TEERING/AEROSPACE ENGINEERING,teering/aerospace engineering
OFESSIONS/MEDICAL TECHNOLOGY,ofessions/medical technology
I.E.,i.e.
Sciences,sciences
CAD,cad
HSC,hsc
Course not specified,course not specified
MARKETING,marketing
NEERING/AEROSPACE ENGINEERING,neering/aerospace engineering
Dietetics and Nutrition,dietetics and nutrition
CEN,cen
Lit,lit
Div. B,div. b
Education/Administrative A,education/administrative a
E OF FINE ARTS / MUSIC EDUCATION,e fine arts / music education
Al Ed,al ed
ICATION/INDUSTRIAL TECHNOLOGY,ication/industrial technology
Pol,pol
Division C,other
Finance (Fin.),finance (fin.)
V/KINESIOLOGY AND SPORT STUDIES,v/kinesiology and sport studies
SCIENCES/CRIMINAL JUSTICE,sciences/criminal justice
ABEN,aben
JS-Justice Sciences,js-justice sciences
ommunication Sciences,ommunication sciences
UAB Graduate School,uab graduate school
Gynecology,gynecology
El,el
Tech,tech
OL OF BUSINESS/ENTREPRENEURSHIP,ol business/entrepreneurship
ADART,adart
Wood Technology,wood technology
HCA,hca
Nurse Anesthesia,nurse anesthesia
Administration-Health Services (AH),administration-health services (ah)
Laboratory Medicine,laboratory medicine
Biomechanics,biomechanics
Gerontology (GER),gerontology (ger)
Psychology (PY),psychology (py)
CMPL,cmpl
AAAD,aaad
ROML,roml
NURS-Nursing,nurs-nursing
INLS,inls
PWAD,pwad
DRAM,drama
BUSI,busi
STOR,stor
GSLL,gsll
RELI,religion
PHYA,phya
MEJO,mejo
ENVR,envr
POLI,poli
PHYI,phyi
CBIO,cbio
ENEC,enec
BMME,bmme
GLBL,glbl
CLAR,clar
HUNG,hung
EXSS,exss
FOLK,folk
HPM,hpm
Aeronautics and Astronautics,aeronautics and astronautics
RADI,radi
MNGT,mngt
BIOS,bios
SOWO,sowo
HNUR,hnur
CZCH,czch
Business School,business school
PLSH,plsh
SPHG,sphg
PUBH,pubh
LTAM,ltam
APPL,appl
JOMC,jomc
CITY AND REGIONAL PLANNING,city and regional planning
AFRI,afri
Commercial Law,commercial law
English and Comparative Literature,english and comparative literature
NAVS,navs
Rehabilitation Psychology and Counseling,rehabilitation psychology and counseling
The Graduate School,the graduate school
Organic Chemistry,organic chemistry
Analytical Chemistry,analytical chemistry
Biological Chemistry,biological chemistry
PHNU,phnu
Public Health: Environmental Sciences and Engineering,public health: environmental sciences and engineering
GEOLOGICAL SCIENCES,geological sciences
PUPA,pupa
HPAA,hpaa
ECOLOGY,ecology
Germanic Languages,germanic languages
BIOCHEMISTRY AND BIOPHYSICS,biochemistry and biophysics
SPH,sph
Classical Archaeology,classical archaeology
Marine Sciences,marine sciences
Environmental Sciences and Engineering,environmental sciences and engineering
SPHS,sphs
EDFO,edfo
Health Policy and Administration,health policy and administration
PHYE,phye
HBHE,hbhe
"PHYSICAL EDUCATION, EXERCISE AND SPORT SCIENCE","physical education, exercise and sport science"
MTSC,mtsc
Medicinal Chemistry,medicinal chemistry
THE GRADUATE SCHOOL,the graduate school
SLAVIC,slavic
MHCH,mhch
Costume,costume
RUSSIAN AND EAST EUROPEAN STUDIES,russian and east european studies
Geoscience,geoscience
Romance Philology,romance philology
Mass Comm,mass comm
Envr,envr
Poli,poli
HEALTH ADMINISTRATION,health administration
HEALTH POLICY AND ADMINISTRATION,health policy and administration
IDST,idst
MCRO,mcro
Exercise and Sport Science,exercise and sport science
TECH,tech
ENVS,envs
HBEH,hbeh
PHCO,phco
Biochemistry and Biophysics,biochemistry and biophysics
BCB,bcb
PEDO,pedo
EDMX,edmx
DPET,dpet
MOPH,moph
Anthropology (GRAD),anthropology (grad)
DENG,deng
DHED,dhed
TOXC,toxc
GNET,gnet
OCCT,occt
Plant Sciences Technology/Social Science,plant sciences technology/social science
Plant Sciences Technology,plant sciences technology
Museum Studies,museum studies
Communication Studies/Comparative Literature,communication studies/comparative literature
AFAM,afam
CDFS,cdfs
Germanic and Slavic Languages and Literatures,germanic and slavic languages and literatures
PUBA,puba
OPER,oper
ORPA,orpa
ASEN,asen
NBIO,nbio
PHCY,phcy
PACE,pace
CRMH,crmh
HMSC,hmsc
Psychology and Neuroscience,psychology and neuroscience
ORAD,orad
CBPH,cbph
English and Comparative Literature (GRAD),english and comparative literature (grad)
HIST (GRAD),hist (grad)
GILLINGS SCHOOL OF GLOBAL PUBLIC HEALTH,gillings school global public health
COMMUNICATION STUDIES,communications
AFRICAN STUDIES AND AFRO-AMERICAN STUDIES,african studies and afro-american studies
Romance Languages and Literatures,romance languages and literatures
AFRICAN AND AFRO-AMERICAN STUDIES,african and afro-american studies
ENGLISH AND COMPARATIVE LITERATURE,english and comparative literature
GHA,gha
ASIAN STUDIES,asian studies
MARINE SCIENCES,marine sciences
Pathology and Laboratory Medicine,pathology and laboratory medicine
EXERCISE AND SPORT SCIENCE,exercise and sport science
GERMANIC LANGUAGES AND LITERATURES,germanic languages and literatures
International and Area Studies,international and area studies
Environmental Science and Policy,environmental science and policy
PLANT BIOLOGY,plant biology
Libraries,libraries
NORW,norw
ECOL,ecol
Statistics and Operations Research,statistics and operations research
144,144
AFR,afr
Afro-American,afro-american
Mathematical Sciences,mathematical sciences
Social,social
German Language and Literature,german language and literature
Unclassified,unclassified
Languages and Literatures,languages and literatures
Cell Biology and Anatomy,cell biology and anatomy
SLAVIC LANGUAGES AND LITERATURES,slavic languages and literatures
ROMANCE LANGUAGES,romance languages
Pharmaceutical Policy and Evaluative Sciences,pharmaceutical policy and evaluative sciences
Public Policy Analysis,public policy analysis
INFORMATION AND LIBRARY SCIENCE,information and library science
MASS COMMUNICATION,mass communication
Romance,romance
PHarmacy,pharmacy
ESE,ese
Genetics and Molecular Biology,genetics and molecular biology
Not specified,not specified
Leisure Studies,leisure studies
Kenan-Flagler Business School,kenan-flagler business school
Public Health Administration,public health administration
Public Health Nursing,public health nursing
Cell Biology and Physiology,cell biology and physiology
Environmental Management and Policy,environmental management and policy
Medical Cell Biology,medical cell biology
MEDIA STUDIES,media studies
Epid,epid
DENTISTRY,dentistry
Applied and Materials Sciences,applied and materials sciences
NEUROBIOLOGY,neurobiology
BIOENGINEERING,bioengineering
OCBM,ocbm
NURS (GRAD),nurs (grad)
Mathematics (GRAD),mathematics (grad)
Musc,music
Organizational Behavior,organizational behavior
Plant Nutrition,plant nutrition
Soci,sociology
Operations Research,operations research
DPOP,dpop
GEOGRAPHY/GEOLOGICAL SCIENCES,geography/geological sciences
Asia,asian studies
Asian Religions,asian religions
Comparative Religion,comparative religion
PHYT,phyt
POLICY,policy
Cell and Molecular Physiology,cell and molecular physiology
Performance Studies,performance studies
IBMS,ibms
Old English,old english
Psyc,psychology
Language and Culture,language and culture
BSPH,bsph
SERBO-CROATIAN,serbo-croatian
PD,pd
POLI SCI,poli sci
MEDC,medc
Psychology and Neuroscience (GRAD),psychology and neuroscience (grad)
BMD_ENG,bmd_eng
GEN_ENG,gen_eng
ASIAN_AM,asian_am
MUS_COMP,mus_comp
CIV_ENV,civ_env
MUS_TECH,mus_tech
COMM_ST,comm_st
MAT_SCI,mat_sci
MUSIC_ED,music_ed
LRN_SCI,lrn_sci
IMC,imc
COMP_SCI,comp_sci
BIOL_SCI,biol_sci
ASIAN_LC,asian_lc
PERSIAN,persian
NEUROSCI,neurosci
COMP_ENG,comp_eng
ART_HIST,art_hist
JWSH_ST,jwsh_st
ENTREP,entrep
Spanish & Portuguese,spanish & portuguese
ELEC_ENG,elec_eng
SOCIOL,sociol
AF_AM_ST,af_am_st
POLI_SCI,poli_sci
SESP,sesp
CHEM_ENG,chem_eng
LEGAL_ST,legal_st
GNDR_ST,gndr_st
Asian Languages and Cultures,asian studies
Hindi-Urdu,hindi-urdu
IEMS,iems
COMP_LIT,comp_lit
MECH_ENG,mech_eng
LATINO,latino
ASTRON,astron
GBL_HLTH,gbl_hlth
SOC_POL,soc_pol
ES_APPM,es_appm
CFS,cfs
ANTHRO,anthro
ENVR_POL,envr_pol
Middle East and North African Studies,middle east and north african studies
MUS_THRY,mus_thry
TEACH_ED,teach_ed
KOREAN,korean
PERF_ST,perf_st
HDC,hdc
325,325
Wind and Percussion Instruments,wind and percussion instruments
Art Theory and Practice,art theory and practice
Counseling Psychology,counseling psychology
GEN_MUS,gen_mus
BIOL SCI,biol sci
MENA,mena
MUSIC ED,music ed
COMM ST,comm st
Design Engineering,design engineering
ASIAN AM,asian am
LRN SCI,lrn sci
MUS COMP,mus comp
GEN ENG,gen eng
JAZZ ST,jazz st
MUS THRY,mus thry
COG SCI,cog sci
LOC,loc
BMD ENG,bmd eng
MMSS,mmss
Electrical Engineer,electrical engineer
Communication · Theatre,communication · theatre
CIV ENV,civ env
TEACH ED,teach ed
Engineering and Applied Science,engineering and applied science
Speech ●Communication Studies,speech ●communication studies
Speech · Theatre,speech · theatre
Conducting and Ensembles,conducting and ensembles
GNDR ST,gndr st
NTRES,ntres
GEN MUS,gen mus
MUS TECH,mus tech
Neurosci,neurosci
MAT SCI,mat sci
Musicology,musicology
CRDV,crdv
CONDUCT,conduct
HIND_URD,hind_urd
Radio/Television/Film,radio/television/film
Poli_Sci,poli_sci
APPM,appm
NAV_SCI,nav_sci
Socio-Educational Policy (SESP),socio-educational policy (sesp)
SWAHILI,swahili
Teach Ed,teach ed
Global Health Studies,global health studies
NAV SCI,nav sci
Music Performance Studies,music performance studies
COMP LIT,comp lit
PERF ST,perf st
Public Policy and Administration,public policy and administration
Conflict Resolution,conflict resolution
Community and Regional Planning,community and regional planning
Speech • Theatre,speech • theatre
CIV ENG,civ eng
SOC POL,soc pol
SEC TCHG,sec tchg
Biological and Physical Sciences,biological and physical sciences
R/TV/F,r/tv/f
ART HIST,art hist
Arts and Sciences • Global Health Studies,arts and sciences • global health studies
VOICE,voice
Communication Sciences and Disorders,communication sciences and disorders
Sociol,sociol
Arts and Sciences • German,arts and sciences • german
"Journalism, Media, Integrated Marketing C","journalism, media, integrated marketing c"
Jazz,jazz
CHEM ENG,chem eng
GNDR,gndr
LEGAL ST,legal st
GBL HLTH,gbl hlth
AF AM ST,af am st
Comparative Literary Studies,comparative literary studies
Arts and Sciences • Computer Science,arts and sciences • computer science
Engineering and Applied Science · Manufacturing and I,engineering and applied science · manufacturing and i
Music ED,music ed
MUSICOL,musicol
HDPS,hdps
GEOL SCI,geol sci
General Music,general music
Earth,earth
MATERIALS SCIENCE,materials science
HLTHST,hlthst
RADSCI,radsci
Arts and Sciences · Statistics,arts and sciences · statistics
ARTS AND SCIENCES/RELIGION,arts and sciences/religion
ARTS AND SCIENCES/HISTORY,arts and sciences/history
Speech/Communication Sciences and Disorders,speech/communication sciences and disorders
SLAVIC LANGUAGES AND LITERATUL,slavic languages and literatul
STATISTICS,statistics
ENGINEER,engineer
SPEECH/THEATRE,speech/theatre
EDUCATION AND SOCIAL POLICY,education and social policy
SCIENCE,science
MUSIC/MUSIC,music/music
Music Tech,music tech
Communication • Radio/Television/Film,communication • radio/television/film
SCAN,scan
Maternal and Child Health,maternal and child health
NROTC,nrotc
Information and Library Science,information and library science
PoliSci,polisci
Slavic Linguistics,slavic linguistics
PR,pr
SLAVIC LANGUAGES,slavic languages
Computers,computers
Adapted Physical Education,adapted physical education
EDUX,edux
Teaching,teaching
Occupational Science,occupational science
LIS,lis
Drama,drama
Germanic Languages and Literatures,germanic languages and literatures
School of Public Health: Health Policy and Administration,school public health: health policy and administration
LSRA,lsra
Biological and Biomedical Sciences,biological and biomedical sciences
Cognitive Psychology,cognitive psychology
BIOPHYSICS,biophysics
ENVIRONMENTAL SCIENCES AND ENGINEERING,environmental sciences and engineering
BIOSTATISTICS,biostatistics
Celtic Studies,celtic studies
Art (GRAD),art (grad)
Information Science,information science
Luso-Brazilian,luso-brazilian
Courses for Graduates,courses for graduates
"Language, Literature, and Culture","language, literature, and culture"
LEISURE STUDIES,leisure studies
SPEECH AND HEARING SCIENCES,speech and hearing sciences
Applied Science,applied science
Spanish American,spanish american
LITERATURE,literature
OPERATIONS RESEARCH,operations research
Math and Physics,math and physics
RPSY,rpsy
PATHOLOGY,pathology
MEDI,medi
URBAN AND REGIONAL STUDIES,urban and regional studies
Rehabilitation Counseling and Psychology,rehabilitation counseling and psychology
POLISCI,polisci
ENVIR,envir
SLIS,slis
EES,ees
ESS,ess
GPH,gph
"Health, Behavior and Environment","health, behavior and environment"
GLOBAL,global
Occupational Science and Occupational Therapy,occupational science and occupational therapy
CELL BIOLOGY AND PHYSIOLOGY,cell biology and physiology
ORAL BIOL,oral biol
CAR,car
Slavic Languages and Literature,slavic languages and literature
Pedo,pedo
Orthodontics,orthodontics
BIOMEDICAL ENGINEERING,biomedical engineering
KENAN–FLAGLER BUSINESS SCHOOL,kenan–flagler business school
Global Public Health,global public health
POLITICAL THEORY,political theory
JOURNALISM AND MASS COMMUNICATION,journalism and mass communication
PUBLIC ADMINISTRATION,public administration
PSYCHOFOGY,psychofogy
SILS,sils
HPA,hpa
Indonesian,indonesian
CSCI,csci
"Policy, Planning, and Development","policy, planning, and development"
Film and Television,film and television
HUMANITIES AND SOCIAL SCIENCES,humanities and social sciences
PES,pes
Mathematical Programming,mathematical programming
PHPR,phpr
Health Behavior and Health Education,health behavior and health education
STATISTICS AND OPERATIONS RESEARCH,statistics and operations research
Germanic Linguistics,germanic linguistics
German Literature,german literature
Russian and East European Studies,russian and east european studies
SPANISH AMERICAN,spanish american
ILS,ils
OMSU,omsu
EdMX,edmx
GLOBAL PUBLIC HEALTH,global public health
Health Behavior and Education,health behavior and education
Mathematics Education,mathematics education
Russian Literature,russian literature
School Counseling,school counseling
Interdisciplinary,interdisciplinary
Languages of the Americas,languages the americas
Classics (GRAD),classics (grad)
MHS,mhs
URP,urp
Honor,honor
GOVERNMENT,government
Operations Research and Statistics,operations research and statistics
MICROBIOLOGY AND IMMUNOLOGY,microbiology and immunology
ROMANCE STUDIES,romance studies
Bioinformatics,bioinformatics
Environmental Science and Engineering,environmental science and engineering
Earth and Environmental Sciences,earth and environmental sciences
International Development,international development
OCCUPATIONAL SCIENCE AND OCCUPATIONAL THERAPY,occupational science and occupational therapy
Undeclared/University Seminar,undeclared/university seminar
History and Education,history and education
GERMANIC AND SLAVIC LANGUAGES AND LITERATU,germanic and slavic languages and literatu
First-Year Seminar,first-year seminar
Biomed. Eng.,biomed. eng.
POLCY,polcy
Clinical Laboratory,clinical laboratory
Hung,hung
PUBADM,pubadm
Health and Physical Education,health and physical education
Media Studies,media studies
General College,general college
Radiography,radiography
Phys Ed,phys ed
IRES,ires
GPGPH,gpgph
AFRICAN AMERICAN STUDIES,african american studies
CHIN (Chinese),chin (chinese)
U N C. E D U / U G R A D,u n c. e d u / u g r a d
PW,pw
PUBLIC POLICY,public policy
Human Rights,human rights
ORG,org
School of Education,school education
GIS,gis
GMB,gmb
Dramatic Production,dramatic production
SOWK,sowk
Health Behavior and Education (HBEH),health behavior and education (hbeh)
Media and Journalism,media and journalism
Bios,bios
GC/SS,gc/ss
RUES,rues
Women’s Studies,women’s studies
LINGUISITICS,linguisitics
GERMANIC LANGUAGES,germanic languages
BENG,beng
Mass Media,mass media
Physical Oceanography,physical oceanography
Cell and Developmental Biology,cell and developmental biology
Transportation Planning,transportation planning
Russian Language Courses,russian language courses
Microbiology & Immunology,microbiology & immunology
Tamil,tamil
History of Religion,history religion
ChemE,cheme
Business Analytics,business analytics
AFRICAN AMERICAN STUD,african american stud
"AFRICAN, AFRICAN AMERICAN, AND DIASPORA STUD","african, african american, and diaspora stud"
DIES,dies
Politics and International Relations,politics and international relations
HbM,hbm
Ecology and Society,ecology and society
Hungarian and Eurasian Studies,hungarian and eurasian studies
MEDICINAL CHEMISTRY,medicinal chemistry
WOMEN'S AND GENDER STUDIES,women's and gender studies
URBAN STUDIES,urban studies
HOSPITAL ORGANIZATION AND ADMINISTRATION,hospital organization and administration
Developmental Biology,developmental biology
PUB A,pub a
JOU,jou
ENVIRON,environ
IEALTH,iealth
SCHOOL OF SOCIAL WORK,school social work
BIOH,bioh
NMENTAL SCIENCES AND ENGINEERING,nmental sciences and engineering
Rus Lit,rus lit
TR,tr
CORE,core
Comp Sci,comp sci
SPECIAL STUDIES,special studies
Communication Study,communication study
None provided,none provided
Army,army
Core,core
German Department,german department
SOW,sow
ENVIRO,enviro
SPECIAL,special
I NMENTAL SCIENCES AND ENGINEERING,i nmental sciences and engineering
OOL OF PUBLIC HEALTH,ool public health
SCHOOL OF PUBLIC HEALTH,school public health
Circulation Technology,circulation technology
ENVIRONMENTAL SCIENCE,environmental science
COST,cost
ASAM,asam
School of Journalism and Mass Communication,school journalism and mass communication
Pharmaco,pharmaco
Navy ROTC,navy rotc
School of Information and Library Science,school information and library science
LATIN AMERICAN STUDIES,latin american studies
EAST,east
SCHOOL OF EDUCATION,school education
Plan,plan
Applied Statistics,applied statistics
Occupational Science (OCCT),occupational science (occt)
OCEAN,ocean
Public Health: Maternal and Child Health,public health: maternal and child health
Policy,policy
NSCI,nsci
"Earth, Marine, and Environmental Sciences","earth, marine, and environmental sciences"
Humanities and Fine Arts,humanities and fine arts
Department of Asian and Middle Eastern Studies,asian and middle eastern studies
Educaton,educaton
AD,ad
Feminist Studies,feminist studies
Natural Sciences,natural sciences
LGBT Studies,lgbt studies
Middle East Studies,middle east studies
Judaic Studies,judaic studies
Global Studies,global studies
Early Modern/Historical Studies,early modern/historical studies
RELIG,relig
FYS,fys
Asian and Middle Eastern Studies,asian and middle eastern studies
Middle Eastern Studies,middle eastern studies
HUMS,hums
LALS,lals
Education – Performing Arts,education – performing arts
Radiologic Science,radiologic science
Advertising and Journalism,advertising and journalism
ORIE,orie
ENVSC,envsc
Bioethics,bioethics
APPLIED AND MATERIALS SCIENCES,applied and materials sciences
Law and Society,law and society
ENVIRONMENTAL SCIENCE AND STUDIES,environmental science and studies
NES,nes
AL,al
Buddhist Studies,buddhist studies
Iranian Studies,iranian studies
PL,pl
Env. Sci.,env. sci.
"Speech, Language, & Hearing Sciences","speech, language, & hearing sciences"
Electrical & Computer Engineering,electrical & computer engineering
Engineering & Applied Science,engineering & applied science
MILR,milr
MCEN,mcen
HUEN,huen
LDSP,ldsp
EBIO,ebio
GEEN,geen
MUEL,muel
Womens Studies,womens studies
Asian Languages & Civilizations,asian languages & civilizations
Astrophysical & Planetary Sciences,astrophysical & planetary sciences
GRMN,grmn
MBAX,mbax
MBAC,mbac
EMEN,emen
ATLS,atls
INVST,invst
PACS,pacs
Theater & Dance,theater & dance
TLEN,tlen
COEN,coen
OPIM,opim
Engineering Management,engineering management
EMUS,emus
SLHS,slhs
WRTG,wrtg
PMUS,pmus
FINE,fine
FARR,farr
IAFS,iafs
HUMN,humn
JPNS,jpns
ENVD,envd
CHST,chst
Germanic & Slavic Languages & Literature,germanic & slavic languages & literature
COML,coml
Telecommunications,telecommunications
REAL,real
International Affairs,international affairs
Physical Education and Recreation,physical education and recreation
P.Sc.,p.sc.
EDEE,edee
U.P.C.D.,u.p.c.d.
Intp,intp
Thtr,thtr
Ph.Ch,ph.ch
B.Ad,b.ad
Leeds School of Business | Business Minor,leeds school business | business minor
Leeds School of Business | Business Administration,leeds school business | business administration
"CIVIL, ENGINEERING","civil, engineering"
F.A. H.,f.a. h.
H.A.,h.a.
Clas.,clas.
Anth.,anth.
Engineering Physics,engineering physics
C.L.,c.l.
"CIVIL, ENVIRONMENTAL, AND ARCHITECTURAL ENGINEERING","civil, environmental, and architectural engineering"
A.G.,a.g.
House Planning,house planning
Hum,hum
Tr.Mg.,tr.mg.
T.Ed.,t.ed.
Biomet,biomet
Jap,jap
CHB,chb
Mk,mk
Or.Mg,or.mg
F.S.,f.s.
E.Phys.,e.phys.
Blophys-Gen,blophys-gen
Educ.,educ.
Bl.St.,bl.st.
PHCL,phcl
Musm,musm
Cross College Programs,cross college programs
Environmental Design,environmental design
Integrated Physiology,integrated physiology
Ecology and Evolutionary Biology,ecology and evolutionary biology
"Electrical, Computer, and Energy Engineering","electrical, computer, and energy engineering"
Elective Music,elective music
Theory and Composition,theory and composition
Voice,voice
GRMN/HUMN,grmn/humn
Theatre & Dance,theatre & dance
BUSM,busm
BCOR,bcor
Business Core,business core
Env.D.,env.d.
Arch.,arch.
A.Math,a.math
Or.Mg.,or.mg.
Pr.Mg.,pr.mg.
CMDP,cmdp
Ins,ins
Pharmacy-Pharmaceuticals,pharmacy-pharmaceuticals
C.S.,c.s.
IDPT,idpt
Biophys-Gen,biophys-gen
B.Ad.,b.ad.
Pay,pay
AIST,aist
BLST,blst
Peace and Conflict Studies,peace and conflict studies
BI.St.,bi.st.
I.D,i.d
E.E,e.e
School of Journalism,school journalism
Span.,span.
ENGINEERING PHYSICS,engineering physics
R.St.,r.st.
ATOC,atoc
C.J.,c.j.
U.A.,u.a.
Dnce,dnce
Env.D,env.d
Communication Disorders and Speech Science,communication disorders and speech science
Gr,gr
Ital,italian
Clas,classics
E.Phys,e.phys
Office Administration,office administration
CI.P,ci.p
UWRP,uwrp
INVS,invs
KAPH,kaph
ORMG,ormg
Photography,photography
Chicano Studies,chicano studies
SCULPTURE,sculpture
INBU,inbu
APAS,apas
TRMG,trmg
CDSS,cdss
OPMG,opmg
Military Science (U.S. Army),military science (u.s. army)
ARCHITECTURAL ENGINEERING,architectural engineering
Telecom,telecom
HUMN/RUSS,humn/russ
DCMP,dcmp
CESR,cesr
R.St,r.st
T.Ed,t.ed
Wm.St.,wm.st.
Oriental and Slavic Languages and Literatures,oriental and slavic languages and literatures
ANATOMY,anatomy
I.S.,i.s.
A.Math.,a.math.
Arch.E.,arch.e.
"Biology-Environmental, Population, and Organismic","biology-environmental, population, and organismic"
Scandinavian Languages and Literatures,scandinavian languages and literatures
Anesthesiology,anesthesiology
CMCI,cmci
BBGN,bbgn
CNPH,cnph
APPLIED MATHEMATICS,applied mathematics
Phon,phon
PRMD,prmd
Hum.,hum.
P.Sc,p.sc
Radiol,radiol
Ch.St,ch.st
PHARMACY-PHARMACEUTICS,pharmacy-pharmaceutics
Biological,biological
East Asian Languages,east asian languages
ETHNIC STUDIES,ethnic studies
CHEMISTRY AND BIOCHEMISTRY,chemistry
Port,port
Thtr.,thtr.
Nat.Sci.,nat.sci.
O.Ad,o.ad
Business Economics,business economics
FRENCH AND ITALIAN,french and italian
CERAMICS,ceramics
Atmospheric and Oceanic Sciences,atmospheric and oceanic sciences
IPHY,iphy
CINE,cine
JRNL,jrnl
MDST,mdst
Music (MUSC),music (musc)
TDXD,tdxd
CSPB,cspb
APRD,aprd
LIBR,libr
MSBX,msbx
MSBC,msbc
Anthropology (ANTH),anthropology (anth)
"Civil, Environmental & Architectural Engineering","civil, environmental & architectural engineering"
Asian Languages and Civilizations,asian languages and civilizations
Interdepartmental Courses,interdepartmental courses
KREN,kren
Black Studies,black studies
Sheet Metal,sheet metal
Auto Body and Fender,auto body and fender
ATLAS,atlas
Aerospace Engineering Sciences,aerospace engineering sciences
History (HIST),history (hist)
HIND,hind
FRSI,frsi
"Electrical, Computer & Energy Engineering","electrical, computer & energy engineering"
ENVM,envm
Cinema Studies & Moving Image Arts,cinema studies & moving image arts
ORGL,orgl
OREC,orec
Psychology (PSYC),psychology (psyc)
"Speech, Language and Hearing Sciences","speech, language and hearing sciences"
Society,society
Rom,rom
PAINTING/WATERMEDIA,painting/watermedia
O.Ad.,o.ad.
PRINTMAKING,printmaking
LAMS,lams
HUMANITIES,humanities
Finance (FNCE),finance (fnce)
Astrophysical and Planetary Sciences,astrophysical and planetary sciences
YIDD,yidd
Humn,humn
Chemistry (CHEM),chemistry (chem)
Music Electives (MUEL),music electives (muel)
CU-Boulder,cu-boulder
Chicana/o Studies,chicana/o studies
Chemistry and Biochemistry,chemistry
Leeds School of Business,leeds school business
Chemical and Biological Engineering,chemical and biological engineering
Geography (GEOG),geography (geog)
Energy Engineering,energy engineering
French (FREN),french (fren)
F.A.H.,f.a.h.
P.Sci,p.sci
F.A.H,f.a.h
Arch.E,arch.e
E.C.E.,e.c.e.
PHCH,phch
Museum,museum
French & Italian,french & italian
East Asian Languages & Civilizations,east asian languages & civilizations
American Indian Studies,american indian studies
Applied Math,applied math
Jpn,jpn
Oriental Languages and Literatures,oriental languages and literatures
Engi,engi
Wm.St,wm.st
BLACK STUDIES,black studies
Theory/Composition,theory/composition
Biomet.,biomet.
Ch.St.,ch.st.
ORIENTAL LANGUAGES AND LITERATURES,oriental languages and literatures
Scandinavian Languages,scandinavian languages
Construction,construction
IPHYS,iphys
Operations and Information Management,operations and information management
Org.Mg,org.mg
Microbiol.,microbiol.
Org. Mgmt.,org. mgmt.
ENVIRONMENTAL DESIGN DIVISION,environmental design division
F.A,f.a
Seminars,seminars
Law School,law school
MI,mi
CLAS/HUMN,clas/humn
HEBR/JWST,hebr/jwst
Education (EDUC),education (educ)
HADM,hadm
None,none
MB,mb
COUN,coun
IDE,ide
PUAD,puad
Electrical & Computer Engineering (ECEN),electrical & computer engineering (ecen)
OPWL,opwl
Speech ● Theatre,speech ● theatre
Audiology and Hearing Sciences,audiology and hearing sciences
Education and Social Policy,education and social policy
African and Asian Languages,african and asian languages
Management (MGMT),management (mgmt)
English (ENGL),english (engl)
Comparative Ethnic Studies,comparative ethnic studies
American,american
JPLIT,jplit
GEOG/GEOL,geog/geol
Zooloqy,zooloqy
Physics (PHYS),physics (phys)
Law and Politics,law and politics
Linguistics (LING),linguistics (ling)
Art and Archaeology,art and archaeology
MBIO,mbio
BIMD,bimd
Instrumental,instrumental
Music Technology,music technology
Sinology,sinology
International Politics,international politics
Political Theory,political theory
H AND PLANETARY  SCIENCES,h and planetary  sciences
P E-P,p e-p
SPANISH (SPAN),spanish (span)
Ed Fdn,ed fdn
ETEC,etec
Business Technology,business technology
Film/Video,film/video
NURSING-PHARMACY,nursing-pharmacy
Economics-Philosophy,economics-philosophy
"Education, Home Economics","education, home economics"
"PHYSICAL EDUCATION, HEALTH","physical education, health"
GUIDANCE AND COUNSELING,guidance and counseling
"ENGINEERING, CHEMICAL","engineering, chemical"
Nutr,nutr
MBOANA,mboana
DIVISION C,other
Kinesiotherapy,kinesiotherapy
Nuclear Medicine Imaging,nuclear medicine imaging
Occ Th,occ th
ACC,acc
COM DS,com ds
ED FDN,ed fdn
STAA,staa
C&J,c&j
WOMEN STUD,women stud
VE,ve
AFRO,afro
Pol Sc,pol sc
Couns,couns
COMMUNICATIVE DISORDERS,communicative disorders
COLLEGE OF BUSINESS ADMINISTRATION,college business administration
ED-LLC,ed-llc
COLLEGE OF FINE ARTS,college fine arts
WRITE,write
WORLD LANGUAGES,world languages
BRNCOFIT,brncofit
SPS,sps
MEDIA,media
URBAN,urban
"Information Technology (IT), Operational Technology (OT), and Internet of Things (IOT)","information technology (it), operational technology (ot), and internet things (iot)"
IDS,ids
IPS,ips
GEOSCIENCES,geosciences
MECHANICAL AND BIOMEDICAL ENGINEERING,mechanical and biomedical engineering
ENVSTD,envstd
BASQ-STD,basq-std
GENDER,gender
ENGLIT,englit
College of Fine Arts,college fine arts
Homemaking,homemaking
Theory,theory
"Education, Health, Physical Education, & Recreation","education, health, physical education, & recreation"
"EDUCATION, HOME ECONOMICS","education, home economics"
Mathematics and Astronomy,mathematics and astronomy
S P E E C H,s p e e c h
Machine Shop,machine shop
Mechanical Vibrations,mechanical vibrations
"Education, Educational and Administrative Services","education, educational and administrative services"
"Education, Industrial Arts","education, industrial arts"
General and Comparative,general and comparative
"EDUCATION, INDUSTRIAL ARTS","education, industrial arts"
P H A R M A C Y,p h a r m a c y
College of Business Administration,college business administration
"Engineering, Mechanical English","engineering, mechanical english"
FOUNDATIONS OF EDUCATION,foundations education
"Education, Library Science","education, library science"
COURSES IN FOUNDATIONS OF EDUCATION,courses in foundations education
LATIN LANGUAGE AND LITERATURE,latin language and literature
M E,m e
C E,c e
Food and Domestic Science,food and domestic science
THEORY OF MUSIC,theory music
DEPARTMENT OF HYGIENE AND PHYSICAL EDUCATION,hygiene and physical education
GERMAN LANGUAGE AND LITERATURE,german language and literature
"Education, Elementary","education, elementary"
COMMUNICATION & JOURNALISM,communication & journalism
INTERDISCIPLINARY STUDIES,interdisciplinary studies
TLT,tlt
DIVISION OF EDU,edu
"Education, Health, Physical Education, and Recreation","education, health, physical education, and recreation"
Art-Education,art-education
Painting and Design,painting and design
Modern and Classical Languages-Music,modern and classical languages-music
GREEK LANGUAGE AND LITERATURE,greek language and literature
Secretarial Science,secretarial science
Diagnostic Medical Sonography,diagnostic medical sonography
AfrAmSt,aframst
Navajo,navajo
Pharmacokinetics,pharmacokinetics
Nutrition/Dietetics,nutrition/dietetics
BIOMEDICAL SCIENCE,biomedical science
SWAHIL,swahil
AM ST,am st
ELECTRICAL AI,electrical ai
Recrea,recrea
NGUAGES AND LITERATURES,nguages and literatures
ASIAN LANGUAGES,asian languages
Food Research Institute,food research institute
Product Design,product design
SSE,sse
CTE,cte
SCHOOL OF HUMANITIES AND SCIENCE,school humanities and science
AERONAUTICS AND ASTRONAUTICS,aeronautics and astronautics
INDUSTRIA,industria
SCHOOL OF HUMANITIES AND SCIEI,school humanities and sciei
SCHOOL OF HUMANITIES AND SCIEN,school humanities and scien
INES,ines
Engineering Mathematics,engineering mathematics
EMEC,emec
Thermosciences,thermosciences
SCHOOL OF EARTH SCIENCES,school earth sciences
ENGINEERING-ECONOMIC SYSTEMS,engineering-economic systems
School of Engineering,school engineering
Petroleum Engineering,petroleum engineering
EARTH SCIENCES,earth sciences
Humanities and Sciene,humanities and sciene
APA,apa
Asian Language,asian language
ONISCIVIL ENGINEERING,oniscivil engineering
Applied Earth Sciences,applied earth sciences
Bio Sciences,bio sciences
SEDN,sedn
GEOPHYSICS,geophysics
IPM,ipm
NCES,nces
Astronautics and Astronautics,astronautics and astronautics
MATE,mate
O.R.,o.r.
A.M.,a.m.
"IDE, SSE","ide, sse"
HUMANITIES SPECIAL PROGRAMS,humanities special programs
Asian Languages,asian languages
Biogeography,biogeography
School of Earth Sciences,school earth sciences
ALLIED MEDICAL SCIENCES,allied medical sciences
Public Affairs Communication,public affairs communication
Mathematical Models in Behavioral Sciences,mathematical models in behavioral sciences
AA,aa
Mineral Engineering,mineral engineering
SCHOOL OF HUMANITIES AND SCIENCES,school humanities and sciences
PETROLEUM ENGINEERING,petroleum engineering
School of Humanities and Science,school humanities and science
Curriculum and Teacher Education,curriculum and teacher education
All Areas,all areas
MAT,mat
COUNSELING PSYCHOLOGY,counseling psychology
Area Studies,area studies
A.E.S.,a.e.s.
Appl. Phys.,appl. phys.
UNDERGRADUATE COURSES,undergraduate courses
Econometrics,econometrics
International Economics,international economics
STOR CHARRED COLOCICAL SCIENCES,stor charred colocical sciences
Schience,schience
ENCINEERING,encineering
Art and Architecture,art and architecture
OTHER,other
Engineering-Economic Systems,engineering-economic systems
Broadcasting and Film,broadcasting and film
APPLIED PHYSICS,applied physics
Slavic Linguistics and Literatures,slavic linguistics and literatures
Philosophy of Education,philosophy education
School of Humanities and Sciences,school humanities and sciences
CISE,cise
Acc,acc
Paleontology,paleontology
Humanities and Sciences,humanities and sciences
International Law and Relations,international law and relations
Civ Engr,civ engr
Administration,administration
UNA BEIBIOLOGICAL SCIENCES,una beibiological sciences
Earth Sci.,earth sci.
"Mineralogy, Petrology, and Geochemistry","mineralogy, petrology, and geochemistry"
Physiology and Medicine,physiology and medicine
Mining Engineering,mining engineering
HUMANITIES AND SCIENCES,humanities and sciences
ECONOMIC GEOLOGY,economic geology
THEATER AND DRAMA,theater and drama
Language and Communication,language and communication
ENSEMBLE,ensemble
ARTHIST,arthist
STEM,stem
COID,coid
STEM-ED,stem-ed
EOHS,eohs
MEDIAPRO,mediapro
ITM,itm
GEOSCI,geosci
IEP,iep
CONFLICT,conflict
ED-ESP,ed-esp
PRO,pro
CW,cw
CIFS,cifs
Theatre Arts,theatre arts
IEPATH,iepath
SCM,scm
Urban Studies and Community Development,urban studies and community development
Write,write
EDTECH,edtech
WORLD,world
"ART, DESIGN, AND VISUAL STUDIES","art, design, and visual studies"
RADIOLOGIC SCIENCES,radiologic sciences
CMGT,cmgt
ED-CIFS,ed-cifs
Film—Film and Television Arts,film—film and television arts
Media,media
User Experience,user experience
Humanities and Science,humanities and science
HUMANITIES AND SCIENCE,humanities and science
MINERAL ENGINEERING,mineral engineering
SCHOOL OF HUMANITIES AND SCIENC,school humanities and scienc
Petroleum and Mineral,petroleum and mineral
CIVIL EN,civil en
A.A.,a.a.
OTHER DEPA,other depa
Public Law,public law
Cell Biology and Biological Sciences,cell biology and biological sciences
E.E.S,e.e.s
Applied Mechanics,applied mechanics
Theater and Drama,theater and drama
Mat.Sci.,mat.sci.
SED,sed
E.E.S.,e.e.s.
Spanish and Spanish American Literature,spanish and spanish american literature
Govt,government
INDUSTRIAL ENGINEERING,industrial engineering
"OTHER DEPARTMENTS, INSTITUTES, AN","other departments, institutes, an"
Communit,communit
ROBERT O. ANDERSON SCHOOLS OF MANAGEMENT,robert o. anderson schools management
Dental Assisting,dental assisting
Graduate Courses,graduate courses
HUMAN SERVICES,human services
LT-AM,lt-am
Ethnology,ethnology
"Linguistics, Philology, and Methodology","linguistics, philology, and methodology"
ARCHITECTURE AND PLANNI,architecture and planni
SP COM,sp com
Clinical Science,clinical science
IAL,ial
Classical Lang,classical lang
NUCL,nucl
Astronomy (ASTR),astronomy (astr)
Ling/Engl,ling/engl
I Ed,i ed
SPC ED,spc ed
Quaternary Studies,quaternary studies
Physical Therapist,physical therapist
Ed Adm,ed adm
P E,p e
Afro-Am Studies,afro-am studies
Electrical A,electrical a
Ec,ec
GPE,gpe
Modern at,modern at
School of Medicine,school medicine
Y AND REGIONAL PLANNING,y and regional planning
Electrical and Computer Science,electrical and computer science
"Education, Educational Administration","education, educational administration"
MSET,mset
"ENGINEERING, NUCLEAR","engineering, nuclear"
BUSINESS AND ADMINISTRATIVE SCIENCES,business and administrative sciences
PHILOSOPHY-PHYSICS AND ASTRONOMY,philosophy-physics and astronomy
PHYSICS AND ASTRONOM Y,physics and astronom y
"E DUC A TI ON, HE ALTH, P H Y SIC AL E DUC A TI ON & REC REA","e duc a ti on, he alth, p h y sic al e duc a ti on & rec rea"
B. Spanish American Literature,b. spanish american literature
"ENGINEERING, ELECTRICAL AND COMPUTER SCIENCE","engineering, electrical and computer science"
"E DUCATION, HEALTH, PHYSICAL EDUCATION & RECREATION","e ducation, health, physical education & recreation"
Engineering — Electrical and Computer Science,engineering — electrical and computer science
"Ethnology, General","ethnology, general"
GEOGRAPHY-GEOLOGY,geography-geology
Architecture -- Art,architecture -- art
Primate Studies,primate studies
Nat Am,nat am
MEDIA ARTS,media arts
Southwest Studies,southwest studies
Phy Th,phy th
CRIMINOLOGY,criminology
Pub Admn,pub admn
UNM,unm
PIANO,piano
CIED,cied
Business and Administrative Sciences,business and administrative sciences
Computing Science,computing science
ROM,rom
PHI,phi
Hygiene and Physical Education,hygiene and physical education
E T,e t
BUS-TC,bus-tc
Spc Ed,spc ed
Eng-,eng-
E C O N O M I C S,e c o n o m i c s
Ch E,ch e
DENTAL ASSISTING,dental assisting
DRAMATIC ART-ECONOMICS,dramatic art-economics
Electrical Engineering and Computer Science,electrical engineering and computer science
E DUC A T I O N,e duc a t i o n
Engineering - Electrical and Computer Science,engineering - electrical and computer science
NAVAL SCIENCE-NURSING,naval science-nursing
Mod Lang,mod lang
MECHANICAL-NUCLEAR,mechanical-nuclear
GUIDANCE,guidance
MEDICAL SCIENCES,medical sciences
NUCLEAR MEDICINE TECHNOLOGY,nuclear medicine technology
"EDUCATION, CURRICULUM AND INSTRUCTION (GENERAL)","education, curriculum and instruction (general)"
"EDUCATION, EDUCATIONAL ADMINISTRATION","education, educational administration"
"EDUCATION, GUIDANCE AND COUNSELING","education, guidance and counseling"
"Engineering, Electrical and Computer Science","engineering, electrical and computer science"
NVL,nvl
"Biology, Biochemistry, Biophysics, Chemical Biology, Chemistry, Pharmacology, Physics and Astronomy","biology, biochemistry, biophysics, chemical biology, chemistry, pharmacology, physics and astronomy"
Vocal,vocal
PEDAGOGY,pedagogy
COURSES IN GUIDANCE AND COUNSELING,courses in guidance and counseling
Home Econ.,home econ.
Industrial,industrial
Romance Languages and Literature,romance languages and literature
Professional,professional
Voc Bus Ed,voc bus ed
"EDUCATION, SPECIAL EDUCATION","education, special education"
RUSSIAN STUDIES,russian studies
Educational Curriculum and Instruction (General),educational curriculum and instruction (general)
"Education, Guidance and Special Education","education, guidance and special education"
EN GLISH,en glish
Speech Pathology and Audiology,speech pathology and audiology
PRACTICAL MECHANICS,practical mechanics
Dressmaking,dressmaking
Foods and Cookery,foods and cookery
Home Econ,home econ
DEPARTMENT OF MATHEMATICS,mathematics
ENGLISH LANGUAGE AND RHETORIC,english language and rhetoric
Shop Work,shop work
Rhetoricals,rhetoricals
Latin Language and Literature,latin language and literature
PHYSICAL SCIENCE,physical science
"E DUCATION, CURRICULUM AND INSTRUCTION (GENERAL)","e ducation, curriculum and instruction (general)"
"Education, Health, Physical Education & Recreation","education, health, physical education & recreation"
Property and Natural Resources,property and natural resources
DA,da
SPEECH COMMUNICATION-THEATRE ARTS,speech communication-theatre arts
"HEALTH, PHYSICAL EDUCATION & RECREATION","health, physical education & recreation"
"E N G I N E E R I N G, C I V I L","e n g i n e e r i n g, c i v i l"
"E DUCATION, SECONDARY","e ducation, secondary"
Public Finance,public finance
L. LINGUISTICS AND PHILOLOGY,l. linguistics and philology
Marine Biology and Oceanography,marine biology and oceanography
HISTORY AND LITERATURE OF MUSIC,history and literature music
ART AND ARCHITECTURE,art and architecture
CHEMISTRY AND CHEMICAL ENGINEERING,chemistry and chemical engineering
School of Mineral Sciences,school mineral sciences
It,it
AG. GERMAN,ag. german
MODERN EUROPEAN LANGUAGES,modern european languages
Chemistry and Chemical Engineering,chemistry and chemical engineering
International Relations Theory,international relations theory
International Law,international law
Comparative Government,comparative government
Graduate Division,graduate division
RADIO AND TELEVISION,radio and television
SPEECH AND DRAMA,speech and drama
E.M.,e.m.
Undergraduate Courses,undergraduate courses
Min.E,min.e
C.S,c.s
COMMUNICATION AND JOURNALISM,communication and journalism
SEMINARS AND INDIVIDUAL STUDY FOR ADVANCED GRADUATE STUDENTS,seminars and individual study for advanced graduate students
TS,ts
Public Address,public address
Allied Medical Sciences,allied medical sciences
A SCHOOL OF ENGINEERING,a school engineering
ENGINEERING MECHANICS,engineering mechanics
MUSICAL PERFORMANCE,musical performance
App. Earth Sci.,app. earth sci.
Human Biology,human biology
HSS,hss
GERMAN STUDIES,german studies
Aut,aut
East Asian Languages and Cultures,east asian languages and cultures
ENGLISH AS A FOREIGN LANGUAGE,english as a foreign language
HUMAN BIOLOGY,human biology
TIMA,tima
Screenwriting,screenwriting
Broadcasting,broadcasting
Television,television
Performance Practices,performance practices
Government Control of Business,government control business
RHETORIC AND PUBLIC SPEAKING,rhetoric and public speaking
Aeronautics,aeronautics
PHASIAN LANGUAGES,phasian languages
Nuclear Eng.,nuclear eng.
Italian Division,italian division
AAAS,aaas
Industrial Management,industrial management
Linguistic Anthropology,linguistic anthropology
Public Administration and Public Policy,public administration and public policy
"PHYSICAL EDUCATION, AND RECREATION","physical education, and recreation"
CULTURAL PERSPECTIVES,cultural perspectives
Engg,engg
MATERIALS SCIENCE AND ENGINEERING,materials science and engineering
VTSS,vtss
German Literature and Culture,german literature and culture
Civ,civ
European Economic History,european economic history
Administration and Policy Analysis,administration and policy analysis
MARTIAL ARTS,martial arts
IC,ic
MBICB,mbicb
Food Research,food research
INTERNATIONAL RELATIONS,international relations
Not mentioned,not mentioned
LLC,llc
STEP,step
Industrial ENG,industrial eng
Modern Thought and Literature,modern thought and literature
Health Research and Policy,health research and policy
Asian Lang.,asian lang.
AP,ap
INDUSTRIAL ENG,industrial eng
SEPETROLEUM ENGINEERING,sepetroleum engineering
STOAPPLIED EARTH SCIENCES,stoapplied earth sciences
Radiation Oncology,radiation oncology
HISTORY OF ART,history art
Personnel Administration,personnel administration
Student Affairs,student affairs
EF Religious Studies,ef religious studies
Elec E,elec e
DISPANISH AND PORTUGUESE,dispanish and portuguese
Env Sci,env sci
VAI,vai
African and Afro-American Studies,african and afro-american studies
S S S SERVICES NASIAN LANGUAGES,s s s services nasian languages
AI,ai
Soil Mechanics,soil mechanics
Structural Engineering,structural engineering
PALEONTOLOGY AND STRATIGRAPII',paleontology and stratigrapii'
R,r
SL,sl
Stat.,stat.
PH.D. COURSES,ph.d. courses
Mil Sci,mil sci
LawNETES,lawnetes
ERG,erg
CLIT,clit
"Cultures, Ideas, and Values","cultures, ideas, and values"
CIV,civ
OMA,oma
INGLE,ingle
Medical Information Sciences,medical information sciences
Molecular and Cellular Physiology,molecular and cellular physiology
Information Technology,information technology
SO,so
C. MODERN EUROPE,c. modern europe
Mineral Sciences,mineral sciences
DESIGN,design
SEITIMAMUH SOCART,seitimamuh socart
CST,cst
HEALTH RESEARCH AND POLICY,health research and policy
"Science, Technology, and Society","science, technology, and society"
ATHLETIC,athletic
Overseas Studies,overseas studies
Communication-Journalism,communication-journalism
COURSES IN JAPANESE,courses in japanese
Russian and Slavic,russian and slavic
Geostatistics,geostatistics
DR:X,dr:x
Germanics,germanics
Phonetics,phonetics
Comp. Sci.,comp. sci.
AES,aes
Mat. Sci. Eng.,mat. sci. eng.
African Languages,african languages
FOREIGN LANGUAGES,foreign languages
SOCIAL AND CULTURAL IN ANTHROPOLOGY,social and cultural in anthropology
M. S.E,m. s.e
ANCIENT HISTORY,ancient history
SCHOOL OF HUMANITIES,school humanities
SICH SCONOMICS,sich sconomics
Astronautics and Aeronautics,astronautics and aeronautics
LAC,lac
Japanese Studies,japanese studies
Rhetoric and Public Speaking,rhetoric and public speaking
Data Processing,data processing
Hispanic American Studies,hispanic american studies
Mathematical Economics,mathematical economics
FIMAANTHROPOLOGYS,fimaanthropologys
ERITIMAMUHPSYCHOLOGY,eritimamuhpsychology
Hispanic,hispanic
School of Humanities,school humanities
Literature Courses,literature courses
Marine Station,marine station
AMD SCIENCES,amd sciences
Social Anthropology,social anthropology
"CTE, PSE","cte, pse"
"Electrical Engineering, Computer Science, and Computer Systems Engineering","electrical engineering, computer science, and computer systems engineering"
Geological and Environmental Sciences,geological and environmental sciences
History and Literature,history and literature
Italia,italia
OCWA,ocwa
SMA,sma
Lusophone,lusophone
ITE,ite
Undergraduate,undergraduate
EOLOGICAL AND ENVIRONMENTAL SCIENCES,eological and environmental sciences
DVIR COMPUTER SCIENCE,dvir computer science
Symbolic Systems,symbolic systems
Biotechnology,biotechnology
Christianity,christianity
Expert Systems,expert systems
Political and Comparative/Historical Sociology,political and comparative/historical sociology
Structural Biology,structural biology
Robotics,robotics
SLAVIC UNDERGRADUATE,slavic undergraduate
Social Psychology,social psychology
SDRAMA,sdrama
GRADAUTE COURSES,gradaute courses
Communication: Comparative Literature and Theatre,communication: comparative literature and theatre
IEEM,ieem
BOAPPLIED EARTH SCIENCES,boapplied earth sciences
Condensed Matter Physics,condensed matter physics
Geotechnical Engineering,geotechnical engineering
Quantum Electronics,quantum electronics
Philosophy and Religious Studies,philosophy and religious studies
Western Culture Program,western culture program
Earth Systems,earth systems
Mechanics of Solids,mechanics solids
Other Social Science,other social science
GAMEPSYCHOLOGY,gamepsychology
Aero/Astro,aero/astro
Computer Sci,computer sci
AEST,aest
Slavic Studies,slavic studies
Center for Latin American Studies,center for latin american studies
Construction Engineering and Management,construction engineering and management
IDE AND SELTIMANUPSYCHOLOGY,ide and seltimanupsychology
Chem Eng,chem eng
EBiological Sciences,ebiological sciences
Not given,not given
MAC,mac
CTL,ctl
CHARDE,charde
Overseas Studies Program,overseas studies program
European Studies,european studies
Minist Studies,minist studies
Advanced Undergraduate and Graduate,advanced undergraduate and graduate
Civ Eng,civ eng
Urban Design,urban design
BCIENCES,bciences
Water Resources,water resources
Athletic,athletic
SIBUDET,sibudet
PETR,petr
Political Sciences,political sciences
SOMEROS,someros
HASS,hass
DIOPERATIONS RESEARCH,dioperations research
Geophys.,geophys.
Chem. Engr.,chem. engr.
H&S,h&s
"Slavic Languages, and Eiterature","slavic languages, and eiterature"
BioSci,biosci
International Development and Education,international development and education
Remote Sensing,remote sensing
Martial Arts,martial arts
COMBIOS,combios
STONES ONA Seiti religious studies,stones ona seiti religious studies
SCH,sch
"TECHNOLOGY, SCIENCE, AND SOCIETY","technology, science, and society"
Psychological Studies in Education,psychological studies in education
COLT,colt
Population Studies,population studies
Development Studies,development studies
Portuguese Program,portuguese program
PRODUCTION SCIENCES,production sciences
Mass Communications,mass communications
Space Science and Astrophysics,space science and astrophysics
Quantitative Economics,quantitative economics
SLAVIC LANGUAGES AND LITERATURE,slavic languages and literature
IECONOMICS,ieconomics
Sida fipid,sida fipid
Biological and Medical Aspects,biological and medical aspects
ART EDUCATION,art education
E and hydraulic engineering,e and hydraulic engineering
ART HISTORY AND THEORY,art history and theory
PALEONTOLOGY AND STRATIGRAPHY,paleontology and stratigraphy
SCHOOL OF MINERAL SCIENCES,school mineral sciences
Ancient History,ancient history
J,j
ACCOUNTANCY,accountancy
Japanese Literature and Language,japanese literature and language
ENGIST,engist
ICES,ices
HMS,hms
CES,ces
Geosciences,geosciences
VCES,vces
Biological and Sciences,biological and sciences
Sports and Individual Activities,sports and individual activities
Mining,mining
Acoustics,acoustics
AVIC LANGUAGES AND LITERATURES,avic languages and literatures
Social Sciences in Education,social sciences in education
SCIVIL ENGINEERING,scivil engineering
Nuclear Science,nuclear science
IHEEVIO,iheevio
Civ. Engr.,civ. engr.
APPLIED EARTH SCIENCES,applied earth sciences
EAST ASIA,east asia
Sports,sports
AND,and
Geomath,geomath
NELECTRICAL ENGINEERING,nelectrical engineering
Mech. E.,mech. e.
Nuclear Eng,nuclear eng
Civil Eng,civil eng
Curriculum and Teaching,curriculum and teaching
H8891,h8891
REM,rem
AL AND ENGINEERING MANAGEMENT,al and engineering management
METOZ,metoz
Composition and Theory,composition and theory
ATHLETICS II,athletics ii
CHICANO STUDIES,chicano studies
ABOULGED HTRAE ROGEOLOGY,aboulged htrae rogeology
CHE CONSINESS AND SCIENCE,che consiness and science
CA,ca
Environmental Earth Sciences,environmental earth sciences
Asian Lang,asian lang
Religions,religions
Sister of Punnullier Avid Sciences,sister punnullier avid sciences
TECHNOLOGY,technology
Engineering M,engineering m
LINGUISTIC ANTHROPOLOGY,linguistic anthropology
Engineering Law,engineering law
NATIVIT ONVIDONAHA AND SCIE,nativit onvidonaha and scie
TERIALS SCIENCE AND ENGINEERING,terials science and engineering
Energy,energy
PHYSI,physi
HUMANITIES AND SCIEN,humanities and scien
RELIGIOUS THINKERS,religious thinkers
"ATHLETICS, PHYS","athletics, phys"
"CAL EDUCATION, AND RECREATION","cal education, and recreation"
ATHLETICS,athletics
BIOLOGICA,biologica
Luso-Brazilian Studies,luso-brazilian studies
Communiation,communiation
POLITICAL SCIENCES,political sciences
Graduate Program,graduate program
Neurosciences Program,neurosciences program
BMICH,bmich
NEUROLOGY,neurology
CIVIDIENGINEERING,cividiengineering
MBIOS C SPANISH AND PORTUGUESE,mbios c spanish and portuguese
BCC,bcc
Chinese Literature,chinese literature
Mat Sci,mat sci
FEMINIST STUDIES,feminist studies
Drawing and Painting,drawing and painting
School of Law,school law
Ap Physics,ap physics
DVBIDS (FOOD RESEARCH INSTITUTE),dvbids (food research institute)
Geo.,geo.
Mathematics/Computer Science,mathematics/computer science
Costume Design,costume design
Lighting Design,lighting design
NEERING AND ENGINEERING MANAGEMENT,neering and engineering management
BCAPPLIED EARTH SCIENCES,bcapplied earth sciences
ECHECE,echece
OMIATCOMPUTER SCIENCES,omiatcomputer sciences
Japanese for Professionals,japanese for professionals
Radio and Television,radio and television
SP. SPANISH,sp. spanish
GERMANIC AND ROMANIC LANGUAGES,germanic and romanic languages
ENGEISH,engeish
Min.E.,min.e.
ASIATIC AND SLAVIC STUDIES,asiatic and slavic studies
Aerodynamics and Aerospace Engineering,aerodynamics and aerospace engineering
Government Control of Labor Relations,government control labor relations
History and Literature of Music,history and literature music
STENL,stenl
HISLINGHOR OF HUMMUN FOR ENGLISH,hislinghor hummun for english
ALLED MEDICAL SCIENCES,alled medical sciences
Russian and Slavic Courses,russian and slavic courses
Speech Sciences,speech sciences
HSS (Humanities & Sciences),hss (humanities & sciences)
Curriculum and Instruction in Secondary School Major,curriculum and instruction in secondary school major
HAS,has
"E N G I N E E R I N G,  E L E C T R I C A L","e n g i n e e r i n g,  e l e c t r i c a l"
Geography-GEOLOGY,geography-geology
"ENGINEERING, ELECTRICAL-MECHANICAL","engineering, electrical-mechanical"
"ENGINEERING, CHEMICAL-CIVIL","engineering, chemical-civil"
Physical Education & Recreation,physical education & recreation
Biomed,biomed
Library,library
DOLS OF MANAGEMENT,dols management
E&PS,e&ps
Culture Studies,culture studies
PsyFdn,psyfdn
Wm St,wm st
A. PENINSULAR LITERATURE,a. peninsular literature
Comp L,comp l
Biology (Biol),biology (biol)
Instructional Technologies,instructional technologies
RTH & PLANETARY SCIENCES,rth & planetary sciences
RCHITECTURE AND PLANNING,rchitecture and planning
Physical Therapy (Phy Th),physical therapy (phy th)
NAS,nas
H Sci,h sci
MUNICATION & JOURNALISM,munication & journalism
Earth & Planetary Sciences,earth & planetary sciences
BULE,bule
SAS,sas
Department of Home Economics,home economics
School of Applied Science,school applied science
CURRENT EVENTS,current events
LATIN AMERICA,latin america
A E,a e
SCHOOL OF APPLIED SCIENCE,school applied science
UNIVERSITY OF NEW MEXICO,university new mexico
COLLEGE OF LETTERS AND SCIENCE,college letters and science
MECHANICAL DRAWING,mechanical drawing
Home Ec,home ec
Economic Geology,economic geology
APPLIED SCIENCE,applied science
Department of the English Language and Rhetoric,the english language and rhetoric
HISTOLOGY,histology
Freshman Latin,freshman latin
Sophomore Latin,sophomore latin
Chemical-Engineering,chemical-engineering
M Lang,m lang
Counseling and Family Studies,counseling and family studies
"Education, General Professional","education, general professional"
Psychology-Sociology,psychology-sociology
CRAFTS AND COMMERCIAL ART,crafts and commercial art
Graduate Study,graduate study
Sanitary Engineering,sanitary engineering
History of Education,history education
DEPARTMENT OF HOME ECONOMICS,home economics
Ind. Arts,ind. arts
CLASSICAL LANGUAGES,classical languages
"EDUCATION, ELEMENTARY","education, elementary"
"EDUCATION, ART-EDUCATION, ELEMENTARY","education, art-education, elementary"
Spanish American Literature,spanish american literature
PSYCHOLOGY EDUCATION,psychology education
Commun.,commun.
Governmental Accounting,governmental accounting
"ENGINFERING, CIVIL","enginfering, civil"
Money and Banking,money and banking
Corporation Finance,corporation finance
Household Economics,household economics
Linguisitics,linguisitics
English—Philosophy,english—philosophy
Top.,top.
Carpentry,carpentry
Swimming,swimming
Phys Sci,phys sci
ARTS- AND SCIENCES,arts- and sciences
Public Administration-RUSSIAN STUDIES,public administration-russian studies
"Health, Physical Education & Recreation","health, physical education & recreation"
"Education, Business","education, business"
H Ec,h ec
ELECTRICAL AND COMPUTER SCIENCE,electrical and computer science
F/TV,f/tv
ART STUDIO,art studio
PARKS AND RECREATION,parks and recreation
C & J,c & j
LANGUAGES & LITERATURES,languages & literatures
Earth and Planetary Sciences (E&PS),earth and planetary sciences (e&ps)
Pub Ad,pub ad
Human Sciences,human sciences
NUTRITION/DIETETICS,nutrition/dietetics
P A,p a
Computer/Videographics,computer/videographics
Govt.,govt.
ASIAN STUD,asian stud
Relig,relig
Computer,computer
Quantitative,quantitative
Engr-F,engr-f
GN HON,gn hon
COLLEGE OF PHARMACY,college pharmacy
GROUP II CRAFTS AND COMMERCIAL ART,group ii crafts and commercial art
Fine,fine
Composition,composition
Department of Instruction,instruction
DEPARTMENT OF SPANISH,spanish
Department of Social Science,social science
DEPARTMENT OF HISTORY AND INTERNATIONAL LAW,history and international law
DEPARTMENT OF GERMAN,german
INDUSTRIAL MANAGEMENT,industrial management
Electrical-Engineering,electrical-engineering
"School of Applied Science, Electrical Engineering","school applied science, electrical engineering"
English Composition and Rhetoric,english composition and rhetoric
Department of French,french
Department of English,english
EDUCATIONAL THOUGHT AI,educational thought ai
Communications Studies,communications studies
PAS,pas
THEORY,theory
P E-NP,p e-np
Nuclear Medicine,nuclear medicine
INTERDISCIPLIN ARY STUDIES AND SP,interdisciplin ary studies and sp
IND,ind
Naval,naval
Typewriting,typewriting
"EDUCATION, EDUCATIONAL & ADMINISTRATIVE SERVICES","education, educational & administrative services"
"EDUCATION, ELEM. AND SEC. DEPTS","education, elem. and sec. depts"
TOURNALISM,tournalism
"ENGINEERING, ARCHITECTURAL","engineering, architectural"
EDUCATIONAL FOUNDATIONS,educational foundations
D R A M A T I C  A R T - E C O N O M I C S,d r a m a t i c  a r t - e c o n o m i c s
MODERN LANGUAGES AND LITERATURES,modern languages and literatures
DEPARTMENTS OF ENGINEERING,departments engineering
DEPARTMENTS OF EDUCATION,departments education
P OLITICAL SCIENCE,p olitical science
"Health, Physical Education and Recreation","health, physical education and recreation"
MATHEMATICS AND STATISTICS,mathematics and statistics
SECRETARIAL,secretarial
"Engineering, Chemical-Civil","engineering, chemical-civil"
Biomedical Sciences,biomedical sciences
ART AND ART HISTORY,art and art history
Health Ed,health ed
ING,ing
Architecture and Planning,architecture and planning
EARTI,earti
Physics (PHYC),physics (phyc)
French Studies,french studies
OCTH,octh
"Environment, Science and Technology","environment, science and technology"
Architectural Studies,architectural studies
CULTURAL TEACHER EDUCATION,cultural teacher education
Math/Stats,math/stats
MPT,mpt
HYSICIAN ASSISTANT STUDIES,hysician assistant studies
MEDL,medl
Language and Literacy Studies,language and literacy studies
Department of Mathematics,mathematics
bsychorocy-sociology,bsychorocy-sociology
"EDUCATION, MUSIC","education, music"
GROUP II,group ii
LL,ll
Native American Studies,native american studies
Biblical Studies,biblical studies
DEPARTMENT OF EDUCATION,education
EPARTMENT OF EDUCATIONAL ADMINISTRATION,epartment educational administration
MBQAMA,mbqama
CLINICAL SCIENCE (CLIN S),clinical science (clin s)
AFRO-AMERICAN STUDIES,afro-american studies
SICAL EDUCATION-PROFESSIONAL,sical education-professional
AL AND OCCUPATIONAL EDUCATION,al and occupational education
MECHANICAL ENGIINEERING,mechanical engiineering
Petroleum Geology,petroleum geology
PHYSCS,physcs
OOL OF MANAGEMENT,ool management
Ed. Admin.,ed. admin.
Info,info
Biomedical Technology,biomedical technology
HR,hr
AFAS,afas
ELECTRIC,electric
NUTRITION/PHYSICAL EDUCATION,nutrition/physical education
Plasma Physics II.,plasma physics ii.
PE-P,pe-p
Radiologic and Nuclear Medicine Technologies,radiologic and nuclear medicine technologies
D HYGN,d hygn
ARCHITECUTURE AND PLANNING,architecuture and planning
Middle Ed,middle ed
FAMILY STUDIES EDUCATION,family studies education
Physics & Astronomy,physics & astronomy
Chemical/Nuclear Engineering,chemical/nuclear engineering
H ED,h ed
AL and Computer Engineering,al and computer engineering
CIMIE,cimie
PORTUGUESE (PORT),portuguese (port)
COUNSELING,counseling
Radiation Therapy Technology,radiation therapy technology
"Language, Literacy, and Sociology of Education","language, literacy, and sociology education"
EPY,epy
Ed Tech,ed tech
Biosciences,biosciences
Elem Ed,elem ed
"Language, Literacy and Multilingual Education","language, literacy and multilingual education"
ISTRUCTIONAL TECHNOLOGY,istructional technology
Sport,sport
COMMUN,commun
"Mathematics, Science and Educational Technology (MSET)","mathematics, science and educational technology (mset)"
GOVERNMENT AND SOCIOLOGY,government and sociology
CHNE,chne
CIM,cim
Hospitality Management,hospitality management
ELECTIVE,elective
DOL OF MANAGEMENT,dol management
CIPLINARY STUDIES,ciplinary studies
Special Ed,special ed
LANDSCAPE ARCHITECTURE,landscape architecture
IMI,imi
Internship,internship
ITY,ity
NUTRITION AND DIETETICS,nutrition and dietetics
Sp Ed,sp ed
MLSL,mlsl
BSMLS Medical Laboratory Sciences,bsmls medical laboratory sciences
PROFESS,profess
OOL of Management,ool management
RADIOLOGIC SCIENCE,radiologic science
W St,w st
SIGN,sign
Science Teaching,science teaching
Language Instruction,language instruction
EDUCATI,educati
UNSELING AND FAMILY STUDIES,unseling and family studies
Medical Laboratory,medical laboratory
Health Ed.,health ed.
BUSINESS TECHNO,business techno
Exercise Physiology,exercise physiology
HEALTH EDUCATION (H ED),health education (h ed)
COMP L,comp l
EMICAL-NUCLEAR ENGINEERING,emical-nuclear engineering
EDEX,edex
Public Ed,public ed
THEATRE/DANCE,theatre/dance
MICAL-NUCLEAR ENGINEERING,mical-nuclear engineering
IONAL MEDIA/LIBRARY SCIENCE,ional media/library science
Anderson School,anderson school
PHYSIC,physic
AL EDUCATION-PROFESSIONAL,al education-professional
DIAGNOSTIC MEDICAL SONOGRAPHY (DMS),diagnostic medical sonography (dms)
CAL,cal
COED,coed
Nutrition/Physical Education,nutrition/physical education
Political Analysis,political analysis
L AND COMPUTER ENGINEERING,l and computer engineering
S OF MANAGEMENT,s management
CIVIL ENG,civil eng
III. Literature and Language,iii. literature and language
GENERAL,general
Latin (LATN),latin (latn)
RELST,relst
OML,oml
LLSS,llss
ECONOMICS AND BUSINESS,economics and business
UNIVERSITY,university
Social Arts,social arts
Theoretical Physics,theoretical physics
Clear Medicine Technology,clear medicine technology
DENTAL HYGN,dental hygn
INTERDISCIPLINARY STUDIES AN,interdisciplinary studies an
FSM,fsm
PHTH,phth
Biomedical Science Advanced,biomedical science advanced
Regional Planning,regional planning
Housing,housing
Environmental Planning,environmental planning
Human Growth and Development,human growth and development
HEPE,hepe
FLE,fle
Music Education (Mus Ed),music education (mus ed)
Media Arts (M A),media arts (m a)
ITR,itr
Molecular Virology,molecular virology
Tox,tox
Ed Psy,ed psy
The University of New Mexico,the university new mexico
H Ed,h ed
OOLS OF MANAGEMENT,ools management
EE/Computer Engineering,ee/computer engineering
COMMUNI,communi
M A,m a
Sport and Fitness,sport and fitness
UNM CATALOG 2005-2006,unm catalog 2005-2006
African-American Studies (Af Am),african-american studies (af am)
ECSE,ecse
COIV,coiv
Chemistry (Chem),chemistry (chem)
"Language, Literacy and Research of Native learning styles and effective teaching methods","language, literacy and research native learning styles and effective teaching methods"
U Hon,u hon
Comparative Literature and Cultural Studies,comparative literature and cultural studies
Histo,histo
EdLead,edlead
E N G L I S H,e n g l i s h
Classical Languages,classical languages
"EDUCATION, HEALTH, PHYSICAL EDUCATION, & RECREATION","education, health, physical education, & recreation"
TOPICAL,topical
PS Y C H O L O G Y,ps y c h o l o g y
"EDUCATION, GENERAL PROFESSIONAL","education, general professional"
"E N G I N E E R I N G, C H E M I C A L","e n g i n e e r i n g, c h e m i c a l"
"EDUCATION, EDUCATIONAL AND ADMINISTRATIVE SERVICES","education, educational and administrative services"
MLANG,mlang
"E DUCATIÓN, HEALTH, PHYSICAL EDUCATION, & RECREATION","e ducatión, health, physical education, & recreation"
"ENGIN EERIN G,  C I V I L","engin eerin g,  c i v i l"
MODERN AND CLASSICALLANGUAGES,modern and classicallanguages
"E DUCATION, HEALTH, PHYSICAL EDUCATION, & RECREATION","e ducation, health, physical education, & recreation"
E E,e e
Guidance and Counseling,guidance and counseling
Anthropology—Architecture,anthropology—architecture
"ENGINEERING, CIVIL-ENGINEERING","engineering, civil-engineering"
"EDUCATION, HOME ECONOMICS—INDUSTRAL ARTS","education, home economics—industral arts"
"E DUC ATION, HE ALTH, PHY SIC A L E DUCATION, & RECREATION","e duc ation, he alth, phy sic a l e ducation, & recreation"
P H A R M A C Y-P H I L O S O P H Y,p h a r m a c y-p h i l o s o p h y
Geomorphology,geomorphology
Th,th
Aeronautical,aeronautical
OCCUPATIONAL THERAPY,occupational therapy
Rad Sc,rad sc
IEOR,ieor
"Mathematics, Science, Environmental and Technology","mathematics, science, environmental and technology"
Ethnomusicology,ethnomusicology
MediaArts,mediaarts
ITY AND REGIONAL PLANNING,ity and regional planning
ETSCS,etscs
CO,co
Bil Ed,bil ed
E CONOMICS,e conomics
"E DUCATION, ELEMENTARY","e ducation, elementary"
Arts and Architecture,arts and architecture
NMDI,nmdi
Media/Library Science,media/library science
STRUCTIONAL TECHNOLOGIES,structional technologies
HEALTH SCIENCES,health sciences
"Education, Educational & Administrative Services","education, educational & administrative services"
"E N G I N E E R I N G, E L E C T R I C A L","e n g i n e e r i n g, e l e c t r i c a l"
EDUCATIONAL ADMINISTRATION & ADMI,educational administration & admi
S PEECH,s peech
Commercial Subjects,commercial subjects
DATA PROCESSING,data processing
"C & J, Ling","c & j, ling"
EMT-P,emt-p
PP,pp
Science and Technology,science and technology
Planning and Regional Planning,planning and regional planning
P H Y S I C S  A N D  A S T R O N O M Y,p h y s i c s  a n d  a s t r o n o m y
Architectural Programs,architectural programs
MEDIAARTS,mediaarts
Sociology (Soc),sociology (soc)
El Ed,el ed
D COMPUTER ENGINEERING,d computer engineering
Nuclear-Engineering,nuclear-engineering
"E D U C A T I O N, E D U C A T I N I S T R A T I V E S E R V","e d u c a t i o n, e d u c a t i n i s t r a t i v e s e r v"
PHY T,phy t
"HEALTH, PHYSICAL ED","health, physical ed"
LIB MED,lib med
SCHOOL OF LAW,school law
Biology (BIOL),biology (biol)
OLS,ols
"Engineering, Electrical – Mechanical","engineering, electrical – mechanical"
"EDUCATION, ELEMENTARY AND SECONDARY DEPARTMENTS","education, elementary and secondary departments"
"EDUCATION, HOME ECONOMICS - LIBRARY SCIENCE","education, home economics - library science"
"Education, Elementary and Secondary","education, elementary and secondary"
Howe Economics,howe economics
MSci,msci
BI OLOGY,bi ology
ART STUDIO (ART ST),art studio (art st)
Mu,music
RADIOLOGIC AND NUCLEAR MEDICINE TECHNOLOGIES,radiologic and nuclear medicine technologies
H EC,h ec
Com Sk,com sk
E E I N G,e e i n g
LAW-LINGUISTICS AND LANGUAGE PEDAGOGY,law-linguistics and language pedagogy
ART-EDUCATION,art-education
Radiologic and Nuclear,radiologic and nuclear
A Cctg,a cctg
SAM,sam
Sys,sys
SATE,sate
Family,family
Fashion,fashion
Coun,coun
 Classics,classics
PUBPOL,pubpol
ARABIC (ARAB),arabic (arab)
CHINESE (CHIN),chinese (chin)
Urban and Regional Studies,urban and regional studies
Environmental Studies and Sciences,environmental studies and sciences
Biomedical engineering,biomedical engineering
KENAN-FLAGLER BUSINESS SCHOOL,kenan-flagler business school
Optics,optics
GRA,gra
THEATER,theater
Paleobotany,paleobotany
Dramatic Art (DRAM),dramatic art (dram)
Operations,operations
Environment and Sustainability,environment and sustainability
Health Policy and Management,health policy and management
BUSTEC,bustec
Asian Studies Language Courses,asian studies language courses
Visual Arts,visual arts
AFRIC,afric
SCHOOL OF JOURNALISM AND MASS COMMUNICATION,school journalism and mass communication
Social and Political Philosophy,social and political philosophy
ELED,eled
Bioanthropology,bioanthropology
Pharmacology and Toxicology,pharmacology and toxicology
ENVI,envi
Religion and Culture of the Americas and Early Modern/Historical Studies,religion and culture the americas and early modern/historical studies
Biopsychology,biopsychology
Department of Romance Studies,romance studies
HMP,hmp
"PEACE, WAR, AND DEFENSE","peace, war, and defense"
Public Policy and Planning,public policy and planning
H Adm,h adm
Hotel,hotel
NR,nr
ILROB,ilrob
Theatre Studies,theatre studies
OR&IE,or&ie
Thermodynamics,thermodynamics
Chem E,chem e
Division of Nutritional Sciences,nutritional sciences
AGRICULTURE AND LIFE SCI,agriculture and life sci
FLORICULT,floricult
Environmental and Public Systems,environmental and public systems
Nutrition (NS),nutrition (ns)
ILRCB,ilrcb
FIS,fis
Air S,air s
Hotel Administration,hotel administration
ENCES,ences
AGRICULTURE AND LIFE SCIENCE,agriculture and life science
Nutritional Sciences,nutritional sciences
Neurobiology and Behavior,neurobiology and behavior
Korean Studies,korean studies
Danish,danish
Greek and Latin Linguistics,greek and latin linguistics
Mechanical and Aerospace Engineering,mechanical and aerospace engineering
Agriculture and Life Sciences,agriculture and life sciences
Near Eastern Studies,near eastern studies
CEH,ceh
AIDS,aids
Applied Sciences and Engineering,applied sciences and engineering
Aesthetic/Fine Arts,aesthetic/fine arts
RECREATION AND LEISURE STUDIES,recreation and leisure studies
Mathematical Science,mathematical science
Naval Sciences,naval sciences
Geology and Geography,geology and geography
Theatre Arts (DRAM),theatre arts (dram)
ENVIRONMENT AND ECOLOGY,environment and ecology
Information Network and Library Systems,information network and library systems
History of Cultural Studies,history cultural studies
Interdisciplinary Biomedical Sciences,interdisciplinary biomedical sciences
GRADUATES,graduates
QUANTITATIVE METHODS,quantitative methods
PHARMACEUTICAL POLICY AND EVALUATIVE SCIENCES,pharmaceutical policy and evaluative sciences
BIOST,biost
ENVIRONMENTAL SCIENCES & ENGINEERING,environmental sciences & engineering
Department of Statistics and Operations Research,statistics and operations research
M.P.A.,m.p.a.
PSYCHOLOGY AND NEUROSCIENCE,psychology and neuroscience
Clinical Pharmacy,clinical pharmacy
Arabic (ARAB),arabic (arab)
ND ENGINEERING,nd engineering
Language and Literature,language and literature
GAME,game
Public Health: Health Policy and Management,public health: health policy and management
Educational Policy Studies,educational policy studies
GPA,gpa
World Drama,world drama
CELL AND DEVELOPMENTAL BIOLOGY,cell and developmental biology
WOMEN’S AND GENDER STUDIES,women’s and gender studies
APPLIED SCIENCES AND ENGINEERING,applied sciences and engineering
General Linguistics,general linguistics
SCHOOL OF INFORMATION AND LIBRARY SCIENCE,school information and library science
Gillings School of Global Public Health,gillings school global public health
GC Foreign Language,gc foreign language
DEPARTMENT OF MUSIC,music
Modern,modern
F INFORMATION AND LIBRARY SCIENCE,f information and library science
TED,ted
CUI,cui
"Egy, planning, and operations","egy, planning, and operations"
BEHAVIOR AND HEALTH EDUCATION,behavior and health education
SPhS,sphs
Mental Sciences and Engineering,mental sciences and engineering
GLOBAL STUDIES,global studies
INFORMATION SERVICES AND SPECIFIC POPULATIONS,information services and specific populations
JRNALISM AND MASS COMMUNICATION,jrnalism and mass communication
Applied And Materials Sciences,applied and materials sciences
TH BEHAVIOR AND HEALTH EDUCATION,th behavior and health education
HOSPITAL ADMINISTRATION,hospital administration
F Information and Library Science,f information and library science
SCHO,scho
PLANNING AND URBANISM,planning and urbanism
RLNG,rlng
MEASUREMENT ENGINEERING,measurement engineering
COMMMUNICATION STUDIES,commmunication studies
Tagalog,tagalog
"Guages, Literatures, and Linguistics","guages, literatures, and linguistics"
Industrial and Labor Relations,industrial and labor relations
I&LR,i&lr
Design and Environmental Analysis,design and environmental analysis
Consumer Economics and Housing,consumer economics and housing
Extension Education,extension education
Romance Linguistics and Literature,romance linguistics and literature
Architectural Science and Technology,architectural science and technology
MS&E,ms&e
NS&E,ns&e
Vegetable Crops,vegetable crops
ALS,als
Biology and Society,biology and society
Communication Arts,communication arts
Africana,africana
Human Develo,human develo
Family Financial Management,family financial management
A&EP,a&ep
M&AE,m&ae
Thai,thai
Pomology,pomology
Language and Linguistics,language and linguistics
Nutrition and Food Sciences,nutrition and food sciences
Theoretical and Applied Mechanics,theoretical and applied mechanics
Physiological Optics,physiological optics
Modern Lang,modern lang
Design and Environmental Analysis Courses,design and environmental analysis courses
Plant Breeding,plant breeding
Operations Research and Industrial Engineering,operations research and industrial engineering
Poultry and Avian Sciences,poultry and avian sciences
CGRP,cgrp
"Architecture, Art, and Planning","architecture, art, and planning"
Architectural Science,architectural science
Environmental Technology,environmental technology
Sinhala (Sinhalese),sinhala (sinhalese)
Agricultural and Biological Engineering,agricultural and biological engineering
Statistics and Biometry,statistics and biometry
Labor Economics,labor economics
Environmental and Water Resources,environmental and water resources
Fluid Mechanics and Hydrology,fluid mechanics and hydrology
Sociocultural Anthropology,sociocultural anthropology
Hospitality Administration,hospitality administration
International Agriculture,international agriculture
"Literatures, and Linguistics","literatures, and linguistics"
Family and Human Development Studies,family and human development studies
Plant Pathology and Mycology,plant pathology and mycology
Africana Center,africana center
Vegetable Science,vegetable science
Bioch,bioch
"Energy, Fluids, and Aerospace Engineering","energy, fluids, and aerospace engineering"
"guages, Literatures, and Linguistics","guages, literatures, and linguistics"
Modern Languages and Linguistics,modern languages and linguistics
Germanic Lang,germanic lang
Research and Industrial Engineering,research and industrial engineering
ENGRD,engrd
ILRHR,ilrhr
PL PA,pl pa
AGRICULTURE AND LIFE SC,agriculture and life sc
BIOSM,biosm
ILRST,ilrst
BTRY,btry
BIOPL,biopl
ILRLE,ilrle
R SOC,r soc
BIO G,bio g
TXA,txa
BMEP,bmep
EARTH AND ATMOSPHERIC SCIENCES,earth and atmospheric sciences
BIOGD,biogd
"Art, Literature, and Music","art, literature, and music"
Extension and Continuing Education,extension and continuing education
Design Communication,design communication
Floriculture and Ornamental Horticulture,floriculture and ornamental horticulture
Javanese,javanese
Hospitality,hospitality
International and Comparative Labor Relations,international and comparative labor relations
Accounting and Financial,accounting and financial
CSHS,cshs
EX,ex
Prog,prog
"Ecology, Systematics, and Evolution","ecology, systematics, and evolution"
Graphic Arts,graphic arts
Applied and Engineering Physics,applied and engineering physics
Algebra,algebra
Nav S,nav s
SEA,sea
Music History,music history
Bio Sci,bio sci
Mil S,mil s
Botanical Sciences,botanical sciences
Hotel Adm,hotel adm
Society for the Humanities,society for the humanities
Community Nutrition and Health,community nutrition and health
Afro-American History,afro-american history
Extension,extension
Statistics (Statistical Reasoning),statistics (statistical reasoning)
Nuclear Science and Engineering,nuclear science and engineering
Apparel,apparel
Courses In Russian,courses in russian
Courses In English,courses in english
"Languages, Literatures, and Linguistics","languages, literatures, and linguistics"
Extension Division - Labor Studies and Management Studies,extension - labor studies and management studies
Photo,photo
Mec,mec
Nav,nav
Atmospheric Science,atmospheric science
Social Relations,social relations
"Theatre History, Literature, and Theory","theatre history, literature, and theory"
Cambodian (Khmer),cambodian (khmer)
Burmese,burmese
Economics and Housing,economics and housing
Food and Beverage,food and beverage
Agriculture and Ornamental Horticulture,agriculture and ornamental horticulture
DNS,dns
History and Preservation,history and preservation
Southeast Asian Studies,southeast asian studies
ANE,ane
Africana Studies and Research Center,africana studies and research center
Grams and Interdisciplinary Studies,grams and interdisciplinary studies
Water and Environmental Resources,water and environmental resources
Korean Literature,korean literature
Mathematics and Computer Science,mathematics and computer science
Animal Physiology and Anatomy,animal physiology and anatomy
"Soil, Crop and Atmospheric Sciences","soil, crop and atmospheric sciences"
Plant Sciences,plant sciences
Modern Lan,modern lan
Development and Family Studies,development and family studies
Structures,structures
COM L,com l
BIOMI,biomi
BEE (ABEN),bee (aben)
ASTRO,astro
MIL S,mil s
RUSSL,russl
BIONB,bionb
WOMNS,womns
ENTOM,entom
THETR,thetr
VETMM,vetmm
S&TS,s&ts
VTMED,vtmed
ENGRI,engri
RUSSA,russa
VISST,visst
CIVIL AND ENVIRONMENTAL ENGINEERING,civil and environmental engineering
"THEATRE, FILM & DANCE","theatre, film & dance"
SPANL,spanl
VETCS,vetcs
ARKEO,arkeo
INTAG,intag
SPANR,spanr
CHLIT,chlit
BEE,bee
LSP,lsp
AS&RC,as&rc
PL BR,pl br
Textiles and Apparel,textiles and apparel
ENGLF,englf
S HUM,s hum
BIOAP,bioap
ILRIC,ilric
ENGRG,engrg
SYSEN,sysen
MECHANICAL AND AEROSPACE ENGINEERING,mechanical and aerospace engineering
COMPUTING AND INFORMA,computing and informa
ARCH AND INDUSTRIAL ENGINEERING,arch and industrial engineering
LANAR,lanar
NATURAL RESOURCES,natural resources
STATS,stats
AEP,aep
Human-Environment Relations,human-environment relations
Environmental Quality Engineering,environmental quality engineering
AEO,aeo
RM,rm
PM,pm
Graduate Sociology,graduate sociology
Nutrition Science,nutrition science
Literature and Society in the Italian Renaissance,literature and society in the italian renaissance
Applied Engineering Physics (A&EP),applied engineering physics (a&ep)
Ag Ec,ag ec
Local Economic Policy,local economic policy
R Soc,r soc
Speciality Courses,speciality courses
Graduate Seminars,graduate seminars
Economic and Social Statistics,economic and social statistics
Spanish Literature,spanish literature
Industrial Relations,industrial relations
PHYSICAL EDUCATION AND ATHLETICS,physical education and athletics
Aut (Economics),aut (economics)
MUSIC EDUCATION B,music education b
GRADUATE RESEARCH AND SPECIAL STUDIES,graduate research and special studies
LESPANIC JOURNALISM,lespanic journalism
ENCLISH,enclish
Materials Sciences,materials sciences
Ap. Mech.,ap. mech.
DRAMA,drama
"Other Departments, Institutes, AN","other departments, institutes, an"
CEn,cen
Distributive Education,distributive education
HEARING AND SPEECH SCIENCES,hearing and speech sciences
Speech Science,speech science
Systematic Philosophy,systematic philosophy
D PROGRAMS,d programs
"OTHER DEPARTMENTS, INSTITUTES, AND","other departments, institutes, and"
Language Studies,language studies
Organismic Biology,organismic biology
Construction and Planning,construction and planning
Physical Education and Athletics,physical education and athletics
Methods,methods
Applied Linguistics,applied linguistics
PE/Athletics,pe/athletics
SPANISH AND PORTUCUESE,spanish and portucuese
Information,information
"Structures, Materials and Geotechnical Engineering","structures, materials and geotechnical engineering"
PHLOSOPHY,phlosophy
Graduate Research and Special Studies,graduate research and special studies
Radiation,radiation
SCHENCE,schence
POLITICIAL SCIENCE,politicial science
"ATHLETICS, PHYSICAL EDUCATION","athletics, physical education"
DANCE ACTIVITY AND THEORY,dance activity and theory
SPORTS OFFICIATING,sports officiating
Aeron Autics and Astronautics,aeron autics and astronautics
LIA,lia
CENCOMPUTER SCIENCE,cencomputer science
CBIOLOGICAL SCIENCES,cbiological sciences
Eco,eco
Politics/Science,politics/science
FINANCOMMUNICATION,financommunication
HAMU PSYCHOLOGY,hamu psychology
METALLURGICAL ENGINEERING,metallurgical engineering
Behavioral Sciences,behavioral sciences
BROADCAST COMMUNICATION,broadcast communication
nan,nan
GML,gml
HISPANIC AMERICAN STUDIES,hispanic american studies
ASRC,asrc
VETMI,vetmi
ILRLR,ilrlr
MAE,mae
CSS,css
DSOC,dsoc
COGST,cogst
SINHA,sinha
TAM,tam
SHUM,shum
STSCI,stsci
"THEATRE, FILM, AND DANCE","theatre, film, and dance"
NEPAL,nepal
KOREA,korea
BSOC,bsoc
KHMER,khmer
CROP AND SOIL SCIENCES,crop and soil sciences
SPECIALIZED EDUCATION SERVICES,specialized education services
VTPMD,vtpmd
NEAR EASTERN STUDIES,near eastern studies
French Literature,french literature
Asia-Literature and Religion,asia-literature and religion
SCIENCES,sciences
Bloch,bloch
Family and Human Development,family and human development
DUTCH,dutch
BIOMS,bioms
HINDI,hindi
Classical Civilization,classical civilization
Urban Policy and Planning,urban policy and planning
Literature in Japanese,literature in japanese
"ARCHITECTURE, ART","architecture, art"
BIOMG,biomg
Bengali,bengali
SANSK,sansk
MODERN EUROPE,modern europe
THEORETICAL AND APPLIED MECHANICS,theoretical and applied mechanics
Design Division,design division
Trade,trade
Electrical Engineering and Computer Sciences,electrical engineering and computer sciences
Ed Sci,ed sci
MITS CERMAN STUDIES,mits cerman studies
PubAff,pubaff
EDS,eds
SCALLANDAS AND ASIAN LANCUAGES,scallandas and asian lancuages
CAPS,caps
BURM,burm
ANCES,ances
Lan,lan
"Soil, Water and Climate","soil, water and climate"
Behavioral Science,behavioral science
Hebrew and Judaic Studies,hebrew and judaic studies
Nuclear Science & Engineering,nuclear science & engineering
Agricultural and Extension,agricultural and extension
War Studies,war studies
Plant Science,plant science
Human Dev,human dev
Planning Theory,planning theory
Policy Analysis,policy analysis
CS or MS&E,cs or ms&e
Hotel Admin,hotel admin
MIS/Computers,mis/computers
Nuclear Physics,nuclear physics
Built-Environment Education,built-environment education
Marketing and Tourism,marketing and tourism
VETBMS,vetbms
ELE E,ele e
VETMED,vetmed
ARME,arme
VetMed,vetmed
B&SOC,b&soc
Labor Studies,labor studies
ITALL,itall
STSOC,stsoc
Arkeo,arkeo
Fuel Technology,fuel technology
QUECH,quech
VETPMD,vetpmd
NUTRITIONAL SCIENCES,nutritional sciences
ITALA,itala
STENGR,stengr
Consum,consum
RELATIONS,relations
Micro,micro
Latin America,latin america
BIOES,bioes
Cognitive Studies,cognitive studies
Materials and Manufacturing Processes,materials and manufacturing processes
Psychology and Education,psychology and education
HRLT,hrlt
Nepali,nepali
HST,history
FLORICULTURE,floriculture
Latin American History,latin american history
Labor,labor
Health Admin,health admin
Horticultural Sciences,horticultural sciences
Italian Studies,italian studies
Environmental,environmental
HHA,hha
Hort. Sci.,hort. sci.
Hotel Computing Applications,hotel computing applications
Architectural Design,architectural design
Center,center
LABOR ECONOMICS,labor economics
AMS AND INTERDISCIPLINARY STUDIES,ams and interdisciplinary studies
FOOD SCIENCE,food science
Search and Industrial Engineering,search and industrial engineering
Human Factors,human factors
IENCES,iences
HUMAN SERVICE STUDIES,human service studies
AN DEVELOPMENT AND FAMILY STUDIES,an development and family studies
ENSCs,enscs
Space Sciences,space sciences
AgEc,agec
AGRICULTURE AND LIFE SCI.,agriculture and life sci.
Hotel School,hotel school
LANNING,lanning
"BIOCHEMISTRY, MOLECULAR AND CELL BIOLOGY","biochemistry, molecular and cell biology"
HANICAL AND AEROSPACE ENGINEERING,hanical and aerospace engineering
HUMAI,humai
Production Laboratories,production laboratories
Agricultural and Rural Development,agricultural and rural development
"ARCHITECTURE, ART. AND","architecture, art. and"
MODERN LANGUAGES AND LINGUISTICS,modern languages and linguistics
"ARCHITECTURE, ART, AND","architecture, art, and"
ENTOMOL,entomol
LURAL AND BIOLOGICAL ENGINEERING,lural and biological engineering
HOTEL ADMINISTRATION,hotel administration
IVIL,ivil
Remote Sensing: Environmental,remote sensing: environmental
IL R,il r
LATIONS,lations
ILRPR,ilrpr
"ISTRY, MOLECULAR AND CELL BIOLOGY","istry, molecular and cell biology"
ENS,ens
Wildlife Ecology,wildlife ecology
AGRICULTURE AND LIFE SCIE,agriculture and life scie
HUMAN ECOLOGY,human ecology
Asian,asian
Classical Art and Archaeology,classical art and archaeology
Hotel Management,hotel management
VIL AND ENVIRONMENTAL ENGINEERING,vil and environmental engineering
AOEC,aoec
Entomol,entomol
RURAL SOCIOLOGY,rural sociology
Rur Soc,rur soc
HORTICULTURAL SCIENCES,horticultural sciences
Mechanical & Aerospace,mechanical & aerospace
Organizations,organizations
Ensenso Studies,ensenso studies
Ag,ag
AGRICUL,agricul
"OTHER COMMUNICATION, MIS, AND LAW","other communication, mis, and law"
SPECIAL PROGRA,special progra
Science and Mathematics,science and mathematics
Freshman Writing,freshman writing
STBTRY,stbtry
Student Leadership,student leadership
CHEMISTRY AND CHEMICAL BIOLOGY,chemistry and chemical biology
IL,il
Marriage and Family,marriage and family
IM,im
Nepal,nepal
"Theatre, Film & Dance","theatre, film & dance"
BENGL,bengl
TEXTILES AND APPAREL,textiles and apparel
Social Statistics,social statistics
ALS or the College of Human,als or the college human
Weed Science,weed science
INDUSTRIAL AND LABOR REL,industrial and labor rel
General Management,general management
STMATH,stmath
BIOG,biog
Biometeorology,biometeorology
Agriculture and Life Sclences,agriculture and life sclences
Aquatic Sciences,aquatic sciences
AEM (ARME),aem (arme)
Vet. Med.,vet. med.
NAV S,nav s
ARTH AND ATMOSPHERIC SCIENCES,arth and atmospheric sciences
CIENCES,ciences
PHOTOGRAPHY,photography
"CLASSICAL, NEAR EASTERN, AND MEDIEVAL ARCHAEOLOGY","classical, near eastern, and medieval archaeology"
S AND INTERDISCIPLINARY STUDIES,s and interdisciplinary studies
AGRICULTURE AND LIFE S,agriculture and life s
Biometrics Unit,biometrics unit
VETPR,vetpr
Earth and Atmospheric Sciences,earth and atmospheric sciences
ILR EXTENSION,ilr extension
SPAND,spand
Japan,japan
MECHA,mecha
MAA,maa
CEG,ceg
CCE,cce
SCE,sce
MAD,mad
MAN,man
GEB,geb
LAE,lae
STA,sta
CPO,cpo
EUH,euh
DAA,daa
DAN,dan
EDG,edg
JPN,jpn
EVT,evt
SYO,syo
SYA,sya
SYP,syp
ECS,ecs
OCP,ocp
LNW,lnw
GRW,grw
INR,inr
OCC,occ
CPS,cps
EEL,eel
SPW,spw
EML,eml
RMI,rmi
REE,ree
Master of Opera Production,master opera production
GEA,gea
ZOO,zoo
BCH,bch
CHM,chm
MCB,mcb
THE,the
ECP,ecp
FOW,fow
FRW,frw
OCB,ocb
SPC,spc
CAP,cap
OCE,oce
COT,cot
PET,pet
MUO,muo
PAX,pax
LEI,lei
EDE,ede
NGR,ngr
MAS,mas
ACG,acg
FIL,fil
MUG,mug
CWR,cwr
BMS,bms
COA,coa
ITW,itw
ITA,ita
MUT,mut
RUW,ruw
RUT,rut
MUL,mul
MMC,mmc
TPP,tpp
Other Graduate Courses,other graduate courses
Housing and Community Development,housing and community development
DCE,dce
SLL,sll
SEC,sec
"Earth, Ocean, and Atmospheric Science","earth, ocean, and atmospheric science"
LDR,ldr
ADE,ade
POS,pos
EEX,eex
RED,red
TTE,tte
EAB,eab
CLP,clp
SPM,spm
TSL,tsl
ISC,isc
MUH,muh
PCB,pcb
MUY,muy
CLA,cla
CLT,clt
GRE,gre
HUN,hun
HBR,hbr
ITT,itt
PUR,pur
CHD,chd
FAD,fad
HEE,hee
GLY,gly
Portuguese (Brazilian),portuguese (brazilian)
RCS,rcs
PUP,pup
MVS,mvs
POT,pot
MAR,mar
PSB,psb
MET,met
ANG,ang
CCJ,ccj
MVK,mvk
TAX,tax
AMH,amh
AFA,afa
LAH,lah
English Composition,english composition
Chemical and Biomedical Engineering,chemical and biomedical engineering
Family and Child Sciences,family and child sciences
MUN,mun
CNT,cnt
ESI,esi
EIN,ein
MTG,mtg
PHZ,phz
GEW,gew
SOP,sop
EVI,evi
Russian Literature in Translation,russian literature in translation
TPA,tpa
CGN,cgn
ASH,ash
ENL,enl
Health Education and Safety,health education and safety
LIN,lin
EAP,eap
EMA,ema
Comparative Economic Systems,comparative economic systems
HFT,hft
SDS,sds
PHM,phm
MOB,mob
EGN,egn
EGM,egm
ARE,are
Experimental Analysis of Behavior,experimental analysis behavior
FOL,fol
SYD,syd
GFD,gfd
DEM,dem
AML,aml
Physical Education and Tourism,physical education and tourism
CRW,crw
Textiles and Consumer Sciences,textiles and consumer sciences
FOS,fos
MUM,mum
Technical Production and Management,technical production and management
MV,mv
MVH,mvh
SLS,sls
PEP,pep
MVW,mvw
PEO,peo
PEL,pel
PEM,pem
APK,apk
Communication Science and Disorders,communication science and disorders
DIE,die
Criminology and Criminal Justice,criminology and criminal justice
CJE,cje
Music Therapy,music therapy
WOH,woh
Band,band
JPT,jpt
SMT,smt
EVR,evr
RLG,rlg
Public Administration and Policy,public administration and policy
"Business Analytics, Information Systems and Supply Chain","business analytics, information systems and supply chain"
Process Biology,process biology
IHS,ihs
SYG,syg
EDUCATIONAL LEADERSHIP AND POLICY STUDIES,educational leadership and policy studies
Graduate Business,graduate business
FSS,fss
CJL,cjl
PPE,ppe
PHH,phh
LEISURE AND RECREATION SERVICES,leisure and recreation services
General Foreign Language Courses,general foreign language courses
PHP,php
Library and Information Studies,library and information studies
CHT,cht
Lis,lis
Individual Leadership Studies,individual leadership studies
H&C,h&c
Others,others
Nutri,nutri
PEQ,peq
PRT,prt
GMS,gms
Educational Leadership and Policy Studies,educational leadership and policy studies
Educational Psychology and Learning Systems,educational psychology and learning systems
TTP,ttp
History of Philosophy,history philosophy
Classical History,classical history
Latin American and Caribbean Studies,latin american and caribbean studies
"Recreation, Tourism and Events","recreation, tourism and events"
Mathematics for Educators,mathematics for educators
French Literature in Translation,french literature in translation
"French and Francophone Literatures, Cultures and Civilizations","french and francophone literatures, cultures and civilizations"
French and Francophone Language and Culture,french and francophone language and culture
African History,african history
Music Theatre,music theatre
Motion Picture Arts,motion picture arts
"Nutrition, Food and Exercise Sciences","nutrition, food and exercise sciences"
EED,eed
ASN,asn
MUC,muc
Leisure and Recreation,leisure and recreation
Ocean Science,ocean science
"Risk Management/Insurance, Real Estate and Legal Studies","risk management/insurance, real estate and legal studies"
Applied Behavior Analysis,applied behavior analysis
Theatre and Performance Arts,theatre and performance arts
PHC,phc
Retail Merchandising and Product Development,retail merchandising and product development
Cognitive Sciences,cognitive sciences
ADE - Adult Education,ade - adult education
Dance Education,dance education
Health and Aging,health and aging
EUS,eus
Technical Production of the Arts,technical production the arts
Religion (REL),religion (rel)
Spanish (SPW),spanish (spw)
Film Courses,film courses
Other Courses,other courses
CCI,cci
CCT,cct
Merchandising,merchandising
Transportation and Traffic Engineering,transportation and traffic engineering
MO,mo
INR-International Relations,inr-international relations
American Government,american government
Opera/Music Theatre,opera/music theatre
Cyber Engineering,cyber engineering
Speech/Language Pathology,speech/language pathology
MEI,mei
INS,ins
Interdisciplinary Social Sciences,interdisciplinary social sciences
MDE,mde
Meteorology and Physical Oceanography,meteorology and physical oceanography
Cle,cle
NATR,natr
ADMI,admi
IDH,idh
"Dance, Emphasis on Activity","dance, emphasis on activity"
Sep 301: Chemical Engineering,sep 301: chemical engineering
Multiple Areas,multiple areas
"Sport Management, Recreation","sport management, recreation"
Interior Architecture & Design,interior architecture & design
Arts and Humanities,arts and humanities
Public Safety and Security,public safety and security
MVB,mvb
Psychobiology/Neuroscience,psychobiology/neuroscience
ROMANCE PHILOLOGY,romance philology
Geology and Earth Sciences,geology and earth sciences
G. (Graduate School of Business Administration),g. (graduate school business administration)
"TRICAL, AND COMPUTER SCIENCES","trical, and computer sciences"
"ENGINEERING: ELECTRICAL, AND","engineering: electrical, and"
SCIENCE AND MATHEMATICS EDUCATION,science and mathematics education
SCANDINAVIAN,scandinavian
Near Eastern Languages,near eastern languages
VIC LANGUAGES AND LITERATURES,vic languages and literatures
NEAR EASTERN LANGUAGES,near eastern languages
"RICAL, AND COMPUTER SCIENCES","rical, and computer sciences"
Forestry and Conservation,forestry and conservation
ORIENTAL LANGUAGES,oriental languages
History of Art and Archaeology,history art and archaeology
ENGINEERING: CIVIL,engineering: civil
ESIGN,esign
ENVIRONMENTAL DESIGN,environmental design
Dravidian,dravidian
Egyptian,egyptian
GINEERING,gineering
For. Sci.,for. sci.
Oriental Languages,oriental languages
"Environmental Science, Policy, and Management","environmental science, policy, and management"
Electrical Engineering and Comp,electrical engineering and comp
"Coal, Industrial Minerals, Metallic Minerals, and Solid Wastes","coal, industrial minerals, metallic minerals, and solid wastes"
Biological Psychology,biological psychology
EDPSYCH,edpsych
Biomedical and Environmental Health Sciences,biomedical and environmental health sciences
Art and History of Art,art and history art
South and Southeast Asian Studies,south and southeast asian studies
Energy and Resources Group,energy and resources group
Public Law and Jurisprudence,public law and jurisprudence
Geology and Geophysics,geology and geophysics
"Public Organization, Administration, and Policy","public organization, administration, and policy"
COMPUTER SCIENCES,computer sciences
ENGINEERING: ELECT,engineering: elect
Building Environments,building environments
Engineering and Computer Sciences,engineering and computer sciences
Forestry and Resource Management,forestry and resource management
Division of Genetics,genetics
Science and Mathematics Education,science and mathematics education
Molecular and Cell Biology,molecular and cell biology
RHETORIC,rhetoric
RHETORIC; ROMANCE PHILOLOGY,rhetoric; romance philology
Geological Engineering,geological engineering
"ENGINEERING: ELECTRICAL, AND C","engineering: electrical, and c"
SOILS AND PLANT NUTRITION,soils and plant nutrition
ENTOMOLOGY AND PARASITOLOGY,entomology and parasitology
SLAVIC LANGUAGES AND LITERATU,slavic languages and literatu
Oriental LANGUAGES,oriental languages
CAPE ARCHITECTURE,cape architecture
ENCINEERING: CIVIL,encineering: civil
FORESTRY AND CONSERVATION,forestry and conservation
OPTOMETRY,optometry
Entomology and Parasitology,entomology and parasitology
FRC,frc
Crim,crim
Spanish and Portuguise Language and Literature,spanish and portuguise language and literature
LIBRARIANSHIP,librarianship
PLANT,plant
TECTURE,tecture
PHYSIOLOGY-ANATOMY,physiology-anatomy
PUBLIC HEALTH,public health
SLAT,slat
Naval Architecture,naval architecture
Industrial Psychology,industrial psychology
Engineering Interdisciplinary Studies,engineering interdisciplinary studies
ESPM,espm
Hispanic Languages and Literatures,hispanic languages and literatures
General and Other Slavic,general and other slavic
Semitics,semitics
Integrative Biology,integrative biology
Industrial Engineering and Operations Research,industrial engineering and operations research
School of Information,school information
Social and Administrative Health Sciences,social and administrative health sciences
Electrical Eng,electrical eng
Interdepartmental Studies Courses,interdepartmental studies courses
Professional Courses,professional courses
Naval Architecture and Offshore,naval architecture and offshore
South Asian,south asian
Design Theories and Methods,design theories and methods
Afrikaans,afrikaans
Science and Mineral Engineering,science and mineral engineering
"Science, Policy, and Management","science, policy, and management"
Entomological Sciences,entomological sciences
Graduate Comparative Literature,graduate comparative literature
Conservation and Resource Studies,conservation and resource studies
Political Economy of Natural Resources,political economy natural resources
Amer Studies,amer studies
Materials Science and Mineral Engineering,materials science and mineral engineering
Cuneiform,cuneiform
Human Biodynamics,human biodynamics
Structures and Construction,structures and construction
Social and Cultural Anthropology,social and cultural anthropology
Norse and Medieval Studies,norse and medieval studies
Graduate Courses in Literature,graduate courses in literature
Literary History,literary history
East European Studies,east european studies
Industrial Engin,industrial engin
Political Behavior,political behavior
Biochemistry and Molecular Biology,biochemistry and molecular biology
Altaic,altaic
Engineering Geoscience,engineering geoscience
Dramatic Art/Center for Theater Arts,dramatic art/center for theater arts
142,142
Economics and Political Science,economics and political science
City Planning,city planning
Nutrition Policy and Planning,nutrition policy and planning
Native American,native american
Dramatic Art/Center for Theater,dramatic art/center for theater
German /,german /
College Writing Programs,college writing programs
Evaluation,evaluation
GPP,gpp
eral Engineering,eral engineering
PN,pn
L&S: Art and History of Art,l&s: art and history art
Graduate Business Program,graduate business program
AL RESOURCES (Grad.),al resources (grad.)
Forest Science,forest science
Wood Science,wood science
SOIL SCIENCE,soil science
HIGHER EDUCATION,higher education
Architecture and Urban Design,architecture and urban design
Librarianship,librarianship
Health and Medical Sciences,health and medical sciences
L&S: Political Science,l&s: political science
Environ. Health Sci.,environ. health sci.
SPECIAL STUDIES: Ethnic Studies,special studies: ethnic studies
L&S: Physiology-Anatomy,l&s: physiology-anatomy
LIBRARY AND INFORMATION STUDIES,library and information studies
AsAmSt,asamst
Field Studies Program,field studies program
Near Eastern Studies / 165,near eastern studies / 165
PENR,penr
Earth and Planetary Science,earth and planetary science
Undergrad Interdisciplinary Studies,undergrad interdisciplinary studies
F,f
Theatrical Design,theatrical design
Diplomatic History,diplomatic history
Asian American,asian american
Serbian/Croatian,serbian/croatian
Ichthyology,ichthyology
Landscape Architecture and Environmental Planning,landscape architecture and environmental planning
"Theater, Dance, and Performance Studies","theater, dance, and performance studies"
L&S: French,l&s: french
L&S,l&s
Social & Administrative Health Sciences,social & administrative health sciences
Civil and Coastal Engineering,civil and coastal engineering
Elec,elec
Medical & Environmental Health Sciences,medical & environmental health sciences
Upper Division Courses,upper courses
Lower Division Courses,lower courses
Group,group
TECT,tect
APPLIED MECHANICS,applied mechanics
Communication and Public Policy,communication and public policy
Engineering: Civil,engineering: civil
INTERDEPARTMENTAL STUDIES,interdepartmental studies
PERFORMANCE,performance
Biophysics and Medical Physics,biophysics and medical physics
Energy and Resources,energy and resources
CRS,crs
Armenian,armenian
Industrial Administration,industrial administration
ENGINEERING: INDUSTRIAL,engineering: industrial
GEOSCIENCE,geoscience
Design and Lighting,design and lighting
Engineering: Mechanical,engineering: mechanical
"ENGINEERING: ELECTRICAL, AND O","engineering: electrical, and o"
CRIMINOLOGY; DEMOGRAPHY,criminology; demography
SEMITICS,semitics
Literary Studies,literary studies
SPECIAL STUDIES: Health Arts & Sciences,special studies: health arts & sciences
Southeast Asian,southeast asian
Graduate School of Business Administration,graduate school business administration
Near Eastern Languages and Civilizations,near eastern languages and civilizations
East Asian Languages and Civilizations,east asian languages and civilizations
Physiology-Anatomy,physiology-anatomy
Chemical Processes,chemical processes
CNR,cnr
Survey,survey
H: Social & Administrative Health Sciences,h: social & administrative health sciences
History of Architecture,history architecture
Ethnic Studies (Native American),ethnic studies (native american)
Italian Literature (Writings),italian literature (writings)
RMS,rms
PHIM,phim
Recreation and Leisure Services,recreation and leisure services
Physical Education and Therapy (PET),physical education and therapy (pet)
"Latin, Greek, and Roman Studies","latin, greek, and roman studies"
Social Science and Education,social science and education
Music Literature,music literature
"trition, Food and Exercise Sciences","trition, food and exercise sciences"
Math Education,math education
Historical Administration,historical administration
Educational Management,educational management
INR-,inr-
Scientific Computing,scientific computing
Information Systems and Operations Management,information systems and operations management
Retail Merchandising,retail merchandising
Underwater Crime Scene Investigation,underwater crime scene investigation
ELPS,elps
EIF,eif
BION,bion
PPWS,ppws
Applied Studies,applied studies
German Literature (Writings),german literature (writings)
German Language,german language
Buddhism,buddhism
SAHS,sahs
Personality Psychology,personality psychology
Education and Psychology,education and psychology
Division of Neurobiology,neurobiology
Forest Products,forest products
Library and Information Science,library and information science
French Literature (Writing),french literature (writing)
"Motion Picture, Television, and Recording Arts","motion picture, television, and recording arts"
EEC - Education: Early Childhood,eec - education: early childhood
Russian and East European History,russian and east european history
Dramatic Arts,dramatic arts
Theatre Performance,theatre performance
RU,ru
Multiple Area Courses,multiple area courses
Family Development/Relations,family development/relations
Undergraduate Computer Science Courses,undergraduate computer science courses
Chinese Studies,chinese studies
CEB,ceb
Corrections,corrections
Commercial Music,commercial music
Nutrition and Integrative Physiology,nutrition and integrative physiology
Russian Language,russian language
EOAS,eoas
Department of Educational Fundamentals,educational fundamentals
Adult Education,adult education
German Literature in Translation,german literature in translation
EDUCATIONAL PSYCHOLOGY AND LEARNING SYSTEMS,educational psychology and learning systems
Brain and Behavior,brain and behavior
Mathematical Physics,mathematical physics
Spanish Literature (Writings),spanish literature (writings)
Public Health Concentration,public health concentration
Risk Management and Insurance,risk management and insurance
Mar,mar
RIMI,rimi
Computer and Information Science,computer and information science
Secondary Science Teaching,secondary science teaching
THEatre,theater
App Mus,app mus
Education Administration,education administration
Information Systems Management,information systems management
SY,sy
Theatre and Performance,theatre and performance
Family and Consumer Sciences Education,family and consumer sciences education
Chemical and Geological Oceanography,chemical and geological oceanography
CBE,cbe
Art Therapy,art therapy
Graduate Business Administration,graduate business administration
Graduate Program in Anthropology,graduate program in anthropology
LEISURE EDUCATION,leisure education
Conservation,conservation
Comparative Government and Politics,comparative government and politics
Family and Child Development,family and child development
Social Organization,social organization
Geophysical Fluid Dynamics,geophysical fluid dynamics
Applied American Politics and Policy,applied american politics and policy
Classical and Ancient Studies,classical and ancient studies
IFS,ifs
LEISURE,leisure
RC,rc
Language Acquisition and Education,language acquisition and education
Sociology of Youth and Organizations,sociology youth and organizations
Environmental Planning and Natural Resource Management,environmental planning and natural resource management
"Literatures, Cultures and/or Societies of French Expression","literatures, cultures and/or societies french expression"
Mechanical and Materials Engineering,mechanical and materials engineering
Stratification and Social Justice,stratification and social justice
"Retail, Merchandising and Product Development","retail, merchandising and product development"
Graduate Course,graduate course
EVPP,evpp
Social and Philosophical Foundations of Education,social and philosophical foundations education
RHS,rhs
IPTA,ipta
Social Science Education,social science education
IFS-Interdisciplinary Florida State University Courses,ifs-interdisciplinary florida state university courses
International and Comparative Education,international and comparative education
Theatrical Production and Administration,theatrical production and administration
Social-Emotional Disorders of Children and Adolescents,social-emotional disorders children and adolescents
SM,sm
Educational Leadership and Organizational Practice,educational leadership and organizational practice
"Nutrition, Food, and Exercise Sciences","nutrition, food, and exercise sciences"
INTERIOR DESIGN,interior design
Visual Impairment,visual impairment
App Mus Maj,app mus maj
History and Philosophy of Science,history and philosophy science
Industrial/Systems Engineering,industrial/systems engineering
Leisure (LE),leisure (le)
Marital and Family Therapy,marital and family therapy
Spanish (SPN),spanish (spn)
Ensembles,ensembles
lectrical and Computer Engineering,lectrical and computer engineering
Gender and Women's Studies,gender and women's studies
Behavioral Analysis,behavioral analysis
Real Estate Education,real estate education
Theatre Performance and Training,theatre performance and training
Education: Higher,education: higher
Computational Science,computational science
Hospitality and Tourism Management,hospitality and tourism management
PEIS,peis
Islamic Studies,islamic studies
Administrative Health Sciences,administrative health sciences
Lower Division,lower division
PUBLIC ADMINISTRATION AND PUBLIC POLICY (AMERICAN AND COMPARATIVE),public administration and public policy (american and comparative)
Scenography and Design,scenography and design
School of Social Work,school social work
BBA,bba
Health Policy,health policy
406 / Social Welfare,406 / social welfare
Petro Engineering,petro engineering
Military Affairs,military affairs
Writing Programs,writing programs
Agricultural Studies,agricultural studies
Public Management,public management
Public Service,public service
UGIS,ugis
L&S: Slavic Languages and Literatures,l&s: slavic languages and literatures
ARCHITECTURAL,architectural
Biomedical & Environmental Health Sciences,biomedical & environmental health sciences
Environmental Design: Architecture,environmental design: architecture
South Asian Studies,south asian studies
MEDICAL PHYSICS,medical physics
Geology And Geophysics,geology and geophysics
Ed.D./Ph.D.,ed.d./ph.d.
SOCIAL WELFARE,social welfare
Tibetan,tibetan
NATURAL RESOURCES (Grad.),natural resources (grad.)
CHEMISTRY: Chemical Engineering,chemistry: chemical engineering
Engineering: Electrical Engineering and C,engineering: electrical engineering and c
Visual Design,visual design
Chemical Eng,chemical eng
"Environmental Science, Policy, a","environmental science, policy, a"
F and W Resource Policy,f and w resource policy
Iranian,iranian
Industrial Hygiene,industrial hygiene
Romance Language,romance language
Special Course Offerings,special course offerings
Soil S,soil s
Quantitative Psychology,quantitative psychology
O. Health and Medicine,o. health and medicine
"F,SP","f,sp"
Env. Design,env. design
Mexican American Studies,mexican american studies
MR,mr
"ES, Policy, a","es, policy, a"
NR&M,nr&m
Materials Science and Mineral E,materials science and mineral e
SSEAS,sseas
Forest and Resource Management,forest and resource management
Materials Science and Mineral Eng,materials science and mineral eng
Persian and Iranian,persian and iranian
Elec. Eng.,elec. eng.
Landscape Arch.,landscape arch.
Health and Services,health and services
Rangeland Ecosystem Science,rangeland ecosystem science
Architect,architect
Ed Administration,ed administration
PHA,pha
Fleischman,fleischman
Agricultural and Environmental Chemistry,agricultural and environmental chemistry
College of Letters and Science,college letters and science
Biometrical Data Analysis,biometrical data analysis
FNS,fns
PED,ped
Public and Nonprofit Management,public and nonprofit management
Naval Science (Naval ROTC),naval science (naval rotc)
South Asian Languages and Civilizations,south asian languages and civilizations
Electrical Sciences,electrical sciences
Civi,civi
Ed Psych,ed psych
Civ. Eng.,civ. eng.
American Cultures,american cultures
FIM,fim
Resource Management,resource management
NAT AM,nat am
Miscellaneous,miscellaneous
Environmental S,environmental s
Health Admin.,health admin.
IAS,ias
Landscape Architec,landscape architec
Social and Cultural Factors in Design,social and cultural factors in design
Business and Public Policy,business and public policy
German / 269,german / 269
Biology and Conservation,biology and conservation
Science and Math Education,science and math education
Wood,wood
South and Southeast Asian Studi,south and southeast asian studi
Civil and Environmental Engineer,civil and environmental engineer
"Education, Training, and Employment","education, training, and employment"
Plant and Microbial Biology,plant and microbial biology
Graduate School of Public Policy,graduate school public policy
FICA,fica
Hospital Admin,hospital admin
"History of Art and Architecture, Asian Languages and Cultures","history art and architecture, asian languages and cultures"
War,war
NEUROBIO,neurobio
K. Environmental Health Sciences,k. environmental health sciences
Art Practice,art practice
SEAS,seas
Electrical Engi,electrical engi
IMS,ims
Soils and Plant Nutrition,soils and plant nutrition
Health Arts and Sciences,health arts and sciences
SpH,sph
Gineering and Computer Sciences,gineering and computer sciences
Genetics and Development,genetics and development
L&S: Philosophy,l&s: philosophy
Egyptology,egyptology
Public Health: Biomedical and Environmental Health Sciences,public health: biomedical and environmental health sciences
Upper Division,upper division
The Staff,the staff
Lithuanian,lithuanian
ENVIRONMENTAL DESIGN / Architecture,environmental design / architecture
PO,po
Applied Building Sciences,applied building sciences
Human Resources,human resources
CLINICAL,clinical
Public Health Education,public health education
L&S: Social Science,l&s: social science
School of Library and Information Studies,school library and information studies
L&S: Statistics,l&s: statistics
L&S: Oriental Languages,l&s: oriental languages
L&S: Afro-American Studies,l&s: afro-american studies
Bioresource Sciences,bioresource sciences
LIBRARY & INFORMATION STUDIES,library & information studies
Resource Economics,resource economics
Soc. Adm.,soc. adm.
O. and M.,o. and m.
College Writing Program,college writing program
Plant and Soil Biology,plant and soil biology
Herpetology,herpetology
Wood Science and Technology,wood science and technology
GRADUATE SCHOOL OF PUBLIC POLICY,graduate school public policy
L&S: Asian Studies,l&s: asian studies
Ancient Near Eastern Studies,ancient near eastern studies
General Biology,general biology
Social Basis of Design,social basis design
"F, R, Sp","f, r, sp"
Moot Court Board,moot court board
L&S: Blochemistry,l&s: blochemistry
Bio. Env.,bio. env.
WD,wd
L&S: Physical Anthropology,l&s: physical anthropology
L&S: Anthropology,l&s: anthropology
L&S: Social and Cultural Anthropology,l&s: social and cultural anthropology
NATURAL RESOUR,natural resour
Astro,astro
Electrical Engineering and Computer Science (EECS),electrical engineering and computer science (eecs)
Mental Health Sciences,mental health sciences
L&S: Physical Science,l&s: physical science
"Interdisciplinary Studies in Language, Literacy, and Education","interdisciplinary studies in language, literacy, and education"
CivEng,civeng
Blology,blology
ART AND HISTORY OF ART,art and history art
GEOLOGY AND GEOPHYSICS,geology and geophysics
SOUTH AND SOUTHEAST ASL,south and southeast asl
ARCHIT,archit
Land Management,land management
South and Southeast Asian Languages and Cultures,south and southeast asian languages and cultures
ENGINEERING: MECHANICAL,engineering: mechanical
Production Management,production management
PALEONTOLOGY,paleontology
L&S: Mathematics,l&s: mathematics
Scandinavian Studies,scandinavian studies
E.S.,e.s.
EEOS,eeos
Journallsm,journallsm
Resource Studies,resource studies
e Health Sciences,e health sciences
Production,production
L&S: Classics,l&s: classics
Area Courses,area courses
Environmental Economics and Policy,environmental economics and policy
Mechanics and Aerospace Engineering,mechanics and aerospace engineering
Ed. Psychology,ed. psychology
EnvE,enve
Comp Sci or Graphics (no clear department),comp sci or graphics (no clear department)
Applied Economics,applied economics
African Diaspora Studies,african diaspora studies
NAOE,naoe
Khmer,khmer
Information Systems and Management,information systems and management
"Theater, Dance, and Performance","theater, dance, and performance"
Architectural Humanities,architectural humanities
Bus Adm,bus adm
OBIR,obir
Slavic Literature,slavic literature
Agriculture and Resource Economics,agriculture and resource economics
Nutritional Science and Toxicology,nutritional science and toxicology
LAEP,laep
SIMS,sims
Transportation Science,transportation science
Ethnic Studies Graduate Group,ethnic studies graduate group
Landscape Architecture and Envi,landscape architecture and envi
Scandinavian / 411,scandinavian / 411
URBAN PLANNING,urban planning
Language and Literacy,language and literacy
Theology,theology
F (Interdisciplinary Studies),f (interdisciplinary studies)
Full,full
Economics and History,economics and history
Landscape Design,landscape design
Field Entomology,field entomology
Asian Amer-ican Studies,asian amer-ican studies
CIVL,civl
Landscape Architect,landscape architect
Occupational Health,occupational health
Materials S,materials s
Practice of Design,practice design
d Management,d management
Latin American,latin american
Amer Cult,amer cult
Biolsi,biolsi
CIVI,civi
Material Science and Engineering,material science and engineering
Language Courses,language courses
English or Literature Department,english or literature department
Demosography,demosography
Transnational Gender and Women's Studies,transnational gender and women's studies
EPIDEMIOLOGY,epidemiology
History of Medicine,history medicine
Classical Civ,classical civ
Dutch Studies,dutch studies
"Dance, and Performance Studies","dance, and performance studies"
ESP/ERI,esp/eri
GSPP,gspp
South and Southeast Asian Languages,south and southeast asian languages
ENVIRONMENTAL STUDIES,environmental studies
Life Sciences,life sciences
NAVAL ARCHITECTURE,naval architecture
Graduate Courses in Linguistics,graduate courses in linguistics
Eurasian Studies,eurasian studies
ISOM,isom
East Asian Languages and Cultur,east asian languages and cultur
Scandinavian Languages and Literature,scandinavian languages and literature
Theater and Performance Studies,theater and performance studies
Applied Science and Technology,applied science and technology
"Lesbian, Gay, Bisexual, and Transgender Studies","lesbian, gay, bisexual, and transgender studies"
Graduate Linguistics,graduate linguistics
Military Officers' Education Prog,military officers' education prog
Landscape Architecture and Environmental Design,landscape architecture and environmental design
Graduate School of Education,graduate school education
Nanoscience,nanoscience
Retailing,retailing
Forest,forest
Film Study,film study
HONORS,honors
Molecular and Cell Biology / Neurobiology,molecular and cell biology / neurobiology
J-School,j-school
Geo-Sci,geo-sci
Film and Media Studies,film and media studies
Media and Technology,media and technology
SOUTH AND SOUTHEAST ASI,south and southeast asi
IAN LANGUAGES AND LITERATURES,ian languages and literatures
AFRO-AMERICAN STUDIES PROGRAM,afro-american studies program
BACTERIOLOGY AND IMMUNOLOGY,bacteriology and immunology
Ian Languages and Literatures,ian languages and literatures
SOUTH AND SOUTHEAST ASIAN LANGUAGES AND LITERATURES,south and southeast asian languages and literatures
ENTOMOLOGICAL SCIENCES,entomological sciences
Supervisory Staff,supervisory staff
MOLECULAR BIOLOGY,molecular biology
ENGINEERING: INDUSTI,engineering: industi
SIS,sis
CTR,ctr
DGS,dgs
Social Welfare; Sociology,social welfare; sociology
Logic and Philosophy of Science,logic and philosophy science
CHEM E,chem e
South and Southeast Asian Languages and Literatures,south and southeast asian languages and literatures
ND REGIONAL PLANNING,nd regional planning
Asian American Studies Program,asian american studies program
ENTOMOLOGICAL SC,entomological sc
Agricultural Science,agricultural science
Romance Philology; Scandinavian,romance philology; scandinavian
ENGINEERING: NUCLEAR,engineering: nuclear
ENGINEERING/ELEC,engineering/elec
IAN LANCUAGES AND LITERATURES,ian lancuages and literatures
Germanic Languages and Linguistics,germanic languages and linguistics
"ELECTRICAL, AND C","electrical, and c"
Elect,elect
Altaic and Tibetan,altaic and tibetan
BACTERIOLOGY AND IMMUNOLOG,bacteriology and immunolog
AGRICULTURAL CHEMISTRY,agricultural chemistry
TRICAL,trical
LANDSO,landso
Rhetoric and Politics,rhetoric and politics
Atmospheric and Space Sciences,atmospheric and space sciences
RHET,rhet
ENVIRONMENTAL DESIGI,environmental desigi
The Mathatics Education,the mathatics education
LIBRARY,library
ENVIRONMENTAL DESIGN: ARCHIT,environmental design: archit
Industrial and Operations Engineering,industrial and operations engineering
Biology and Health,biology and health
"Dramatic Art, Berkeley","dramatic art, berkeley"
Electrical Engineering and C,electrical engineering and c
Env.,env.
History of Art / Graduate Courses,history art / graduate courses
Physiology- Anatomy,physiology- anatomy
East Asian Languages and Civilization,east asian languages and civilization
Engineering: Elec,engineering: elec
Zoolgoy,zoolgoy
NTAL DESIGN: City and Regional Planning,ntal design: city and regional planning
Hospital Administration,hospital administration
Physical Anthropology and Primatology,physical anthropology and primatology
TRICAL AND COMPUTER SCIENCES,trical and computer sciences
Engineering: Electrical and Computer Sciences,engineering: electrical and computer sciences
Electrical and Computer Sciences,electrical and computer sciences
Engineering: Industrial,engineering: industrial
Geo-Physics,geo-physics
HYSICS,hysics
DT,dt
VIC LANCUAGES AND LITERATURES,vic lancuages and literatures
Engineering: Geoscience,engineering: geoscience
C-Structure and Production,c-structure and production
Engineering: Electrical,engineering: electrical
Libraries and Information Services,libraries and information services
Community Planning,community planning
Scandinavian Literature,scandinavian literature
Electronics Engineering,electronics engineering
SocW,socw
ental Health Sciences,ental health sciences
L&S: Economics,l&s: economics
Naval Architecture and Offshore Engineering,naval architecture and offshore engineering
Forest Resources,forest resources
Dev Psych,dev psych
Public and Non-profit Management,public and non-profit management
Wildlife Biology,wildlife biology
Nutritional Sciences and Toxicology,nutritional sciences and toxicology
Range Management,range management
Cell and Molecular Biology,cell and molecular biology
338 / Social Welfare,338 / social welfare
Biomedical and Environmental Health Science,biomedical and environmental health science
Human Resources and Education,human resources and education
Ind E,ind e
NEAR EASTERN LANCUAGES,near eastern lancuages
ENGINEERING: ELECTRICAL AND C,engineering: electrical and c
CLUBB,clubb
Scandinavian; Slavic Languages and Literatures,scandinavian; slavic languages and literatures
EDUCMST,educmst
Language - Persian,language - persian
Classical Chinese,classical chinese
Bi,bi
German / 213,german / 213
ENVIRONM,environm
Nutrition and Toxicology,nutrition and toxicology
L&S: Near Eastern Studies,l&s: near eastern studies
Physics / L&S,physics / l&s
"Police, Law and Society","police, law and society"
Ethnic Studies (Chicano),ethnic studies (chicano)
ISF,isf
EAL,eal
S.A.H.S.,s.a.h.s.
Information Management and Sys,information management and sys
ORAL INT,oral int
BioE,bioe
Romance Lang,romance lang
JRN,jrn
L&S: Psychology,l&s: psychology
F.,f.
Norse,norse
Landscape Architecture and Env,landscape architecture and env
English and Language Teaching,english and language teaching
MES,mes
Urban Technology of Earthquake Haz-Mit,urban technology earthquake haz-mit
Electrical Engineering and Computation,electrical engineering and computation
SPP,spp
"Environmental Science, Policy","environmental science, policy"
EDUC-AE,educ-ae
Drama and Theater Arts,drama and theater arts
IntegBi,integbi
Urban Form and Design,urban form and design
Libraries and Information Studies,libraries and information studies
Author Courses,author courses
AF AM,af am
Landscape Architecture /,landscape architecture /
BEHS,behs
ORGANIZATIONAL BEHAVIOR AND INDUSTRIAL RELATIONS,organizational behavior and industrial relations
Genetic Counseling,genetic counseling
Study Area F-Architectural Administration and Related Professional Studies,study area f-architectural administration and related professional studies
ECIAL STUDIES: Interdepartmental Studies,ecial studies: interdepartmental studies
210 / Freshman and Sophomore Studies,210 / freshman and sophomore studies
Conservation and Rescurce Studies,conservation and rescurce studies
Geology and Geological Engineering,geology and geological engineering
Oriental Languages-General,oriental languages-general
Languages and Cultures,languages and cultures
Land Planning,land planning
Haas School of Business,haas school business
Financial Engineering,financial engineering
Ocean Engineering,ocean engineering
E Studies,e studies
Occupational Safety and Health,occupational safety and health
Electrical Engineering and Comp Studies,electrical engineering and comp studies
CivE,cive
AERO. E.,aero. e.
Wildlife,wildlife
Jewish Civilization,jewish civilization
406 / Plant and Microbial Biology,406 / plant and microbial biology
Landscape Arch and Environmental Planning,landscape arch and environmental planning
MBB,mbb
East Asian Languages and Culture,east asian languages and culture
South and Southeast Asian Studio,south and southeast asian studio
Film and Media,film and media
Hintzen,hintzen
Asian Amer,asian amer
Engineering Construction,engineering construction
Petroleum Eng,petroleum eng
EdTech,edtech
"Science, Policy, and Management /","science, policy, and management /"
364,364
Civil and Environmental Engineeri,civil and environmental engineeri
Military Off,military off
EducMST,educmst
Education Psychology,education psychology
Near Eastern,near eastern
History of Israel,history israel
Forest and Wildland Resources,forest and wildland resources
GSE,gse
Eng. (Geoscience),eng. (geoscience)
URBPLAN,urbplan
Social Science Field Major,social science field major
Public Organization and Administration,public organization and administration
Aerospace Eng,aerospace eng
EaEurSt,eaeurst
Landscape Architecture / Environmental Planning,landscape architecture / environmental planning
Ed.D,ed.d
Sternberg,sternberg
Studies,studies
Judaism,judaism
Chicano/Latino Studies,chicano/latino studies
Civi Engineering,civi engineering
GeoSciences,geosciences
Building Structures,building structures
Duane,duane
Food Chemistry,food chemistry
Communica,communica
Nuclear / 287,nuclear / 287
Near Eastern Lang.,near eastern lang.
Po,po
Agricultural and Resource Econ,agricultural and resource econ
Marketing and Management,marketing and management
LandScape Architecture,landscape architecture
Civ.Eng,civ.eng
"Science, Policy, and Management / 253","science, policy, and management / 253"
Environmental Engineering / Civil and Environmental Engineering,environmental engineering / civil and environmental engineering
C&BE,c&be
Soil,soil
Foods and Nutritional Sciences,foods and nutritional sciences
MSW,msw
EDPSY,edpsy
Filipino,filipino
Mathematics and Science,mathematics and science
"Mathematics, Science, and Technology Education","mathematics, science, and technology education"
Asian American and Asian Diaspora Studies,asian american and asian diaspora studies
Scie,scie
Ora Studies,ora studies
GOSP,gosp
Chemical and Biomolecular Engin,chemical and biomolecular engin
Latina/o Studies,latina/o studies
Fores,fores
Engineering: Applied Mechanics,engineering: applied mechanics
Environmental Design: Landscape Architecture,environmental design: landscape architecture
NATURAL SCIENCE,natural science
GeogrySICS,geogrysics
POLITICA,politica
IRANIAN AND PERSIAN,iranian and persian
Ops Res,ops res
4,4
"Engineering: Electrical, And C","engineering: electrical, and c"
Molecular Toxicology,molecular toxicology
East Asian Languages and Cultu,east asian languages and cultu
NEAR EASTERN LA,near eastern la
Oriental Language,oriental language
ENGINEERING: MATERIALS SCIENCE,engineering: materials science
Lib. Sci.,lib. sci.
Agricultural and Resource Econo,agricultural and resource econo
CHF,chf
Agrn,agrn
ECED,eced
Architecture and Urban Studies,architecture and urban studies
GBUS,gbus
PRLS,prls
FiW,fiw
CYSE,cyse
ENGH,engh
CEIE,ceie
FCD,fcd
Engineering Science and Mechanics,engineering science and mechanics
GCH,gch
Veterinary Pathobiology,veterinary pathobiology
Hospital and Health Services Administration,hospital and health services administration
HEAL,heal
HAP,hap
FAVS,favs
Bio-Medical Engineering,bio-medical engineering
CONF,conf
PSci,psci
ITRN,itrn
Minerals Engineering,minerals engineering
AVS,avs
CLIM,clim
GLOA,gloa
Environment and Ecology,environment and ecology
AVIT,avit
Biblical and Post-Biblical Hebrew,biblical and post-biblical hebrew
Agri Eng,agri eng
TEACHER EDUCATION AND HIGHER EDUCATION,teacher education and higher education
Human Nutrition and Foods,human nutrition and foods
AIT,ait
Education: Special Services,education: special services
Architectural Preservation,architectural preservation
Building Construction,building construction
Agricultural Sciences Technology,agricultural sciences technology
Photography and Cinema,photography and cinema
GGS,ggs
Business Administration: Finance,business administration: finance
Equine,equine
LASc,lasc
AVT,avt
"CLOTHING, TEXTILES and RELATED ART","clothing, textiles and related art"
FRLN,frln
CVPA,cvpa
CSI,csi
BIOD,biod
MatE,mate
MinE,mine
RHBS,rhbs
HNF,hnf
BioN,bion
Animal Sciences Technology,animal sciences technology
Computer Science and Applications,computer science and applications
Forestry and Wildlife Resources Division,forestry and wildlife resources division
Plant Pathology and Physiology,plant pathology and physiology
Administrative and Educational Services,administrative and educational services
Busin,busin
SWE,swe
ISA,isa
IHMS,ihms
Vocational and Technical Education,vocational and technical education
AMGT,amgt
Child Psychiatry,child psychiatry
Education: Early and Middle Childhood,education: early and middle childhood
PIPP,pipp
AnS,ans
ISBE,isbe
CSci,csci
HUMAN NUTRITION AND FOODS,human nutrition and foods
EdCI,education
FNAN,fnan
BINF,binf
EDEP,edep
EDRS,edrs
FPr,fpr
P.Sci.,p.sci.
BMED,bmed
Mining and Minerals Engineering,mining and minerals engineering
Metals and Ceramic Engineering,metals and ceramic engineering
OMP,omp
LAr,lar
Business Administration: Marketing,business administration: marketing
Ceramic Engineering,ceramic engineering
Biochemistry and Nutrition,biochemistry and nutrition
JAPA,japa
EdVT,edvt
Ae,ae
POGO,pogo
Oral and Maxillofacial Surgery,oral and maxillofacial surgery
Business Administration: Management Science,business administration: management science
Vocational-Technical Education,vocational-technical education
EDRD,edrd
Specialized Education Services,specialized education services
SES,ses
"Consumer, Apparel, and Retail Studies","consumer, apparel, and retail studies"
ADS,ads
PCS,pcs
Leadership and Cultural Foundations,leadership and cultural foundations
Teacher Education and Higher Education,teacher education and higher education
MSITM,msitm
CTP,ctp
Agriculture and Life Sciences (Forestry and Wildlife Resources),agriculture and life sciences (forestry and wildlife resources)
English (ENG),english (eng)
CARS,cars
"CLOTHING, TEXTILES","clothing, textiles"
NAN,nan
GRO,gro
EDUCATIONAL RESEARCH METHODOLOGY,educational research methodology
HUMAN DEVELOPMENT AND FAMILY STUDIES,human development and family studies
BROADCASTING AND CINEMA,broadcasting and cinema
Interior Architecture,interior architecture
MATHEMATICAL SCIENCES,mathematical sciences
EADL,eadl
GENETIC COUNSELING,genetic counseling
Textile Products Design and Marketing,textile products design and marketing
"RECREATION, PARKS, AND TOURISM","recreation, parks, and tourism"
Film and Video,film and video
RPM,rpm
K INESIOLOG Y,k inesiolog y
RTH,rth
TED/HED,ted/hed
Broadcasting & Cinema,broadcasting & cinema
RCO,rco
TDM,tdm
INFORMATION SYSTEMS AND OPERATIONS MANAGEN,information systems and operations managen
Math and Statistics,math and statistics
INFORMATION SYSTEMS AND OPERATIONS MANAGEMENT,information systems and operations management
Veterinary Physiology and Pharmacology,veterinary physiology and pharmacology
Ento,ento
"Health, Physical Education, and Recreati","health, physical education, and recreati"
Veterinary Anatomy,veterinary anatomy
African and African American Studies,african and african american studies
Agricultural Products Technology,agricultural products technology
Agricultural Mechanics and Engineering Te,agricultural mechanics and engineering te
"Clothing, Textiles and Related Art","clothing, textiles and related art"
HIDM,hidm
School of Allied Medical Professions,school allied medical professions
Landscape Architectural,landscape architectural
Sociology (SOCI),sociology (soci)
B. Ad.,b. ad.
Biomedical Informatics,biomedical informatics
EdSE,edse
ED-BLESL,ed-blesl
IETT,iett
Medical Illustration,medical illustration
CSES,cses
KORE,kore
Vocational Agriculture,vocational agriculture
Speech-Theatre Education,speech-theatre education
Respiratory Technology,respiratory technology
Allied Agricultural Sciences Technology,allied agricultural sciences technology
CFRS,cfrs
Education: Industrial Technology,education: industrial technology
ISBC,isbc
Recreation Education,recreation education
CULT,cult
MHFD,mhfd
Pathobiology,pathobiology
AnSc,animal science
CONS,cons
Aeronautical and Astronautical Engineeri,aeronautical and astronautical engineeri
AgE,age
Agricultural Business Technology,agricultural business technology
Aerospace and Ocean Engineering,aerospace and ocean engineering
"Veterinary Medicine, College of","veterinary medicine, college of"
Family Medicine,family medicine
EDD,edd
Agricultural Mechanics and Engineering Technology,agricultural mechanics and engineering technology
Fisheries and Wildilfe Resources Division,fisheries and wildilfe resources division
Forestry and Wildlife Resources,forestry and wildlife resources
EdPE,edpe
THE UNDERGRADUATE BULLETIN,the undergraduate bulletin
Environmental Design and Planning,environmental design and planning
OSCM,oscm
EDLE,edle
EdRC,edrc
ATEP,atep
Educational Foundations and Research,educational foundations and research
Education: Science and Mathematics,education: science and mathematics
VSc,vsc
EDPE,edpe
Education for Exceptional Children,education for exceptional children
Education: Humanities,education: humanities
Europe,europe
UAP,uap
Medical Microbiology and Immunology,medical microbiology and immunology
"Management, Housing, and Family Deve","management, housing, and family deve"
SOAN,soan
Micr,micr
Biological Technology,biological technology
EdHL,edhl
EdAE,edae
USST,usst
Circulatory Technology,circulatory technology
Natural Resource,natural resource
Animal Nutrition,animal nutrition
Pharmaceutical,pharmaceutical
University Survey,university survey
Trade and Industrial Education,trade and industrial education
CSA,csa
Allied Arts,allied arts
Arts and Sciences (Soc),arts and sciences (soc)
Research and Evaluation in Education,research and evaluation in education
ACCOUNTING,accounting
Animl,animl
Rus,rus
Business Administration: Interdisciplinary,business administration: interdisciplinary
Engineering (General),engineering (general)
MaTE,mate
DaSc,dasc
Architecture and Environmental Design,architecture and environmental design
ence,ence
GSCI,gsci
FINA,fina
UNIVERSITY OF CONNECTICU,university connecticu
EEB,eeb
AIRF,airf
Allied Health Sciences,allied health sciences
SPSS,spss
CAMS,cams
HRTS,hrts
General and Professional Studies,general and professional studies
DMD,dmd
MARN,marn
SAPL,sapl
LLAS,llas
PHRX,phrx
BGS,bgs
PNB,pnb
NATURAL RESOURCES A,natural resources a
EGEN,egen
DIET,diet
Arabic and Islamic Studies (ARIS),arabic and islamic studies (aris)
Digital Media and Design,digital media and design
Actuarial Science,actuarial science
FINANCE (FNCE),finance (fnce)
Comparative Literary and Cultural Studies (CLCS),comparative literary and cultural studies (clcs)
COMPARATIVE LITERARY AI,comparative literary ai
HEJS,hejs
Physiology and Neurobiology (PNB),physiology and neurobiology (pnb)
IRIS,iris
ILCS,ilcs
ARST,arst
AFRA,afra
INDS,inds
MEM,mem
UNIVERSITY OF CONNECTICU',university connecticu'
T AND FAMILY SCIENCES (HDFS),t and family sciences (hdfs)
D PROFESSIONAL STUDIES (GPS),d professional studies (gps)
ASLN,asln
AASI,aasi
Env,env
COGS,cogs
CHEG,cheg
ENCE AND ENGINEERING (MSE),ence and engineering (mse)
Public Policy Issues,public policy issues
EDUCATION CURRICUL,education curricul
Healthcare Management and Insurance Studies (HCMI),healthcare management and insurance studies (hcmi)
MISI,misi
MGRK,mgrk
INTD,intd
Sociology (Soci),sociology (soci)
CLASSICS AND ANCIENT MED,classics and ancient med
CLCS,clcs
PLANT SCIENCE,plant science
AGRICULT,agricult
International Organizations and Law,international organizations and law
Variable Topics,variable topics
EDLR,edlr
Art (ART),art (art)
PVS,pvs
OSH,osh
Cytotechnology,cytotechnology
Education (EGEN),education (egen)
Management and Engineering for Manufacturing,management and engineering for manufacturing
Industrial and Operations Management (OPIM),industrial and operations management (opim)
UNIVERSITY OF CONNECTICUT,university connecticut
Puerto Rican & Latino Studies,puerto rican & latino studies
INDIA STUDIES,india studies
Theater Studies,theater studies
Maritime Studies,maritime studies
Health Sciences (HESC),health sciences (hesc)
TURF,turf
DRAMATIC ARTS,dramatic arts
Visual Communications,visual communications
NATURAL RESOURC,natural resourc
Hematology/Oncology,hematology/oncology
Industrial Quality Control,industrial quality control
Women Gender and Sexuality Studies,women gender and sexuality studies
Interdepartmental (INTD),interdepartmental (intd)
SAAS,saas
Psychological Sciences,psychological sciences
CRLP,crlp
HCMI,hcmi
Science (SCI),science (sci)
CDIS,cdis
Business Law (BLAW),business law (blaw)
MOLI,moli
Globalization,globalization
COMS,coms
BCN,bcn
PHARMACEUTICAL SCIENCE,pharmaceutical science
POPR,popr
HBEL,hbel
MEDS,meds
GRWK,grwk
CSWK,cswk
EKIN,ekin
CORG,corg
SWEL,swel
GPPS,gpps
GPAH,gpah
FED,fed
Dental Science,dental science
ADMN,admn
MMAT,mmat
SPTP,sptp
SSW,ssw
NRME,nrme
HSMG,hsmg
WGS,wgs
BASC,basc
EXERCISE & SPORT SCIENCE,exercise & sport science
University Studies,university studies
CLASSICAL STUDIES,classical studies
"GERMAN, RUSSIAN, JAPANESE, CHINESE","german, russian, japanese, chinese"
Mathematics & Statistics,mathematics & statistics
Educa,educa
SAAG,saag
KINS,kins
Comparative Politics and International Relations,comparative politics and international relations
TIN AMERICAN STUDIES,tin american studies
Further grammar study. Practice in composition involving the use of everyday vocabulary and idiomatic expressions. Readings and films relevant to Israeli culture and history.,further grammar study. practice in composition involving the use everyday vocabulary and idiomatic expressions. readings and films relevant to israeli culture and history.
HISTORY (HIST),history (hist)
SANR,sanr
HRTS/SOCI,hrts/soci
JUDS,juds
CA 1,ca 1
Ergonomics,ergonomics
Animal Sci,animal sci
Y And Veterinary Sciences,y and veterinary sciences
Puerto Rican and Latino Studies,puerto rican and latino studies
COMPUT,comput
JUDAIC STUDIES,judaic studies
EER,eer
Engineering for Manufacturing (MEM),engineering for manufacturing (mem)
Marine Sciences (MARN),marine sciences (marn)
IMAL,imal
Psychological Anthropology,psychological anthropology
HDFR,hdfr
Physiology and Neurobiology,physiology and neurobiology
PATHOBIOLOGY,pathobiology
CYTO,cyto
Ekin,ekin
PHYSIO,physio
Mechanical Engineering (ME),mechanical engineering (me)
CIVIL AN,civil an
POL Sci,pol sci
FYE,fye
Dietetics (DIET),dietetics (diet)
Soil and Plant Science,soil and plant science
Medical Technology (MT),medical technology (mt)
Critical Languages Program,critical languages program
HHSA,hhsa
Political Science (POLS),political science (pols)
Ratcliffe Hicks School of Agriculture,ratcliffe hicks school agriculture
Asian American Studies Institute (AASI),asian american studies institute (aasi)
Italian Literary and Cultural Studies,italian literary and cultural studies
Music (MUSI),music (musi)
General Military Science,general military science
ALLIED HEALTH,allied health
Educational Psychology (EPSY),educational psychology (epsy)
JMAN,jman
HO,ho
Health Care Management,health care management
AGNB,agnb
SOIL,soil
Chemical Engineering (CHEG),chemical engineering (cheg)
BIOB,biob
Latin American Studies (LAMS),latin american studies (lams)
ISKM,iskm
TURE AND NATURAL RESOURCES,ture and natural resources
PBIO,pbio
CIVIL & ENV,civil & env
ELOPMENT AND FAMILY STUDIES,elopment and family studies
TURFGRASS SCIENCE,turfgrass science
Nutritional Sciences (NUSC),nutritional sciences (nusc)
Soil Science (SOIL),soil science (soil)
†GRAD,†grad
JNS,jns
HUMAN DEVELOPMENT & FAMILY STUDIES,human development & family studies
COMMUNICATION SCIENCES AND DISORDERS,communication sciences and disorders
RECI,reci
GRK,grk
"CONSUMER, APPAREL, & RETAIL STUDIES","consumer, apparel, & retail studies"
CHEMISTRY & BIOCHEMISTRY,chemistry & biochemistry
Statistics (STA),statistics (sta)
"Recreation, Tourism, & Hospitality Management","recreation, tourism, & hospitality management"
CLASSICAL CIVILIZATION COURSES (CCI),classical civilization courses (cci)
Specialized Education,specialized education
Counseling and Educational Development,counseling and educational development
Cinevideo,cinevideo
Nutrition (NTR),nutrition (ntr)
RPT,rpt
MATHEMATICS & STATISTICS,mathematics & statistics
APD,apd
HTM,htm
PHYSICS & ASTRONOMY,physics & astronomy
COMMUNICATION SCIENCES & DISORDERS,communication sciences & disorders
FMS,fms
"RECREATION, TOURISM, & HOSPITALITY MANAGEMENT","recreation, tourism, & hospitality management"
FINANCE (FIN),finance (fin)
RPMT,rpmt
"RECREATION, TOURISM, & HOSPITALITY MANAGEM","recreation, tourism, & hospitality managem"
HOSPITALITY AND TOURISM MANAGEMENT,hospitality and tourism management
AULER/CLER,auler/cler
"Consumer, Apparel, & Retail Studies","consumer, apparel, & retail studies"
SPANISH COURSES,spanish courses
Accounting & Finance,accounting & finance
Semiotics,semiotics
CURRICULUM & INSTRUCTION,curriculum & instruction
Exercise & Sport Science,exercise & sport science
STRONG COLLEGE,strong college
HDH,hdh
BK:ISED,bk:ised
BCST,bcst
EDRM,edrm
EDUCATIONAL LEADERSHIP AND CULTURAL FOUNDATIONS,educational leadership and cultural foundations
"BUSINESS ADMINISTRATION, MASTER OF","business administration, master of"
EDUCATIONAL LEADERSHIP AND CULTURAL FOUNDATIO,educational leadership and cultural foundatio
COUNSELING AND EDUCATIONAL DEVELOPMENT,counseling and educational development
BROADCASTING & CINEMA,broadcasting & cinema
BLS,bls
NT,nt
Educational Leadership and Cultural Foundations,educational leadership and cultural foundations
Radio-TV-Film,radio-tv-film
Chemistry & Biochemistry,chemistry & biochemistry
IPOL,ipol
GREEK COURSES (GRK),greek courses (grk)
Recreation Area and Facility Development,recreation area and facility development
Courses,courses
CLASSICAL CIVILIZATION COURSES,classical civilization courses
SCHOOL COUNSELING,school counseling
HUMAN DEVELO,human develo
HONORS PROGRAMS,honors programs
Jazz Performance Studies,jazz performance studies
Film and Theater Arts,film and theater arts
Latin (LAT),latin (lat)
Greek Studies,greek studies
Accounting & Information Systems,accounting & information systems
Spanish (SPA),spanish (spa)
Curriculum & Instruction,curriculum & instruction
Communication Sciences & Disorders,communication sciences & disorders
Gender and Health,gender and health
P sy chology,p sy chology
ONS,ons
NFORMATION SYSTEMS AND OPERATIONS MANAGEMENT,nformation systems and operations management
"RECREATION, TOURISM, AND HOSPITALITY MANAGE","recreation, tourism, and hospitality manage"
Recreation and Tourism Hospitality,recreation and tourism hospitality
N T,n t
Romance languages,romance languages
"Business Administration, Master of","business administration, master of"
Fashion Merchandising,fashion merchandising
EDUCATIONAL LEADERSHIP AND CULTURAL FOUNDATIC,educational leadership and cultural foundatic
D SOC,d soc
CII,cii
N,n
Curricular and Instructional Leadership,curricular and instructional leadership
Applied Econometrics,applied econometrics
crsc,crsc
Mathematical and Physical Sciences,mathematical and physical sciences
Physical Medicine,physical medicine
GeoE,geoe
Forestry and Wildlife,forestry and wildlife
Cer. E.,cer. e.
ees,ees
FIW,fiw
Restorative Dentistry,restorative dentistry
BUSMBA,busmba
SpSt,spst
Agricultural Mechanization and Systems,agricultural mechanization and systems
I. A. Ed.,i. a. ed.
MRKTEC,mrktec
AIR FORCE AEROSPACE STUDIES,air force aerospace studies
GEOPH,geoph
Sciences Technology/Biological Technology,sciences technology/biological technology
Power Engineering and Machine Design,power engineering and machine design
Bus. Tech./Chem. Tech./Communic. Skills,bus. tech./chem. tech./communic. skills
FOREIGN LANGUAGE,foreign language
KIN-ACT,kin-act
Perio,perio
NAUTICAL AND ASTRONAUTICAL ENGINEERING,nautical and astronautical engineering
Ceramics in Energy Technology,ceramics in energy technology
Social Sciences Technology,social sciences technology
Internal Medicine,internal medicine
Drafting and Design,drafting and design
Naval Operations,naval operations
DFOR,dfor
DHS,dhs
MHLTHSCI,mhlthsci
Agri,agri
Arts and Sciences (Engl),arts and sciences (engl)
TA,ta
Management Science; Marketing,management science; marketing
Commercial,commercial
Ceramic,ceramic
ACIS,acis
"Parks, Recreation, and Leisure Studies","parks, recreation, and leisure studies"
C-728,c-728
GENERAL BUSINESS,general business
S.W.,s.w.
SURGTEC,surgtec
Speech Education,speech education
H&SS,h&ss
H&SS Interdepartmental,h&ss interdepartmental
Mathematics (MAT),mathematics (mat)
EnSc,ensc
LOGY,logy
FINAN,finan
CTRA,ctra
Physiological Psychology,physiological psychology
APPACAD,appacad
CIEN,cien
AtSc,atsc
ESSP,essp
Ag. E.,ag. e.
APPLIED ACADEMICS,applied academics
Ind Eng,ind eng
EFR,efr
Industrial Economics,industrial economics
Business and Vocational Education,business and vocational education
Oc. Ther.,oc. ther.
COMPSCI,compsci
Accounting and Business Law,accounting and business law
Agriculture and Life Sciences (Horticulture),agriculture and life sciences (horticulture)
BMOL,bmol
BIO S,bio s
C-,c-
Production Engineering,production engineering
School of Management,school management
STVC,stvc
"Civil, Environ & Infrastr Engr","civil, environ & infrastr engr"
NTCOMM,ntcomm
OPERMGT,opermgt
IHIST,ihist
AERONAUTICAL AND ASTRONAUTICAL ENGINER,aeronautical and astronautical enginer
Cyber Security Engineering,cyber security engineering
Agriculture & Life Sciences,agriculture & life sciences
Agricultural Technology,agricultural technology
PREVENTIVE MEDICINE,preventive medicine
Metallurgy and Materials,metallurgy and materials
Physiology and Pharmacology,physiology and pharmacology
Forestry and Related Renewable Resources,forestry and related renewable resources
AFRICAN STUDIES,african studies
ELECTRICAL AND COMPUTER ENGINEERING,electrical and computer engineering
Physiology and Biophysics,physiology and biophysics
Architecture & Urban Studies,architecture & urban studies
NERM,nerm
IPT,ipt
GEODETIC SCIENCE,geodetic science
History & Art History,history & art history
AeroEng,aeroeng
DISPUT,disput
COUNSELING AND GUIDANCE,counseling and guidance
Atmospheric/Oceanic/Earth Sci.,atmospheric/oceanic/earth sci.
PSCI; PSYC,psci; psyc
BC,bc
"Health, Physical Education","health, physical education"
Property,property
COMPARATIVE LITERATURE AND LANGUAGES,comparative literature and languages
"ATHLETICS, PHYSICAL EDUCATION, AND RECREATION","athletics, physical education, and recreation"
Mine Surveying,mine surveying
Forestry and Wildlife Resources/Genetics,forestry and wildlife resources/genetics
Public Health Engineering,public health engineering
FD SC,fd sc
Construction Management,construction management
TIMAGERMAN STUDIES,timagerman studies
GENCOUN,gencoun
Music • Music Studies,music • music studies
Ed-Stds,ed-stds
ELCTEC,elctec
CJA,cja
Home Ec.,home ec.
PTRE,ptre
PRINTING,printing
French and Italian Studies,french and italian studies
Governmental Information Systems Administration,governmental information systems administration
Elec & Cptr Eng,elec & cptr eng
Clinical Applications,clinical applications
Metallurgical and Mining,metallurgical and mining
Science and Health,science and health
CS (no department given),cs (no given)
PSYCHOLOGY AND EDUCATION,psychology and education
An. Sci.,an. sci.
IDT,idt
MILSCI,milsci
NEHS,nehs
NECT,nect
I.D.,i.d.
L.A.,l.a.
COMP SCI,comp sci
"Cell Biology, Neurobiology, and Anatomy","cell biology, neurobiology, and anatomy"
CROP AND SOIL ENVIRONMENTAL SCIENCES,crop and soil environmental sciences
Color,color
Layout and Design,layout and design
AL Studies,al studies
Handicrafts,handicrafts
Ceramics and Ceramic Engineering,ceramics and ceramic engineering
ATMOSPHERIC SCIENCES,atmospheric sciences
BASQUE,basque
New Century College (NCLC),new century college (nclc)
Vocational-Technical,vocational-technical
Arts and Letters,arts and letters
Urban Affairs and Public Policy,urban affairs and public policy
Executive Master of Business Administration,executive master business administration
PARALGL,paralgl
UPG,upg
"Physical Education, Exercise Science and Wellness","physical education, exercise science and wellness"
ITIMAGERMAN,itimagerman
FMED,fmed
Music History and Literature,music history and literature
EDRE,edre
Southeast Asian Languages,southeast asian languages
Judaic and Near Eastern Languages and Literatures,judaic and near eastern languages and literatures
Labor and Human Resources,labor and human resources
ITCH,itch
Mechanical Engineerina,mechanical engineerina
"Management, Housing, and Family Development","management, housing, and family development"
Enchien TS3,enchien ts3
Mining & Minerals Engineering,mining & minerals engineering
Physical Education (Men),physical education (men)
Women,women
Agriculture and Life Sciences (For),agriculture and life sciences (for)
Introductory Program of Outdoor Pursuits,introductory program outdoor pursuits
Anesthesia,anesthesia
Administrative Science,administrative science
Environmental and Urban Systems,environmental and urban systems
SPECIAL STUDY,special study
Biol Tec,biol tec
Welding Design,welding design
Public Administration/Public Affairs,public administration/public affairs
Economic,economic
Materials Engineering Science,materials engineering science
Environmental and Urban Systems/Environmental Sciences and Engineering,environmental and urban systems/environmental sciences and engineering
Geological Science,geological science
Tec,tec
Aeronautical and Astronautical Engineerin,aeronautical and astronautical engineerin
EB,eb
Clinical Laboratory Education,clinical laboratory education
Educational Special Services,educational special services
Cinema,cinema
Ceramic Science,ceramic science
IBIS,ibis
Home Management and Housing,home management and housing
Prescription Pharmacy,prescription pharmacy
Africa,africa
Communications Skills Technology,communications skills technology
FORESTRY AND WILDLIFE,forestry and wildlife
FW,fw
EDHL,edhl
Human,human
Medicine and the Humanities,medicine and the humanities
"Molecular, Cellular, and Integrative Physiology","molecular, cellular, and integrative physiology"
Human Resources (CT),human resources (ct)
Biomedical Communications,biomedical communications
Urban,urban
History of Rhetoric,history rhetoric
Advanced Chemical Engineering,advanced chemical engineering
Aeronautical and Astronautical Enginee,aeronautical and astronautical enginee
U P,u p
INTERNATIONAL AND AREA STUDIES,international and area studies
Business (Acct),business (acct)
Duke German Studies,duke german studies
Analysis,analysis
AMES,ames
Industrial Engineering and Operations R,industrial engineering and operations r
CHSS,chss
DENTAL SCIENCE (DENT),dental science (dent)
Comparative Literary and Cultural Studies,comparative literary and cultural studies
Field Education,field education
Graduate School (GRAD),graduate school (grad)
Department,department
SLP,slp
LCL,lcl
NATURAL RESOURCES (AGNR),natural resources (agnr)
Radiation Sciences,radiation sciences
ALDS,alds
AMERICAN STUDIES (AMST),american studies (amst)
POLY,poly
Digital Media and Design (DMD),digital media and design (dmd)
Documentation and Interpersonal Communication,documentation and interpersonal communication
Civil and Environmental Engineering (CE),civil and environmental engineering (ce)
Pathobiology and Veterinary Science,pathobiology and veterinary science
ESLE,esle
Applied Dietetics,applied dietetics
Machine Design,machine design
ERTO RICAN AND LATINO STUDIES,erto rican and latino studies
LUM AND INSTRUCTION (EDCI),lum and instruction (edci)
Clinical and Translational Research,clinical and translational research
AFRICAN STUDIES (AFRI),african studies (afri)
Allied Health and Nutritional Science,allied health and nutritional science
Pathobio,pathobio
Agricultural and Resource Economics (ARE),agricultural and resource economics (are)
Policy Practice,policy practice
Polymer Science,polymer science
MCL,mcl
TCPCG,tcpcg
MEDICAL SCIENCE (MEDS),medical science (meds)
Spanish (SPAN),spanish (span)
Diet,diet
Animal Science (SAAS),animal science (saas)
PHYSIOLOC,physioloc
Phar,phar
NURSING (NURS),nursing (nurs)
Allied Health (AH),allied health (ah)
AGRICULTURE AND,agriculture and
MSBAPM,msbapm
"Speech, Language and Hearing Sciences (SLHS)","speech, language and hearing sciences (slhs)"
CLTR,cltr
HEALTHCARE MANAGEMENT,healthcare management
DRAMATIC ARTS (DRAM),dramatic arts (dram)
Environmental Engineering (ENVE),environmental engineering (enve)
MARKETING (MKTG),marketing (mktg)
Puerto Rican and Latin American Studies,puerto rican and latin american studies
CIVIL AND ENVIR,civil and envir
Applied Linguistics and Discourse Studies (ALDS),applied linguistics and discourse studies (alds)
DIF,dif
Education: Educational Psychology,education: educational psychology
AGRICL,agricl
Human Development and Family Relations,human development and family relations
Art History (ARTH),art history (arth)
COMMUNICATION SCIENCES,communication sciences
METALLUR,metallur
Diagnostic Genetic Sciences,diagnostic genetic sciences
GRADUATE STUDIES,graduate studies
ULTURE AND NATURAL RESOURCES,ulture and natural resources
STAS,stas
CSSE,csse
NATURAL RESOURCE,natural resource
Urban Studies (URBN),urban studies (urbn)
Biology: Physiology and Neurobiology,biology: physiology and neurobiology
School of Business Administration,school business administration
CS (Center for Slavic and East European Studies),cs (center for slavic and east european studies)
Agriculture (SAAG),agriculture (saag)
MANA,mana
DERN,dern
Open,open
IAGNOSTIC GENETIC SCIENCES,iagnostic genetic sciences
"Literatures, Cultures and Languages","literatures, cultures and languages"
NEAR,near
CLASSICS AND ANCIEN,classics and ancien
URRICULUM AND INSTRUCTION,urriculum and instruction
TIN AMERICAN STUDIES (LLAS),tin american studies (llas)
TRST,trst
Asian and Asian American Studies,asian and asian american studies
AH/OSH,ah/osh
Pharmacy (PHAR),pharmacy (phar)
OGY AND VETERINARY SCIENCE,ogy and veterinary science
Philosophy and Religion,philosophy and religion
YSIOLOGY AND NEUROBIOLOGY,ysiology and neurobiology
COMPARATIVE LITI,comparative liti
Maritime Studies (MAST),maritime studies (mast)
LAMN,lamn
Materials Science & Engineering,materials science & engineering
bHXSICS,bhxsics
Management and Human Resources Education,management and human resources education
Civil & Environmental Engineering (CE),civil & environmental engineering (ce)
Urban and Community Studies,urban and community studies
Natural Resources and the Environment (NRE),natural resources and the environment (nre)
Cr. J.,cr. j.
T AND FAMILY STUDIES (HDFS),t and family studies (hdfs)
Classics and Ancient Mediterranean Studies,classics and ancient mediterranean studies
Modern & Classical Languages,modern & classical languages
Dietetics and Nutritional Science,dietetics and nutritional science
AIR FORCE STUDIES (AIRF),air force studies (airf)
ALLIED HEALTH (AH),allied health (ah)
HUMAN RIGHTS,human rights
Italian Literary A,italian literary a
Hindi (HIND),hindi (hind)
ENGLISH (ENGL),english (engl)
BUSINESS (BUSN),business (busn)
NATURAL RESOURCES AI,natural resources ai
Fitness,fitness
Natural Resources and Environmental Science,natural resources and environmental science
Turf,turf
EVST,evst
Classics and Ancient Mediterranean Studies (CAMS),classics and ancient mediterranean studies (cams)
Real Estate and Urban Economic Studies,real estate and urban economic studies
OCCL,occl
HESC (Health Sciences),hesc (health sciences)
Equine Science,equine science
Ag Sci,ag sci
NT SCIENCE,nt science
Public Policy (PP),public policy (pp)
Eductational Psychology (EPSY),eductational psychology (epsy)
Turfgrass Science,turfgrass science
BIST,bist
Human Development and Family Sciences,human development and family sciences
Civil Engineering (CE),civil engineering (ce)
MENT,ment
Puppet Arts,puppet arts
EDUCATION CURRICUI,education curricui
PUBLIC HEALTH (PUBH),public health (pubh)
ISP,isp
Latino and Latin American Studies (LLAS),latino and latin american studies (llas)
LINGUISTICS (LING),linguistics (ling)
Electrical and Computer Engineering (ECE),electrical and computer engineering (ece)
MUSIC (MUSI),music (musi)
Education Curriculum and Instruction (EDCI),education curriculum and instruction (edci)
ERTH,erth
Agriculture (RH) (SAAG),agriculture (rh) (saag)
RH,rh
de,de
Public Safety,public safety
Puerto Rican/Latino Studies,puerto rican/latino studies
Education Kinesiology,education kinesiology
MANAGEMENT AND ENGI,management and engi
DIETETICS,dietetics
Management and Engineering,management and engineering
Japanese (JAPN),japanese (japn)
Asian American Studies Institute,asian american studies institute
India Studies,india studies
Coastal Studies,coastal studies
HRTS/POLS,hrts/pols
PLANT SCIENCE (SAPL),plant science (sapl)
ASIAN AND ASIA,asian and asia
Dramatic Arts (DRAM),dramatic arts (dram)
LACS,lacs
Rhetoric and Writing Studies,rhetoric and writing studies
CIVIL AND ENVIRO,civil and enviro
C AND ISLAMIC STUDIES (ARIS),c and islamic studies (aris)
Foreign Language and Literatures,foreign language and literatures
Pharmacy (PHRX),pharmacy (phrx)
American Studies (LLAS),american studies (llas)
ER Science and Engineering,er science and engineering
MANUFA,manufa
Pathobiology (PATH),pathobiology (path)
ACCOUNTING (ACCT),accounting (acct)
Dramatic Arts/Connecticut Repertory Theatre,dramatic arts/connecticut repertory theatre
BIOI,bioi
Physical Therapy (PT),physical therapy (pt)
Higher Education and Student Affairs,higher education and student affairs
Admn,admn
Certificate/Master of Dental Science Program,certificate/master dental science program
POLYMER SCIEN,polymer scien
E AND HEARING SCIENCE (SLHS),e and hearing science (slhs)
TAL MEDIA AND DESIGN (DMD),tal media and design (dmd)
KINESIOLOGY (KINS),kinesiology (kins)
Biotech,biotech
Kinesiology (KINS),kinesiology (kins)
Education Curriculum and Instruction,education curriculum and instruction
Environmental Resources Engineering,environmental resources engineering
Polymer,polymer
Institute for Systems Genomics,institute for systems genomics
D INSURANCE STUDIES (HCMI),d insurance studies (hcmi)
BUSIN,busin
Hebrew and Judaic Studies (HEJS),hebrew and judaic studies (hejs)
COMMUNITY ORGANIZ,community organiz
BUSINE,busine
Military Science and Leadership,military science and leadership
IIPA,iipa
Radio-Television,radio-television
Recreation and Leisure Industries,recreation and leisure industries
Keyboard Technology,keyboard technology
Student Development and Leadership,student development and leadership
Spanish Language/Linguistics,spanish language/linguistics
Theatre and Film Production,theatre and film production
TPAA,tpaa
Teacher Ed,teacher ed
EDLP,edlp
Patient Assessment,patient assessment
Theory and Methods,theory and methods
Biblical Literature,biblical literature
Taxes,taxes
MATERIALS SCIE,materials scie
NUTRITIONAL SCIENCE,nutritional science
CAN STUDIES INSTITUTE (AASI),can studies institute (aasi)
ASIAN AND ASIAN AMERIC,asian and asian americ
NUTRITIONAL SCIENCES (NUSC),nutritional sciences (nusc)
Marketing and Logistics,marketing and logistics
Human Rights (HRTS),human rights (hrts)
Scenic Design,scenic design
Dental Science (DENT),dental science (dent)
Basic,basic
Medical Science (MEDS),medical science (meds)
CIVIL AND ENVIRG,civil and envirg
ARAD,arad
Human Systems,human systems
Department of Physical Therapy,physical therapy
Air Force Studies,air force studies
Agriculture and Natural Resources,agriculture and natural resources
EBB,ebb
POLISH (PLSH),polish (plsh)
Ed. Psych. and Special Education (EPSE),ed. psych. and special education (epse)
Digital Media,digital media
ONMENTAL ENGINEERING (CE),onmental engineering (ce)
HUMAN RIGHTS (HRTS),human rights (hrts)
BIOLOGY (BIOL),biology (biol)
LATINO AND LAT,latino and lat
IGFP,igfp
EVOLUTIONARY BIOLOGY (EEB),evolutionary biology (eeb)
HUMAN DEVELOPMEN,human developmen
MANAGEMENT INFORMATION SYSTEMS,management information systems
TPH,tph
Clinical/Personalitv,clinical/personalitv
Population,population
B. Applied Physics,b. applied physics
Military Science (MISI),military science (misi)
Metallurgy & Materials Engineering,metallurgy & materials engineering
Nutrition and Science,nutrition and science
Air Force Studies (AIRF),air force studies (airf)
Learning,learning
EDUCATION: CURRICULUM & INSTRUCTION,education: curriculum & instruction
Economics (ARE),economics (are)
IPVS,ipvs
HUMAN DEVEL,human devel
CYTOTECHNOLOGY,cytotechnology
MATERIAL,material
CIVIL AI,civil ai
BPS,bps
Marine Microbiology,marine microbiology
Judaic Studies (JUDS),judaic studies (juds)
AGRIC,agric
Health Management,health management
Greek and Roman Classics,greek and roman classics
MARINE SCIENCES (MARN),marine sciences (marn)
VMS,vms
Turfgrass Science (TURF),turfgrass science (turf)
MARITIME STUDIES (MAST),maritime studies (mast)
WOMEN,women
Agribusiness,agribusiness
STUDIO COURSES,studio courses
Health Studies,health studies
Soil Sci,soil sci
Sociology and Human Rights,sociology and human rights
ART HISTORY (ARTH),art history (arth)
IMAL SCIENCE,imal science
GSWS,gsws
AL AND COMPUTER ENGINEERING,al and computer engineering
MATERIALS ENGINEERING,materials engineering
Human Physiology and Anatomy,human physiology and anatomy
Ar,ar
METALLURG,metallurg
ELECTRICA,electrica
Communication Disorders (CDIS),communication disorders (cdis)
MOLLECULAR AND CELL BIOLOGY,mollecular and cell biology
CANR,canr
OPMENT AND FAMILY STUDIES,opment and family studies
EERING FOR MANUFACTURING,eering for manufacturing
LAMS (Latin American Studies),lams (latin american studies)
ELECTRICAL AND C,electrical and c
"Organization, Administration, and Policy (OAP)","organization, administration, and policy (oap)"
Curriculum and Supervision,curriculum and supervision
EVOLUTIONARY BIOLOGY,evolutionary biology
GEOSCIENCE (GSCI),geoscience (gsci)
Adult Learning,adult learning
RECT SERVICE ELECTIVE (DSEL),rect service elective (dsel)
Psychological Sciences (PSYC),psychological sciences (psyc)
Electrical and CO,electrical and co
Radiation Pathology,radiation pathology
Edu.,edu.
AGRICU,agricu
AFRICAN AM,african am
COMPARATIVE LI,comparative li
Department of Kinesiology,kinesiology
CIENT MEDITERRANEAN STUDIES,cient mediterranean studies
POLSC,polsc
Puerto Rican & Latino Studies (PRLS),puerto rican & latino studies (prls)
Radiologic Physics,radiologic physics
E&EB,e&eb
ALLEG,alleg
DEVELOPMENT AND FAMILY STUDIES,development and family studies
HUMAN DEVE,human deve
GEOMET AND ENGINEERING,geomet and engineering
EDUCATION CURRI,education curri
Department of Allied Health Sciences,allied health sciences
N RESOURCE MANAGEMENT,n resource management
ENGIN,engin
Mechanical Materials and Aerospace Engineering,mechanical materials and aerospace engineering
Social Insurance,social insurance
EALTH SCIENCES,ealth sciences
T AND FAMILY STUDIES,t and family studies
PALS,pals
Animal Products,animal products
SHE,she
Typography,typography
Communication Design,communication design
NEERING FOR MANUFACTURING,neering for manufacturing
India Studies (INDS),india studies (inds)
Communications Sciences,communications sciences
Industrial and Operations Management,industrial and operations management
d3,d3
ANIMAI,animai
ITERARY AND CULTURAL STUDIES,iterary and cultural studies
IMAN RESOURCE MANAGEMENT,iman resource management
Political Opinion and Electoral Behavior,political opinion and electoral behavior
MEC,mec
182,182
ANIMAL SCIENCE (SAAS),animal science (saas)
DIGIT,digit
Digital Humanities,digital humanities
CIVIL AND E,civil and e
CULTURE,culture
Science and Engineering,science and engineering
Plant Science (PLSC),plant science (plsc)
HEALT,healt
MOL,mol
RICAN AND LATINO STUDIES,rican and latino studies
Electrical and C,electrical and c
Informational Science and Knov,informational science and knov
Data Sciences,data sciences
GY AND NEUROBIOLOGY (PNB),gy and neurobiology (pnb)
E&E,e&e
clinical sciences,clinical sciences
animal nutrition,animal nutrition
Financial Risk,financial risk
BIST/STAT,bist/stat
Latin and Latin American Studies (LLAS),latin and latin american studies (llas)
MATERIALS SCIP,materials scip
Human Development and Family Sciences (HDFS),human development and family sciences (hdfs)
Gifted and Talented,gifted and talented
Marine and Coastal Science,marine and coastal science
English and History,english and history
MISC,misc
BUSINI,busini
"Speech, Language and Hearing Science (SLHS)","speech, language and hearing science (slhs)"
Health and Education,health and education
AND FAMILY SCIENCES (HDFS),and family sciences (hdfs)
ABORATORY SCIENCES (MLSC),aboratory sciences (mlsc)
FDUC,fduc
JOURNALISM (JOUR),journalism (jour)
AMST/ENGL,amst/engl
AMERICAN STUDIES (LLAS),american studies (llas)
GERMAN (GERM),german (germ)
"Comparative Politics, Public Policy, and International Relations","comparative politics, public policy, and international relations"
KOREAN (KORE),korean (kore)
AART,aart
POLSCI,polsci
IDSC,idsc
pharmacy,pharmacy
NIMAL SCIENCE,nimal science
"WOMEN'S, G","women's, g"
"GENDER, AND SEXUALITY STUDIES","gender, and sexuality studies"
Geodesy,geodesy
No department specified,no specified
LITICAL SCIENCE,litical science
EDIBIR,edibir
PATHOBIOLOG,pathobiolog
SIOLOGY AND NEUROBIOLOGY,siology and neurobiology
Working in the University facilities,working in the university facilities
CLASSICS AND AN,classics and an
MANAGEMENT AND ENG,management and eng
TURAL AND  RESOURCE ECONOMICS,tural and  resource economics
NAGEMENT AND ENGINEERING,nagement and engineering
NT AND FAMILY STUDIES (HDFS),nt and family studies (hdfs)
Engineering (ENGR),engineering (engr)
HUMAN DEVELOR,human develor
BSE,bse
DFR,dfr
ASIAN AMERICAN STUDIES INSTITUTE,asian american studies institute
Studies in Literature,studies in literature
COMPU,compu
Workplace,workplace
POL SC,pol sc
Ancient Near East,ancient near east
ANIM SCI,anim sci
HPH,hph
Electrica,electrica
Center for Slavic and East European Studies,center for slavic and east european studies
AGRICC,agricc
COMPI,compi
ELEM,elem
Social Welfare and Social Work,social welfare and social work
URBAN AND COMMUNITY STUDIES,urban and community studies
Rican American Studies,rican american studies
ONOMICS,onomics
OLOGY AND VETERINARY SCIENCE,ology and veterinary science
IGUAGE AND HEARING SCIENCES,iguage and hearing sciences
ILIT,ilit
World Political Leaders,world political leaders
ANCIENT MEDITERRANEAN STUDIES,ancient mediterranean studies
COL,col
HEC,hec
Ed-Sp Sv,ed-sp sv
Ed-E&M,ed-e&m
HIST OF ART,hist art
Otolaryngology,otolaryngology
Au,au
PHYSIOLOGICAL CHEMISTRY,physiological chemistry
Dent.,dent.
Management and Human Resources,management and human resources
Communic,communic
"Educational Studies: Humanities, Scie","educational studies: humanities, scie"
Business Administration: Management Sciences,business administration: management sciences
"Honors, University","honors, university"
Med. Microbiol.,med. microbiol.
Env. E.,env. e.
Indust. E.,indust. e.
Med. Diet.,med. diet.
VETERINARY CLINICAL SCIENCES,veterinary clinical sciences
Mineralogy,mineralogy
Agr. E.,agr. e.
City Plan,city plan
U G 3,u g 3
U G 4,u g 4
PHOTOGRAPHY AND CINEMA,photography and cinema
Mil,mil
Int,int
Civil E,civil e
Slavic Languages and Cultures,slavic languages and cultures
PEDIATRICS,pediatrics
Elec. E.,elec. e.
Engr. Mech.,engr. mech.
Animal Sc.,animal sc.
Txtl&clo,txtl&clo
Educational Policy and Leadership,educational policy and leadership
Speech/Theatre Education,speech/theatre education
Industrial Technology Education,industrial technology education
Ind dsgn,ind dsgn
Slavic and East European Languages and Literatures,slavic and east european languages and literatures
Fd Sc&Nu,fd sc&nu
Prev Med,prev med
Ed-F&R,ed-f&r
UGRD,ugrd
Forest Management,forest management
Agric Mech Sys,agric mech sys
Slavic languages and literatures,slavic languages and literatures
E&M C,e&m c
H Ec Ed,h ec ed
Foreign Languages and Admissions Convener,foreign languages and admissions convener
Ed-Hums,ed-hums
Group Studies in Health Education,group studies in health education
FSHRM,fshrm
ronautical and Astronautical Engineering,ronautical and astronautical engineering
Educational Studies: Humanities,educational studies: humanities
Ed-Votec,ed-votec
EducStds,educstds
Soc work,soc work
Planning and Urban Design,planning and urban design
Special Services,special services
Health and Behavior,health and behavior
International Transactions,international transactions
Sp. Lang.,sp. lang.
Veterinary Public Service,veterinary public service
Geodesy and Geophysics,geodesy and geophysics
Applied Science in Anesthesia,applied science in anesthesia
School of Architecture,school architecture
Leisure Services,leisure services
FSN,fsn
Medical Biochemistry,medical biochemistry
Ed-Intec,ed-intec
Ag Eng,ag eng
Agr M&Sys,agr m&sys
Outdoor Pursuits Program,outdoor pursuits program
u,u
Chemical Technology,chemical technology
Japanese Literature,japanese literature
Phys opt,phys opt
Resp Tec,resp tec
Group Studies in Veterinarv Pathobiology,group studies in veterinarv pathobiology
Specialized Study in Veterinary Medicine,specialized study in veterinary medicine
Bus-Mgt,bus-mgt
LHR,lhr
FM&HU,fm&hu
Departments,departments
Ed-E&MC,ed-e&mc
Geol&Min,geol&min
School of Natural Resources,school natural resources
Opt,opt
VM Coll,vm coll
Advanced Civil Engineering,advanced civil engineering
Optomtry,optomtry
Astron.,astron.
Ed-Hum,ed-hum
Animal Science/Dairy Science,animal science/dairy science
Med Diet,med diet
Dental Hygine,dental hygine
Agr Econ,agr econ
Industrial and Municipal,industrial and municipal
Human Services Education,human services education
General Prerequisites for Courses Numbered 800 and 900,general prerequisites for courses numbered 800 and 900
Voc,voc
H Ec Edu,h ec edu
Dent Hyg,dent hyg
HFS,hfs
Oriental Studies,oriental studies
Varsity Squads,varsity squads
ED S&R,ed s&r
FM RES M,fm res m
Architectural,architectural
"Geog, or Nat Res","geog, or nat res"
GEC,gec
Civil En,civil en
Plant Cellular and Molecular Biology,plant cellular and molecular biology
"HIMS, AMP","hims, amp"
Nat Res,nat res
Outdoor Recreational Activities,outdoor recreational activities
Perf,perf
MatSc&En,matsc&en
Athletics,athletics
Bus-MHR,bus-mhr
Dairy Tech,dairy tech
Med.,med.
Ag Ed,ag ed
DAIRY SCIENCE,dairy science
"Industrial, Interior and Visual Communication Design","industrial, interior and visual communication design"
Integrated Biomedical Science,integrated biomedical science
UP,up
Education - Technology and Professional Studies,education - technology and professional studies
Allied Medical,allied medical
FamRscMgt,famrscmgt
Geomatics Engineering,geomatics engineering
Marketing and Merchandising,marketing and merchandising
Textiles and Clothing/Theatre,textiles and clothing/theatre
"Molecular Virology, Immunology and Medical Genetics","molecular virology, immunology and medical genetics"
Polish/Political Science,polish/political science
Recreation Education/Religious Studies,recreation education/religious studies
"Language, Literacy and Culture","language, literacy and culture"
"Language, Literacy, and Culture","language, literacy, and culture"
IBGP,ibgp
Ed T&L,ed t&l
Foreign Institution,foreign institution
Varsity,varsity
Geod,geod
Early and Middle Childhood Education,early and middle childhood education
Environmental and Natural Resources Economics,environmental and natural resources economics
C&R Plan,c&r plan
Rural Soc,rural soc
AEDECON,aedecon
AfAm,afam
Marine and Aquatic Education,marine and aquatic education
Domestic,domestic
Economics (Econ),economics (econ)
Sph/Hrng,sph/hrng
Business Admin: Finance,business admin: finance
VMED,vmed
PCMB,pcmb
Wom Stds,wom stds
Health Behavior and Health Promotion,health behavior and health promotion
Public Health: Health Services Management & Policy,public health: health services management & policy
SPH/HRNG,sph/hrng
Biol. Sc.,biol. sc.
Mechanical E.,mechanical e.
Commerce,commerce
Personnel Management,personnel management
Veterinary Clinics,veterinary clinics
Eng. Mech.,eng. mech.
Business Organization,business organization
Botany and Plant Pathology,botany and plant pathology
Soc. Work,soc. work
Mil. Sc.,mil. sc.
Chemical E.,chemical e.
Dairy Tech.,dairy tech.
Comparative Anatomy,comparative anatomy
"Food, Agricultural, and Biological Engineering","food, agricultural, and biological engineering"
Astronomy and Astrophysics,astronomy and astrophysics
Business Admin: Management Sciences,business admin: management sciences
Environmental and Natural Resources,environmental and natural resources
Weld E,weld e
Comparative Literature and Languages,comparative literature and languages
Physiol. Opt.,physiol. opt.
MVMIG,mvmig
Peoples and Cultures,peoples and cultures
"Energy, Mineral Resources","energy, mineral resources"
Ed-S&R,ed-s&r
Applied Radiologic Technology,applied radiologic technology
Agricultural and Construction Systems,agricultural and construction systems
Language and Society,language and society
103,103
Aer,aer
"School of Health, Physical Education, and Recreation","school health, physical education, and recreation"
Germanic Philology,germanic philology
Portuquese,portuquese
AgEd,aged
Rural Sociolo,rural sociolo
Education: Curriculum and Foundations,education: curriculum and foundations
General Physics,general physics
General Psychology,general psychology
Educational Services and Research,educational services and research
PhysTher,physther
Polish Literature,polish literature
Arab World U,arab world u
Student Teaching in Special Fields,student teaching in special fields
Human Nutrition and Food,human nutrition and food
Ag.Ed,ag.ed
Education: Educational Policy and Leadership,education: educational policy and leadership
Edu PAES,edu paes
AED,aed
"Agricultural, Environmental, and Development Econom","agricultural, environmental, and development econom"
Higher Education Administration,higher education administration
Micrbiol,micrbiol
Dent hyg,dent hyg
Landscape Architctural,landscape architctural
ED-HUSER,ed-huser
ID&T,id&t
Humn Ntr/FM,humn ntr/fm
Comparative Studies in the Humanit,comparative studies in the humanit
"Educational Studies: Humanities, Science, Technolo","educational studies: humanities, science, technolo"
Histv,histv
Geo Sci,geo sci
Family and Child Studies,family and child studies
FM,fm
Electrical Eng.,electrical eng.
Agricultural Systems and Management,agricultural systems and management
HumnNtr,humnntr
1,1
Health Information Management,health information management
BusMHR,busmhr
BusAdm,busadm
WomStds,womstds
"Public Affairs, John Glenn School","public affairs, john glenn school"
GeodSciM,geodscim
Kinesio,kinesio
ISE,ise
HthRhSc,hthrhsc
"Sport, Fitness, and Health Program","sport, fitness, and health program"
Educational Theory and Practice,educational theory and practice
Plant Pth,plant pth
Health and Well-Being,health and well-being
Physther,physther
Teacher Education and Instruction,teacher education and instruction
Photog and Cinema,photog and cinema
Sp Qtr,sp qtr
Africa and The World,africa and the world
Educational Development,educational development
Polit Sc,polit sc
Plant,plant
Aero. Eng.,aero. eng.
Health and Biomedical Communications,health and biomedical communications
School of Music,school music
JCOM,jcom
Associates,associates
Medicine and Public Health,medicine and public health
Sport and Exercise Science,sport and exercise science
Hist Art,hist art
"Industrial, Interior and Visual","industrial, interior and visual"
txtl & clo,txtl & clo
Nutrition and Food Management,nutrition and food management
Business Administ,business administ
JANELL,janell
TC,tc
Aviation and Occupational Medicine,aviation and occupational medicine
Psychol,psychol
BUSINESS ORGANIZATION,business organization
820,820
MVIMG,mvimg
Consysmt,consysmt
Education: Physical Activity and Educational Services,education: physical activity and educational services
Vocational and Rehabilitative Education,vocational and rehabilitative education
H&CS,h&cs
Child and Family Studies,child and family studies
Hlth Mgmt,hlth mgmt
Applied Biology,applied biology
Special and Rehabilitation Education,special and rehabilitation education
NRES,nres
Ag&consm,ag&consm
General Professional Studies,general professional studies
ED-T&P,ed-t&p
"Curriculum, Instruction, and Professional Development","curriculum, instruction, and professional development"
Animal Science and Dairy Science,animal science and dairy science
Poul. Sc.,poul. sc.
Nat. Res.,nat. res.
POULTRY SCIENCE,poultry science
Nutrition U,nutrition u
Ac,ac
Hydraulics,hydraulics
Anthrop.,anthrop.
Rur. Soc.,rur. soc.
COMPUTER AND INFORMATION SCIENCE,computer and information science
Aero-Astro,aero-astro
Philos.,philos.
AERC,aerc
Obs/Gyn,obs/gyn
WELDING ENGINEERING,welding engineering
MEDICAL DIETETICS,medical dietetics
SPST,spst
BMB,bmb
N&D,n&d
English Language and Literature (Engl),english language and literature (engl)
GEOE,geoe
KPHE,kphe
ATSC,atsc
Music (Musc),music (musc)
VISUAL ARTS,visual arts
Anatomy and Cell Biology,anatomy and cell biology
CLINICAL PSYCHOLOGY,clinical psychology
PPT,ppt
Ge,ge
EHD,ehd
CTL (EDUCATION),ctl (education)
ED ADMINISTRATION,ed administration
Speech-Language Pathology,speech-language pathology
Chemistry and Metallurgy,chemistry and metallurgy
BACTERIOLOGY AND PATHOLOGY,bacteriology and pathology
Theory and Practice of Teaching,theory and practice teaching
Advanced Design,advanced design
Space Studies,space studies
Speech-Language Pathology and Audiology,speech-language pathology and audiology
ECONOMICS AND POLITICAL SCIENCE,economics and political science
NORIG,norig
Industrial and Manual Arts,industrial and manual arts
CERAMIC ENGINEERING,ceramic engineering
Manual Arts,manual arts
Literary and Dramatic,literary and dramatic
COMMERCIAL,commercial
CIAIL ENGINEERING,ciail engineering
RTS,rts
"SPEECH, THEATRE ARTS","speech, theatre arts"
School of Religion,school religion
Center for Teaching and Learning,center for teaching and learning
"History, European","history, european"
UNIVERSITY OF NORTH DAKOTA,university north dakota
TRANSPORTATION,transportation
MOSIC,mosic
BUSINESS/VOCATIONAL EDUCATION,business/vocational education
Shop Division,shop division
Business/Vocational Education,business/vocational education
MBio,mbio
MRKT,mrkt
History (Hist),history (hist)
Norse Studies,norse studies
FMed,fmed
Physical Activity and Ed Services,physical activity and ed services
ArtEduc,arteduc
Statistical Science,statistical science
IndEng,indeng
AuD,aud
AfAmASt,afamast
Health Services Management & Policy,health services management & policy
University of North Dakota,university north dakota
"Mining, Metallurgy, and Petroleum","mining, metallurgy, and petroleum"
EngMech,engmech
On Systems,on systems
Management & Human Rsrcs,management & human rsrcs
Business Admin: Marketing & Logis,business admin: marketing & logis
LArch,larch
Business Admin: Management & Human Rsrcs,business admin: management & human rsrcs
Fashion and Retail Studies,fashion and retail studies
I/R,i/r
AnimSci,animsci
Business Admin: Marketing & Logistics,business admin: marketing & logistics
Development And Family Science,development and family science
East Asian Humanities,east asian humanities
BUSINESS AND VOCATIONAL EDUCATION,business and vocational education
Mrkt,mrkt
Indian Studies,indian studies
CHEMISTRY AND METALLURGY,chemistry and metallurgy
Mining and Metallurgy,mining and metallurgy
MARKETING AND MANAGEMENT,marketing and management
SPECIECH,speciech
SLN,sln
Educa-tion,educa-tion
Credits and Collections,credits and collections
FUEL TECHNOLOGY,fuel technology
PETROLEUM,petroleum
BVED,bved
School Administration,school administration
HEc,hec
Languages: Modern and Classical,languages: modern and classical
Home Economics and Nutrition,home economics and nutrition
Metr,metr
CJS,cjs
LSAV,lsav
UND,und
SWk,swk
E. M.,e. m.
Norw,norw
PHYSIOLOGY AND PHARMACOLOGY,physiology and pharmacology
SCANDINAVIAN LANGUAGES AND LITERATURES,scandinavian languages and literatures
SP&A,sp&a
Entr,entr
PEXS,pexs
Gineering,gineering
SCANDINAVIAN LANGUAGES,scandinavian languages
Construction Safety,construction safety
RLS,rls
PhTx,phtx
DIVISION OF ENGINEERING,engineering
SHAKESPEARE,shakespeare
TEACHERS COLLEGE,teachers college
IOI,ioi
NEUROSCIENCE,neuroscience
COLLEGE OF LIBERAL ARTS,college liberal arts
Bacteriology and Hygiene,bacteriology and hygiene
College of Liberal Arts,college liberal arts
DIVISION OF MEDICINE,medicine
Geological Seminary,geological seminary
Locic,locic
SOCIALISM,socialism
Lab.,lab.
IDMISTRY,idmistry
Teachers College,teachers college
Division of Engineering,engineering
History of Law,history law
Astronomy and Geodesy,astronomy and geodesy
Physical Training,physical training
Division of Medicine,medicine
Germian,germian
Metallurgy and Industrial Chemistry,metallurgy and industrial chemistry
un,un
Div. of Engineering,div. engineering
Teacher's College,teacher's college
Foods and Sanitation,foods and sanitation
EDUCATION: EDUCATIONAL ADMINISTRATION,education: educational administration
Account,account
Manual Training,manual training
METALLURGY AND INDUSTRIAL CHEMISTRY,metallurgy and industrial chemistry
Metalurgy,metalurgy
Teachers' College,teachers' college
MINING,mining
IBSEN,ibsen
METALLURGY,metallurgy
"Jourses designed for upperclassmen, but which may be taken by graduates","jourses designed for upperclassmen, but which may be taken by graduates"
Physiography,physiography
Mining and Ore Treatment,mining and ore treatment
Coal Mining and Handling,coal mining and handling
Old Norse,old norse
Sanitary Engr.,sanitary engr.
HYD,hyd
"History, American","history, american"
Bookkeeping,bookkeeping
METEOROLOGY,meteorology
MACHINE SHOP,machine shop
Class,class
Secretarial,secretarial
MECHANICAL AND ELECTRICAL ENGINEERING,mechanical and electrical engineering
Anatomy & Cell Biology,anatomy & cell biology
Business & Vocational Education,business & vocational education
CDis,cdis
HYGIENE AND SANITATION,hygiene and sanitation
BIOCHEMISTRY & MOLECULAR BIOLOGY,biochemistry & molecular biology
Child Study,child study
Lab,lab
"Economics, Political Science and Accounting","economics, political science and accounting"
"ECONOMICS, POLITICAL SCIENCE AND ACCOUNTING","economics, political science and accounting"
Railway Mechanical Engineering,railway mechanical engineering
A & S,a & s
LANGUAGE AND LITERATURE,language and literature
"Mining, Metallurgy, and Industrial Chemistry","mining, metallurgy, and industrial chemistry"
GHEMISTRY,ghemistry
Lib,lib
"MINING, METALLURGY, AND INDUSTRIAL CHEMISTRY","mining, metallurgy, and industrial chemistry"
MOSIG,mosig
Economics and Business,economics and business
NEWMAN FOUNDATION,newman foundation
MINING AND METALLURGY,mining and metallurgy
School of Communication,school communication
TEAM,team
Integrated Studies,integrated studies
Anthropology (Anth),anthropology (anth)
TL,tl
Ag M&Sys,ag m&sys
"Educational Studies: Humanities, Science","educational studies: humanities, science"
Vet,vet
ChBE,chbe
HumanNtr,humanntr
Therapy,therapy
Fm&HuDv,fm&hudv
Slavic Literature in English Translation,slavic literature in english translation
Foreign Language and Literature,foreign language and literature
Ceramic En,ceramic en
Human Development And Family Science,human development and family science
MolGen,molgen
CivilEn,civilen
EVO,evo
FABEng,fabeng
"Evolution, Ecology and Organismal Biology","evolution, ecology and organismal biology"
CPHR,cphr
FdScTe,fdscte
ArtsCol,artscol
WeldEng,weldeng
Biomed Comm,biomed comm
Recreation Resources Program,recreation resources program
Topics in Journalism and Mass Communication,topics in journalism and mass communication
Instructional Design and Technology,instructional design and technology
Physical Activity and Education,physical activity and education
GEC/LAR,gec/lar
Water Quality and Environmental,water quality and environmental
Livestock,livestock
txtl&clo,txtl&clo
Flight Lab,flight lab
U 4,u 4
U 2,u 2
Slavic Lang. and Lit.,slavic lang. and lit.
Agricultural Economics/Agricultural Education,agricultural economics/agricultural education
Medical Record Administration/Medical,medical record administration/medical
City and Regional Planning/Civil Engineering,city and regional planning/civil engineering
Home,home
Clinical Dental,clinical dental
Japanese/Jewish Studies/Journalism,japanese/jewish studies/journalism
Poultry Science/Preventive Medicine,poultry science/preventive medicine
English/Entomology,english/entomology
Lab Sci,lab sci
Greek/Health Education,greek/health education
E. Asian Lang. and Lit.,e. asian lang. and lit.
Management of Agricultural,management agricultural
History/History of Art,history/history art
Law/Linguistics,law/linguistics
Biolog,biolog
Radiologic Technology Division,radiologic technology division
Aviation/Biochemistry,aviation/biochemistry
Physiology/Plant Pathology,physiology/plant pathology
Geography/Geology and Mineralogy,geography/geology and mineralogy
Methods of Astronomical,methods astronomical
Office Procedures,office procedures
Slavic Lanquages and Literatures,slavic lanquages and literatures
U 1,u 1
Horticulture/Hospital and Health Services,horticulture/hospital and health services
Operations Planning and Control,operations planning and control
Accting and Mgt. Infor. Sys./Admin. Sci./Aer,accting and mgt. infor. sys./admin. sci./aer
Journalism/Judai,journalism/judai
MedLbS,medlbs
Advanced Computing Center for the Arts and Design,advanced computing center for the arts and design
Geodetic Sciences,geodetic sciences
Horticultural Technology,horticultural technology
"Molecular Virology, Immunology, and Med","molecular virology, immunology, and med"
Welding Technology,welding technology
CRPlan,crplan
Environmental Molecular Sciences,environmental molecular sciences
Accour,accour
AlliMed,allimed
BusFin,busfin
MENR,menr
"Ecology, Evolution, and Organismal Biology","ecology, evolution, and organismal biology"
Topics in Journalism and Mass,topics in journalism and mass
Agricultur,agricultur
Mole,mole
Foreign Lang,foreign lang
Methods of Quantitative Analysis,methods quantitative analysis
Food Service,food service
FPPT,fppt
Modern Literary Arabic,modern literary arabic
Global Politics,global politics
Ethics and Public Policy,ethics and public policy
PubHlth,pubhlth
RespTher,respther
Group Studies in Nuclear Engineering,group studies in nuclear engineering
Optom.,optom.
Psychol.,psychol.
LANDSCAPE ARC,landscape arc
Language G,language g
Commercial Transactions,commercial transactions
Engineering Drawing,engineering drawing
Engineering of Agricultural,engineering agricultural
Acc.,acc.
"Agricultural, Env","agricultural, env"
on,on
Arts and Hum,arts and hum
Naval Sci,naval sci
Ind. Eng.,ind. eng.
Business Administration: Marketing & Logistics,business administration: marketing & logistics
"Arts and Humanities, Visual and Performing Arts","arts and humanities, visual and performing arts"
Business Administratio,business administratio
Landscape Arch,landscape arch
Anim Sci,anim sci
MINERALOGY,mineralogy
CLASSICAL LANGUAGES AND LITERATURE,classical languages and literature
Bus Org,bus org
NATIONAL SECURITY POLICY STUDIES,national security policy studies
BOTANY AND PLANT PATHOLOGY,botany and plant pathology
Geodelic Science,geodelic science
Alli Med,alli med
"Agricultural, Environmental, and Development","agricultural, environmental, and development"
A6,a6
INTERNATIONAL STUDIES,international studies
EV,ev
CLARTS,clarts
Physic,physic
"Agricultural, Envir","agricultural, envir"
"Food, Ag","food, ag"
Computer Technology in the Arts,computer technology in the arts
"Evolution, Ecology, and Organismal","evolution, ecology, and organismal"
Bus-Mktg,bus-mktg
Agr Eco,agr eco
Ed Policy and Leadership,ed policy and leadership
"Agricultural, Environmental, and Dev","agricultural, environmental, and dev"
UG,ug
DAIRY SCIENCES,dairy sciences
HSM,hsm
East Asian Languages and Literature,east asian languages and literature
Educational Services,educational services
Dairy Sciences,dairy sciences
Asian L&L,asian l&l
Physical Activity and Edu,physical activity and edu
Aeronautical and Astronautical Engin,aeronautical and astronautical engin
FAM RES M,fam res m
Mgmt Sci,mgmt sci
PHILOSOPH,philosoph
Obstetric and Gynecologic,obstetric and gynecologic
Special Group Studies,special group studies
Biochem.,biochem.
WUSIC,wusic
OTOLARYNGOLOGY,otolaryngology
NUSIC,nusic
OPHTHALMOLOGY,ophthalmology
Russ.,russ.
Unit Operations in Processing,unit operations in processing
GI,gi
Aero. S.,aero. s.
Ag Econ,ag econ
Photog,photog
Nutrition and Dairy Science,nutrition and dairy science
Agricultural Finance,agricultural finance
Sales,sales
OBSTETRICS AND GYNECOLOGY,obstetrics and gynecology
Biology/Zoology,biology/zoology
Welding Eng,welding eng
UCOL,ucol
Agri-Industry Organization and Public,agri-industry organization and public
Government Finance,government finance
Instructional Systems,instructional systems
Mine,mine
"Women's, Gender and Sexuality Studies","women's, gender and sexuality studies"
Language Education,language education
Educational Policy,educational policy
ConSysM,consysm
RurlSoc,rurlsoc
Surveying and Mapping,surveying and mapping
Education Studies,education studies
Greece,greece
Envir,envir
Accounting and Management Information Sys,accounting and management information sys
RespThr,respthr
Biological Chemistry and Pharmacology,biological chemistry and pharmacology
Knowlton School of Architecture,knowlton school architecture
ConSci,consci
Brewing Science,brewing science
OccTher,occther
RadSci,radsci
omics,omics
Agricultural and Environmental Sciences,agricultural and environmental sciences
ReligStds,religstds
Aviatn,aviatn
Agricultural and Applied Economics,agricultural and applied economics
AED Econ,aed econ
can-American and African Studies,can-american and african studies
Business Administration: Marketing and Logistics,business administration: marketing and logistics
Geographv,geographv
Physical A,physical a
Aeronautical and Astronautical E,aeronautical and astronautical e
Envs,envs
Master of Business Administration,master business administration
EdTL,edtl
nmunication Design,nmunication design
Physical Activity and E,physical activity and e
Business Admi,business admi
Edu T&L,edu t&l
Accounting and Management Infor,accounting and management infor
HSRA,hsra
and Human Resources,and human resources
Army ROTC Department,army rotc department
Chinese Language,chinese language
ces,ces
Matsc&en,matsc&en
Animal Science Department,animal science department
Rehabilitation Services,rehabilitation services
"Agricultural, Environmer","agricultural, environmer"
Forest Sci,forest sci
Sph/hrng,sph/hrng
Elec and Cmptr Enq,elec and cmptr enq
Elec and Cmptr Eng,elec and cmptr eng
HNFM,hnfm
FSRM,fsrm
Wom Std,wom std
Family Res Mgmt,family res mgmt
Accting,accting
Human Health,human health
Materials Science and Enqineering,materials science and enqineering
Politic Sc,politic sc
Medical Kinesiology,medical kinesiology
Agri-business and Agricultural Applications,agri-business and agricultural applications
Crop and Turf Science,crop and turf science
UAI,uai
Arabic and Islamic Studies,arabic and islamic studies
French and Romance Studies,french and romance studies
Agric. Eng.,agric. eng.
Hith Edu,hith edu
Textiles |,textiles |
Ed-SC&MA,ed-sc&ma
Statistical Analysis of Time,statistical analysis time
Acounting,acounting
Curriculum and Foundations,curriculum and foundations
Ed-Devel,ed-devel
Ed-C&F,ed-c&f
Man-Machine Systems,man-machine systems
Jrn,jrn
Engineering Aec,engineering aec
Hosp Admin,hosp admin
ECI,eci
Ag. Soc.,ag. soc.
Pub Admin,pub admin
Labor and Government,labor and government
Anesthetic,anesthetic
Prosthodontics,prosthodontics
Black Community Development,black community development
Early and Middle Childhood,early and middle childhood
Busine,busine
GURU,guru
Health and Wellness Innovation in Healthcare,health and wellness innovation in healthcare
Vet. Biosci.,vet. biosci.
Kine,kine
Visual Sci.,visual sci.
Kinesiology: Physical Education,kinesiology: physical education
HistArt,histart
"Soil, Water, and Climate","soil, water, and climate"
Geograp,geograp
Fdn Sc&Nu,fdn sc&nu
FRHD,frhd
Counselor Ed,counselor ed
Stage,stage
CBG,cbg
EnvEng,enveng
"Physical Education, Sport & Physical Activity","physical education, sport & physical activity"
SphHrng,sphhrng
Horticultural Science,horticultural science
JewshSt,jewshst
Inness Admin: Management & Human Rsrcs,inness admin: management & human rsrcs
Kinesiolo,kinesiolo
Nat Sec Pol S,nat sec pol s
Biomedical Research,biomedical research
Veterinary Public Health,veterinary public health
Lifetime Fitness,lifetime fitness
Crop Physiology,crop physiology
Cobol,cobol
Elec and Cptr Eng,elec and cptr eng
Anatomy and Medical Education,anatomy and medical education
Physical Activity and Educational Servic,physical activity and educational servic
Hper,hper
Islamic Spain and North Africa,islamic spain and north africa
Rhetoric of Social Intervention,rhetoric social intervention
Landscape/Horticulture,landscape/horticulture
Eastern Languages and Cultures,eastern languages and cultures
Historv,historv
MSAT,msat
"Agricultural, Environmental, and Development Econor","agricultural, environmental, and development econor"
GRC,grc
"Agricultural, Environmental, and Development Econo","agricultural, environmental, and development econo"
Li,li
Viddish,viddish
Housing and Consumer Economics,housing and consumer economics
Fm&hu dv,fm&hu dv
HPR,hpr
Hosp Mgt or Dietetcs or H Ec Edu Food Service,hosp mgt or dietetcs or h ec edu food service
Pint Bio,pint bio
Womens Std,womens std
Agric Sci,agric sci
Biomedical Writing and Editing,biomedical writing and editing
PlntPth,plntpth
CLLC,cllc
PubHHMP,pubhhmp
Second Language Acquisition,second language acquisition
"Agricultural, and Biological Engineering","agricultural, and biological engineering"
Accnt,accnt
"Government, and Public Policy","government, and public policy"
Kinesic,kinesic
Educati,educati
EdPAES,edpaes
Biomedicine,biomedicine
Environment and Natural Resources Administration,environment and natural resources administration
"Sport, Fitness, and Health","sport, fitness, and health"
CompStd,compstd
srcs,srcs
FAES,faes
Educatior,educatior
Kinesiol,kinesiol
Languages and Cultures of the Middle East,languages and cultures the middle east
Consumer Sciences: Hospitality Managem,consumer sciences: hospitality managem
"Drama, Language Arts, Literature and Reading Education","drama, language arts, literature and reading education"
"Industrial, Interior and Visual Communication Desig","industrial, interior and visual communication desig"
JCom,jcom
Near Eastern Languages and Literatures,near eastern languages and literatures
Arts Management,arts management
Consumer Sci,consumer sci
Medieval/Renaissance Studies,medieval/renaissance studies
Veterinary & Comparative Medicine,veterinary & comparative medicine
"Kinesiology:Sport Industry, Sport Management","kinesiology:sport industry, sport management"
Portgse,portgse
African Lang,african lang
EADMIN,eadmin
B A,b a
u G 5,u g 5
INDUSTRIAL AND SYSTEMS ENGINEERING,industrial and systems engineering
A. F. Aero. S.,a. f. aero. s.
ALLIED MEDICINE,allied medicine
Aralic,aralic
Geodesic Science,geodesic science
CFA,cfa
INDUSTRIAL DESIGN,industrial design
Ed: C & F,ed: c & f
Ed Excep,ed excep
Zooilogy,zooilogy
Dent. Hyg.,dent. hyg.
Family Resource Mgmt,family resource mgmt
SLAVIC LANGUAGES AND CULTURES,slavic languages and cultures
Medical History,medical history
AERONAUTICAL AND ASTRONAUTICAL ENGINE,aeronautical and astronautical engine
Med. Micro.,med. micro.
Thatre,thatre
AGRICULTURAL TECHNICAL INSTITUTE,agricultural technical institute
51,51
Agricultural  Education,agricultural  education
Physical Activity and Educational Service,physical activity and educational service
"Industrial, Interior and Visual Communication Des","industrial, interior and visual communication des"
Graduate Group in Architecture,graduate group in architecture
Bioethic,bioethic
Public Healt,public healt
"Molecular Virology, Immunology and Medical Gen","molecular virology, immunology and medical gen"
Vices,vices
Radlologic Technology,radlologic technology
Resp. Ther.,resp. ther.
Molec,molec
"Virology, Immunology and Medical Genetics","virology, immunology and medical genetics"
Dsgn,dsgn
Mechanical  Engineering,mechanical  engineering
Aeronautical and Astronautical Engineer,aeronautical and astronautical engineer
Education:  Humanities,education:  humanities
Ag Economics,ag economics
His,his
Administrative Aspects of Practice in Human Services Organizations,administrative aspects practice in human services organizations
Cinematography,cinematography
Hos,hos
Italian Literature,italian literature
"Industry, Risk and Pricing","industry, risk and pricing"
Ness Admin,ness admin
ComLdr,comldr
Management & Human Rs,management & human rs
Marketing & Logistics,marketing & logistics
MBOE,mboe
Sem,sem
MedTech,medtech
MICS,mics
PhysEd,physed
Fashion and Apparel,fashion and apparel
Fisheries and Wildlife,fisheries and wildlife
Politic Sci,politic sci
Civil and Envirnomental Engineering,civil and envirnomental engineering
Francophone Literature,francophone literature
Textile and Clothing,textile and clothing
PlntBio,plntbio
MICRBIOL,micrbiol
IntStds,intstds
ANIMSCI,animsci
Kines,kines
DNP,dnp
French and Francophone Studies,french and francophone studies
Arab and Middle Eastern Studies,arab and middle eastern studies
Architectur,architectur
P-987,p-987
P-982,p-982
P-953,p-953
Department of Printing,printing
College of Industries,college industries
Department of Management Engineering,management engineering
DEPARTMENT OF GENERAL SCIENCE,general science
DEPARTMENT OF METALLURGICAL ENGINEERING,metallurgical engineering
COLLEGE OF INDUSTRIES,college industries
DEPARTMENT OF ENGLISH,english
LAYOUT AND DESIGN,layout and design
In-,in-
DEPARTMENT OF PSYCHOLOGY AND EDUCATION,psychology and education
In,in
NIGHT COURSES,night courses
DRAWING AND DESCRIPTIVE GEOMETRY,drawing and descriptive geometry
CIT (English),cit (english)
Printing Management,printing management
Management Engineering,management engineering
"PAINTING, DESIGN AND SCULPTURE","painting, design and sculpture"
"Painting, Design and Sculpture","painting, design and sculpture"
Commercial Engineering,commercial engineering
Production Design,production design
PLUMBING,plumbing
Automotive Engineering,automotive engineering
QT,qt
General Subjects,general subjects
E-Engineering,e-engineering
Costume Economics,costume economics
Vocational Home Economics,vocational home economics
Margaret Morrison Carnegie College,margaret morrison carnegie college
DEPARTMENT OF ECONOMICS,economics
DEPARTMENT OF WORKS MANAGEMENT,works management
SECRETARIAL STUDIES,secretarial studies
FOUNDRY,foundry
An,an
Ind.,ind.
Works Management,works management
Industrial Science,industrial science
Metallurgy & Materials Science,metallurgy & materials science
Administration & Management Science,administration & management science
12,12
80,80
Engineering & Public Policy,engineering & public policy
Administration and Management Science,administration and management science
ADMINISTRATION AND MANAGEMENT SCIENCE,administration and management science
Undergraduate English,undergraduate english
COLLEGE OF HUMANITIES AND SOCIAL SCIENCES,college humanities and social sciences
Applied Industries,applied industries
CIT,cit
Cooking,cooking
Department of Modern Languages,modern languages
Laboratory,laboratory
Graduate Subjects,graduate subjects
ENGLISH DEPARTMENT,english department
DEPARTMENT OF MODERN LANGUAGES,modern languages
COSTUME ECONOMICS,costume economics
VOCATIONAL HOME ECONOMICS,vocational home economics
DIVISION OF GENERAL STUDIES,general studies
CARPENTRY,carpentry
MASONRY,masonry
E-,e-
DEPARTMENT OF PAINTING AND DECORATION,painting and decoration
M-CE,m-ce
English / History,english / history
Art / CFA,art / cfa
College of Humanities and Social Sciences,college humanities and social sciences
Social and Decision Sciences,social and decision sciences
Engineering and Public Policy,engineering and public policy
Counseling Psychology and Community Services,counseling psychology and community services
Elective Subjects,elective subjects
Department of Psychology and Education,psychology and education
Industries,industries
Machine Practice,machine practice
Industrial and Mechanical Arts,industrial and mechanical arts
STRUCTURES,structures
Not Available,not available
ELECTIVE SUBJECTS,elective subjects
Mechanical Drafting,mechanical drafting
DEPARTMENT OF DRAWING AND DESCRIPTIVE GEOMETRY,drawing and descriptive geometry
Biological Sciences/Chemical Engineering,biological sciences/chemical engineering
Textile Design,textile design
The Arts,the arts
Vocational,vocational
Print,print
SHOPS,shops
General Science,general science
E-Professional,e-professional
Library School,library school
Carnegie,carnegie
CARNEGIE,carnegie
GA,ga
GRAPHIC ARTS,graphic arts
Physics Department,physics department
Physical Education and Student Health,physical education and student health
Department of Costume Economics,costume economics
PURE MATHEMATICS,pure mathematics
Filing and Indexing,filing and indexing
Business Methods,business methods
Shorthand I,shorthand i
Shorthand III,shorthand iii
Shorthand II,shorthand ii
Anthropology and History,anthropology and history
88,88
33,33
09,09
Structural Design,structural design
39,39
EPP,epp
EBA,eba
70,70
CMU,cmu
Advanced PDP,advanced pdp
54,54
Department of Social and Decision Sciences,social and decision sciences
42,42
"Modern Languages, Literature and Cultures","modern languages, literature and cultures"
Social & Decision Sciences,social & decision sciences
PAPA,papa
Digital Art & Image,digital art & image
57,57
HCII,hcii
CFA Interdisciplinary,cfa interdisciplinary
ADMINISTRATION & MANAGEMENT SCIENCE,administration & management science
GENERAL SCIENCE,general science
18,18
DEPARTMENT OF HISTORY,history
ARTMENT OF ENGLISH,artment english
LIBRARY SCHOOL,library school
S-,s-
Department of Painting and Decoration,painting and decoration
C-400,c-400
MARGARET MORRISON CARNEGIE COLLEGE,margaret morrison carnegie college
Undergraduate Economics Program,undergraduate economics program
Analytical Techniques,analytical techniques
Speech and Theatre,speech and theatre
CIT Math,cit math
Department of Military Science and Tactics,military science and tactics
Department of Physical Education,physical education
PDM,pdm
History of Ideas,history ideas
Metallurgical Engineering & Materials Science,metallurgical engineering & materials science
Applied History,applied history
85,85
48,48
Metallurgical Engineering and Materials Science,metallurgical engineering and materials science
Drawing and Descriptive Geometry,drawing and descriptive geometry
15,15
Metallurgy and Materials Science,metallurgy and materials science
Human Expertise,human expertise
ETB,etb
MCS,mcs
Logic & Computation,logic & computation
Military Science-ROTC,military science-rotc
"ID, CD","id, cd"
Hu,hu
36,36
03,03
Military Science - Army ROTC,military science - army rotc
21,21
Naval Science - Navy ROTC,naval science - navy rotc
70-,70-
Humanities and Social Sciences,humanities and social sciences
Mathemalics,mathemalics
PDP,pdp
Cn,cn
Cial Engineering,cial engineering
HVAC,hvac
Graduate Engineering,graduate engineering
E-division,e-division
C-369,c-369
Automobile Maintenance,automobile maintenance
Photolithography,photolithography
Presswork,presswork
HISTORIES OF ART,histories art
Business and Social Studies,business and social studies
P-9,p-9
Drawings and Descriptive Geometry,drawings and descriptive geometry
BUSINESS AND SOCIAL STUDIES,business and social studies
Civil and Sanitary Engineering,civil and sanitary engineering
CIVIL AND SANITARY ENGINEERING,civil and sanitary engineering
Home Arts and Crafts,home arts and crafts
Secretarial Studies,secretarial studies
Stationary Engineering,stationary engineering
GE-,ge-
DEPARTMENT OF SOCIAL WORK,social work
278.,278.
WELDING,welding
ELECTRIC METER PRACTICE,electric meter practice
DEPARTMENT OF HOUSEHOLD ECONOMICS,household economics
School of Applied Industries,school applied industries
Manual and Industrial Arts,manual and industrial arts
Department of Social Sciences,social sciences
Department of Drawing and Descriptive Geometry,drawing and descriptive geometry
GE-Graduate Subjects,ge-graduate subjects
HISTORIES,histories
GC-,gc-
73,73
"Painting, Design, and Sculpture","painting, design, and sculpture"
APPLIED PSYCHOLOGY,applied psychology
H&SS Interdisciplinary,h&ss interdisciplinary
MODERN LANGUAGE,modern language
Short Coal Mining,short coal mining
Chemical Principles,chemical principles
SHEET METAL,sheet metal
Shorthand CG,shorthand cg
Undergraduate Subjects,undergraduate subjects
unspecified,unspecified
MEBA,meba
Sociology and Social Sciences,sociology and social sciences
Philosophy / Modern Languages,philosophy / modern languages
ed,education
Cookery,cookery
Arts and Crafts,arts and crafts
Plumbing,plumbing
Chemical Engineering/Chemistry,chemical engineering/chemistry
AVAL,aval
DIVISION OF APPLIED PSYCHOLOGY,applied psychology
MAI,mai
Metallurgical and Mining Engineering,metallurgical and mining engineering
METALLURGICAL AND MINING ENGINEERING,metallurgical and mining engineering
Department of Household Economics,household economics
E-chemistry,e-chemistry
Department of Administration and Management Science,administration and management science
I-,i-
24,24
MANAGEMENT ENGINEERING,management engineering
Masonry,masonry
Pipe Fitting,pipe fitting
Electric Equipment and Construction,electric equipment and construction
Electrical Equipment and Construction,electrical equipment and construction
DCR1,dcr1
DCR2,dcr2
DCR3,dcr3
Policy and Management,policy and management
DCR,dcr
DEPARTMENT OF PRINTING,printing
Department of Painting and Sculpture,painting and sculpture
Conflict,conflict
Undergraduate Mathematics,undergraduate mathematics
Chart and Diagram,chart and diagram
SUBJECTS OF INSTRUCTION,subjects instruction
SCHOOL OF APPLIED INDUSTRIES,school applied industries
CHEMISTRY (Day),chemistry (day)
DEPARTMENT OF THEORETICAL AND APPLIED MECHANICS (NIGHT),theoretical and applied mechanics (night)
H.A.&C.,h.a.&c.
commercial,commercial
H.A. and C.,h.a. and c.
Practical Sciences,practical sciences
Po. H.,po. h.
H.A. and C. (Home Arts and Crafts),h.a. and c. (home arts and crafts)
H. A. and C.,h. a. and c.
DEPARTMENT OF COSTUME ECONOMICS,costume economics
DEPARTMENT OF MANAGEMENT ENGINEERING,management engineering
Metal Working Industries,metal working industries
GRADUATE SUBJECTS,graduate subjects
70-000,70-000
ELECTRICAL MEASUREMENTS,electrical measurements
Carnegie Institute of Technology,carnegie institute technology
Draw,draw
M-,m-
In-128,in-128
In-124,in-124
Banks,banks
Automobile Maintenance and Operation,automobile maintenance and operation
Patternmaking,patternmaking
PAINTING AND DECORATION,painting and decoration
HEATING AND VENTILATING,heating and ventilating
In-graphics,in-graphics
C-Class,c-class
DEPARTMENT OF SECRETARIAL STUDIES,secretarial studies
Painting and Illustration,painting and illustration
HV,hv
Options,options
Statistics for Lab Sciences,statistics for lab sciences
Modern Language,modern language
Language Department,language department
406,406
BCSA,bcsa
NSC,nsc
"Painting, Design & Sculpture","painting, design & sculpture"
Building Equipment and Installation,building equipment and installation
Advanced Undergraduate,advanced undergraduate
Mineralogy and Geology,mineralogy and geology
IO,io
Information and Decision Systems,information and decision systems
OR LANG,or lang
HOUSEHOLD ECONOMICS,household economics
Millinery,millinery
Regional and City Planning,regional and city planning
BBI,bbi
C.F.A.,c.f.a.
DEPARTMENT OF PHYSICS,physics
DEPARTMENT OF MECHANICS,mechanics
International Affairs and Comparative Politics,international affairs and comparative politics
Cognitive Science Breadth Requirement,cognitive science breadth requirement
MISSED - BUSINESS ADMINISTRATION,missed - business administration
MMS,mms
CIT (Industrial Relations),cit (industrial relations)
Letters,letters
NG,ng
Theater or Drama,theater or drama
DEPARTMENT OF INDUSTRIAL ECONOMICS,industrial economics
DEPARTMENT OF INDUSTRIAL EDUCATION,industrial education
DEPARTMENT OF EDUCATION AND PSYCHOLOGY,education and psychology
drawings,drawings
Heating and Ventilating,heating and ventilating
Carnegie College,carnegie college
Introductory Psychology,introductory psychology
Machine Shop Practice,machine shop practice
A-,a-
Iron and Forging,iron and forging
Alloy Steels,alloy steels
Heat Treatment,heat treatment
L-,l-
DEPARTMENT OF INDUSTRIAL SCIENCE,industrial science
Department of Industrial Engineering,industrial engineering
In-274,in-274
In-285,in-285
Institute of Technology,institute technology
Sanitation,sanitation
Department of Works Management,works management
I-501,i-501
PDS,pds
Engineering (E),engineering (e)
PHYSICAL EDUCATION AND STUDENT HEALTH,physical education and student health
MARGARET MORRISON DIVISION,margaret morrison division
Applied Psychology,applied psychology
LIBRARY WORK,library work
"Social Relations, College of Engineering and Science, and Division of Hu-manistic and Social Studies","social relations, college engineering and science, and hu-manistic and social studies"
DIVISION OF INDUSTRIES,industries
"History, Political Science and Economics","history, political science and economics"
"DEPARTMENT OF HISTORY, POLITICAL SCIENCE AND ECONOMICS","history, political science and economics"
History and Economics,history and economics
EChem,echem
E-Process Metallurgy,e-process metallurgy
Hum/ Soc S,hum/ soc s
Ge Engineering,ge engineering
Economics and Business Law,economics and business law
Civics,civics
INDUSTRIES,industries
BUILDING CONSTRUCTION,building construction
Engineering Drawing and Descriptive Geometry,engineering drawing and descriptive geometry
Economics and Commercial Law,economics and commercial law
CIT - Engineering Department,cit - engineering department
ENCELL,encell
Structural Drafting,structural drafting
Building Estimating,building estimating
ECONOMI,economi
Lang.,lang.
Commercial Engr.,commercial engr.
COLLEGE OF ENGINEERING AND SCIENCE,college engineering and science
76,76
College of Engineering and Science,college engineering and science
PTM,ptm
Tech Direction,tech direction
82,82
InfoSys,infosys
H&SS Interdepartmental Minors,h&ss interdepartmental minors
CARNEGIE LIBRARY SCHOOL,carnegie library school
60,60
Not Provided,not provided
School of Drama,school drama
16:62 Design,16:62 design
Technical Design,technical design
H. John Heinz III School of Public Policy and Management,h. john heinz iii school public policy and management
Policy Studies,policy studies
79,79
Sci,sci
COURSES IN PLUMBING AND WELDING,courses in plumbing and welding
Department of Secretarial Studies,secretarial studies
History and Principles of Education,history and principles education
C-371,c-371
C-706,c-706
C-309,c-309
P-941,p-941
P-925,p-925
P-911,p-911
MACHINE PRACTICE C,machine practice c
Electrical Equipment,electrical equipment
Accouting,accouting
CIT - Engineering,cit - engineering
PAINTING AND DESIGN,painting and design
In-Foundry,in-foundry
C- Engineering,c- engineering
ELECTRICAL ENGINERING,electrical enginering
H&SS Interdepartmental Majors,h&ss interdepartmental majors
Health Administration & Policy,health administration & policy
ECSI,ecsi
SBUS,sbus
Environmental Science & Policy,environmental science & policy
Sociology & Anthropology,sociology & anthropology
"Criminology, Law and Society","criminology, law and society"
Global and Community Health,global and community health
"Civil, Environ & Infrastr Engr.","civil, environ & infrastr engr."
School of Integrative Studies,school integrative studies
Conflict Analysis & Resolution (CONF),conflict analysis & resolution (conf)
Info Sciences & Technology,info sciences & technology
Schar Public Policy/Admin,schar public policy/admin
Computer Game Design,computer game design
Conflict Analysis & Resolution,conflict analysis & resolution
Geography/Geoinformation Sci.,geography/geoinformation sci.
GCP,gcp
Electrical & Comp. Engineering,electrical & comp. engineering
Schar Govt/International Affrs,schar govt/international affrs
ARIN,arin
Systems Engr & Operations Rsch,systems engr & operations rsch
Computational & Data Sciences,computational & data sciences
VIT,vit
Geography/Geoinformation Sci,geography/geoinformation sci
New Century College,new century college
EMHS,emhs
Mathematical Sciences (MATH),mathematical sciences (math)
DESC,desc
STAM,stam
SWSE,swse
Finance (FNAN),finance (fnan)
Urban Systems Engineering,urban systems engineering
"Parks, Recreation, & Leisure Studies (PRLS)","parks, recreation, & leisure studies (prls)"
Instructional Technology (EDIT),instructional technology (edit)
IB3,ib3
Socio,socio
Public and International Affairs,public and international affairs
International Commerce & Policy (ITRN),international commerce & policy (itrn)
Computational Sciences and Informatics,computational sciences and informatics
Electrical & Computer Engineering (ECE),electrical & computer engineering (ece)
"Exercise, Fitness, and Health Promotion (EFHP)","exercise, fitness, and health promotion (efhp)"
Executive MBA (EMBA),executive mba (emba)
School of Art,school art
University (NCLC),university (nclc)
Foreign Languages (FRLN),foreign languages (frln)
Graduate Cat,graduate cat
Undergraduate Cata,undergraduate cata
IT and Engineering,it and engineering
Community College Education,community college education
Taxation Courses (TAX),taxation courses (tax)
Geographic and Cartographic Sciences,geographic and cartographic sciences
Graduate Catal,graduate catal
Education Research Courses (EDRS),education research courses (edrs)
LRNG,lrng
Centers and Institutes,centers and institutes
Conflict Analysis and Resolution,conflict analysis and resolution
Graduate Nursing,graduate nursing
Software Systems,software systems
Marketing Courses (MKTG),marketing courses (mktg)
GECA,geca
COMC,comc
EDCC,edcc
Computer Science (CS),computer science (cs)
Government and Politics (GOVT),government and politics (govt)
PAGE,page
"Parks, Recreation, and Leisure Studies (PRLS)","parks, recreation, and leisure studies (prls)"
Theatre (THR),theatre (thr)
Elementary/Secondary (EDCI),elementary/secondary (edci)
SOB,sob
University C,university c
HSCI/NURS,hsci/nurs
Counseling and Development,counseling and development
Molecular Biosciences and Biotechnology,molecular biosciences and biotechnology
ADJ,adj
FISHERIES AND WILDLIFE,fisheries and wildlife
Telecommunications Program,telecommunications program
Elementary/Secondary Education,elementary/secondary education
Graduate Business Institute,graduate business institute
EDAS,edas
Graduate Ca,graduate ca
Forestry and Wildlife Conservation,forestry and wildlife conservation
Pharm D,pharm d
Honors Program in General Education,honors program in general education
DM,dm
EP,ep
Design Courses,design courses
economics,economics
history,history
Department of History,history
Margaret Morrison Division,margaret morrison division
SCHOOL OF LIFE INSURANCE SALESMANSHIP,school life insurance salesmanship
MSSS (Manual of Secretarial Studies),msss (manual secretarial studies)
A (CFA),a (cfa)
Language (German),language (german)
M-4,m-4
Library Administration,library administration
C-8,c-8
INDUSTRIAL ECONOMICS,industrial economics
Division of Cooperative Research,cooperative research
I-E,i-e
Research Bureau for Retail Training,research bureau for retail training
METALLURGICAL STAFF,metallurgical staff
Night School of Applied Science,night school applied science
E-Dept,e-dept
Department of Metallurgical Engineering,metallurgical engineering
Department of Physics,physics
Library Studies,library studies
DEPARTMENT OF INDUSTRIAL MANAGEMENT,industrial management
PAINTING,painting
Humanities and Natural Sciences,humanities and natural sciences
NATURAL SCIENCES,natural sciences
PAINTING AND SCULPTURE,painting and sculpture
BUSINESS AND RESOURCE MANAGEMENT,business and resource management
Department of Civil Engineering,civil engineering
Painting and Decoration,painting and decoration
Hist. Ed.,hist. ed.
Voc. Ed.,voc. ed.
PAINTING & DESIGN,painting & design
Computer and Information Technology,computer and information technology
Military Sciences - Army ROTC,military sciences - army rotc
Engineering and Science,engineering and science
I-Industrial,i-industrial
Divisions of Industries,divisions industries
Secretarial Staff,secretarial staff
IET,iet
RESEARCH BUREAU FOR RETAIL TRAINING,research bureau for retail training
P-206,p-206
BUILDING ERECTION AND ESTIMATING,building erection and estimating
ARTS AND CRAFTS,arts and crafts
Printers' Courses,printers' courses
HISTORY AND ECONOMICS,history and economics
Advanced Gender Studies,advanced gender studies
IS/CD,is/cd
Mellon College of Science,mellon college science
Conflict Analysis (CONF),conflict analysis (conf)
Dance (DANC),dance (danc)
UC,uc
Public Policy (PUBP),public policy (pubp)
Ca,ca
ARC,arc
NURS/HSCI,nurs/hsci
Mechanical and Aerospace,mechanical and aerospace
Theater (THR),theater (thr)
Conf,conf
BIC,bic
Software Systems Engineering,software systems engineering
Conflict Analysis and Resolution (CONF),conflict analysis and resolution (conf)
n University,n university
Public Administration (PUAD),public administration (puad)
Graduate Catalo,graduate catalo
Health Science (HSCI),health science (hsci)
12-600,12-600
DEPARTMENT OF ARCHITECTURE,architecture
E- Accounting,e- accounting
E (Metallurgical Engineering),e (metallurgical engineering)
Heinz School,heinz school
LA-AS,la-as
TWC,twc
"BRICKLAYING, CONCRETE AND MASONRY","bricklaying, concrete and masonry"
Practical Chemistry,practical chemistry
Division of Science and Engineering,science and engineering
S-Engineering,s-engineering
Division of Industries,industries
Telephony,telephony
Building Trades,building trades
math,mathematics
ENGISTSH,engistsh
EDUCATION AND PSYCHOLOGY,education and psychology
GG,gg
MINERAL TECHNOLOGY,mineral technology
Anatomy and Physiology,anatomy and physiology
Decorative Art,decorative art
ENGINEERING: ELECTRICAL,engineering: electrical
ENGINEERING: MINERAL TECHNOLOGY,engineering: mineral technology
DECORATIVE ART,decorative art
Drama and Theatre,drama and theatre
Engineering: Mineral Technology,engineering: mineral technology
NEAR EASTERN LANGU,near eastern langu
Science and Mineral Engineering / MSE,science and mineral engineering / mse
Chemical and Nuclear Science and Technology,chemical and nuclear science and technology
Ld Arch,ld arch
Electrical En,electrical en
Chicano and Latino Studies,chicano and latino studies
"Agricultural, Food, and Resource Economics","agricultural, food, and resource economics"
Naval Architecture and Marine Eng.,naval architecture and marine eng.
Deakin,deakin
Molecular Plant Biology,molecular plant biology
"Police, Law, and Society","police, law, and society"
Inc,inc
G. Honors and Special Studies,g. honors and special studies
American Psychology,american psychology
Linguistic Theory,linguistic theory
FND,fnd
Woods,woods
Visual Sciences,visual sciences
L & S: German,l & s: german
L & S: History,l & s: history
L & S: Spanish and Portuguese,l & s: spanish and portuguese
L & S,l & s
ENGINEÈRING,engineèring
L & S: Psychology,l & s: psychology
Mining and Metallurgical Engineering,mining and metallurgical engineering
PubPol,pubpol
L & S: Mathematics,l & s: mathematics
L & S: Oriental Languages,l & s: oriental languages
Industrial Engineering and Operations,industrial engineering and operations
EA,ea
Civil and Environmental Engineerir,civil and environmental engineerir
L & S: Comparative Literature,l & s: comparative literature
L & S: Economics,l & s: economics
ENVIRONMENTAL DESIGN: City and Regional Planning,environmental design: city and regional planning
"Science, Policy, and Management / 265","science, policy, and management / 265"
L & S: Political Science,l & s: political science
G: Electrical Engineering and Computer Sciences,g: electrical engineering and computer sciences
L & S: Linguistics,l & s: linguistics
L & S: Afro-American Studies,l & s: afro-american studies
L& S,l& s
L & S: Italian,l & s: italian
L & S: English,l & s: english
L & S: Geography,l & s: geography
L & S: Classics,l & s: classics
L & S: Sociology,l & s: sociology
L & S: Slavic Languages and Literatures,l & s: slavic languages and literatures
L & S: Zoology,l & s: zoology
L & S: Near Eastern Studies,l & s: near eastern studies
L & S: Physiology-Anatomy,l & s: physiology-anatomy
L & S: Anthropology,l & s: anthropology
Library Information Studies,library information studies
L & S: Biology,l & s: biology
Landscape Architecture and Enviro,landscape architecture and enviro
Landscape Archite,landscape archite
Information / 305,information / 305
African/diaspora and Ethnic Studies,african/diaspora and ethnic studies
Imm,imm
Division of Genetics and Development,genetics and development
PUB AFF,pub aff
Sociology and Demography,sociology and demography
Military Officers' Education Program,military officers' education program
BIOCHEMISTRY; BIOLOGY,biochemistry; biology
ENGINEERING: ELEC,engineering: elec
FSC,fsc
AERONAUTICAL SC,aeronautical sc
"Soil Science, Plant Physiology, and related subjects","soil science, plant physiology, and related subjects"
ICE,ice
"Electrical, and Computer Sciences","electrical, and computer sciences"
Rhetoric and Literary Forms,rhetoric and literary forms
Engineering: Mechanical Engineering,engineering: mechanical engineering
Graduate Reading,graduate reading
L & S: South and Southeast Asian Studies,l & s: south and southeast asian studies
L & S: Astronomy,l & s: astronomy
L & S: Music,l & s: music
L & S: Biophysics and Medical Physics,l & s: biophysics and medical physics
SCHOOL OF LIBRARY AND INFORMATION S,school library and information s
NAT,nat
Grad Immunology,grad immunology
L & S: Scandinavian,l & s: scandinavian
Ecol,ecol
L Studies,l studies
SocWelf,socwelf
I Planning,i planning
OL,ol
LANDS,lands
L & S: Rhetoric,l & s: rhetoric
L & S: Romance Philology,l & s: romance philology
L & S: Paleontology,l & s: paleontology
D-Design Theories and Methods,d-design theories and methods
"Electrical, and Engineering","electrical, and engineering"
ARCHI,archi
D-Design,d-design
CIVIL / 205,civil / 205
E AND MATHEMATICS EDUCATION,e and mathematics education
GEOGI,geogi
COMPUTER SCIENCES; INDUSTRIAL,computer sciences; industrial
Study Area E-Social and Economic Factors in Architectural and Urban Design,study area e-social and economic factors in architectural and urban design
Educational Policy Formation,educational policy formation
PHYSIOLOGICAL OPTICS,physiological optics
"FRICAL, AND COMPUTER SCIENCES","frical, and computer sciences"
Mechanical Engineering: Applied Mechanics,mechanical engineering: applied mechanics
ANICAL; AERONAUTICAL SCIENCES,anical; aeronautical sciences
Machine Elements,machine elements
INDUSTRIAL,industrial
IC LANGUAGES AND LITERATURES,ic languages and literatures
Crs,crs
Phology,phology
Physical Education and Sport,physical education and sport
L & S: French,l & s: french
AEOL,aeol
L & S: Statistics,l & s: statistics
PROFESSIONAL COURSES,professional courses
NATURAL RESOURCES: Plant Pathology,natural resources: plant pathology
Urban and Environmental Planning,urban and environmental planning
Linguistics / 163,linguistics / 163
SCIENC,scienc
ENVIF,envif
ENGINEERIN,engineerin
nputer Sciences,nputer sciences
HLL,hll
Medieval Lit,medieval lit
Black American Studies,black american studies
"ENGINEERING: MINERAL TECHNOLOGY, NAVAL ARCHITECTURE","engineering: mineral technology, naval architecture"
School of Library,school library
PolSci,polsci
Psycholo,psycholo
Art and History of AI,art and history ai
PubAdmin,pubadmin
Landsc Architecture,landsc architecture
L & S: Geology and Geophysics,l & s: geology and geophysics
NEAR E,near e
L & S: Comparative Literature / 139,l & s: comparative literature / 139
L & S: Portuguese,l & s: portuguese
Range and Wildlife Management,range and wildlife management
SCHOOL OF LIBRARY AND INFORMATION ST,school library and information st
Pop. Studies,pop. studies
L & S: History of Art,l & s: history art
Landsc Architecture & Environ Plng,landsc architecture & environ plng
E Engineering,e engineering
DCRP,dcrp
CIAL,cial
Slavic Languages and Literatures / L & S,slavic languages and literatures / l & s
Biomedical and Environmental Health Scienc,biomedical and environmental health scienc
Courses in Literature,courses in literature
Dittmer Area Studies,dittmer area studies
Food and Nutritional Sciences,food and nutritional sciences
School of Social Welfare,school social welfare
Studio-Laboratory,studio-laboratory
HAD,had
D. Psychology,d. psychology
Biochemistry and Immunology,biochemistry and immunology
Biomedical and Administrative Health Sciences,biomedical and administrative health sciences
Plant and Soil Science,plant and soil science
ENGINEERING: Civil Engineering,engineering: civil engineering
Hispanic Literature,hispanic literature
puter Sciences,puter sciences
Civil / Engineering,civil / engineering
Structural Stability,structural stability
GEOGR,geogr
CTCH,ctch
School of Public Policy,school public policy
MSOM,msom
EDCE,edce
EEP,eep
College Teaching (CTCH),college teaching (ctch)
JLCP,jlcp
Geology (GEOL),geology (geol)
EOS,eos
CSI/IT,csi/it
MAM,mam
Utopia,utopia
EDUT,edut
Special Education (EDSE),special education (edse)
History and Art History,history and art history
GOV,gov
Foreign Affairs,foreign affairs
GEORGE MASON COLLEGE,george mason college
undisclosed,undisclosed
Computational Social Science,computational social science
E-comme,e-comme
Government and International Politics,government and international politics
Health Education (HEAL),health education (heal)
N),n)
Honors Program in General Education (HNRS),honors program in general education (hnrs)
School of Psychology,school psychology
Telecommunications (TCOM),telecommunications (tcom)
Urban Indian Studies,urban indian studies
EDAE,edae
Com,com
International Con,international con
Computational and Data Sciences,computational and data sciences
DANCE (DANC),dance (danc)
Art and Visual Technology (AVT),art and visual technology (avt)
Information Systems (INFS),information systems (infs)
Graduate School of Management,graduate school management
Atmospheric/Oceanic/Earth Sci,atmospheric/oceanic/earth sci
Schar School of Policy & Govt,schar school policy & govt
Women & Gender Studies,women & gender studies
"Recreation, Health & Tourism","recreation, health & tourism"
ZAL,zal
ECSP,ecsp
Urban Development,urban development
International Policy,international policy
Law and Jurisprudence,law and jurisprudence
Independent and Experiential Learning,independent and experiential learning
Counseling and Development (EDCD),counseling and development (edcd)
SMED,smed
Kinesiology and Public Health Education (KPHE),kinesiology and public health education (kphe)
INDUSTRIAL ENGINEERING CHEMISTRY,industrial engineering chemistry
OFFICE ADMINISTRATION,office administration
ROMANCE LANGUAGES AND LITERATURE,romance languages and literature
EDUCATION: SPECIAL EDUCATION,education: special education
BVE,bve
IQ4,iq4
SHOP WORK,shop work
Applied Art,applied art
TOL,tol
DIVISION OF ENCINEERING,encineering
"Metallurgy, and Industrial Chemistry","metallurgy, and industrial chemistry"
Secondary Science,secondary science
H:IMISTRY,h:imistry
Livy,livy
HISTORY OF EDUCATION,history education
MECHANICAL ENGR,mechanical engr
Ibsen,ibsen
Chemical Engineering Technology,chemical engineering technology
GEOLOGY AND GEOGRAPHY,geology and geography
Speech-Language-Hearing Clinic,speech-language-hearing clinic
EVALUATION,evaluation
IQ,iq
AGRICULTURE AND LIFE,agriculture and life
Heat Power Division,heat power division
History and Social Science,history and social science
bHysics,bhysics
Languages: Department of Modern and Classical Languages & Litt,languages: modern and classical languages & litt
IOG,iog
MTM,mtm
THE RISE OF ROMANTICISM IN THE EIGHTEENTH CENTURY,the rise romanticism in the eighteenth century
MANUAL TRAINING,manual training
ART AND DESIGN,art and design
Philosophy and Psychology,philosophy and psychology
Junior Division,junior division
IOT,iot
Library Education,library education
Kinesiology and Public Health Education,kinesiology and public health education
Psychology (Psyc),psychology (psyc)
Commercial Education,commercial education
DAKOTA PLAYMAKERS,dakota playmakers
Business Education and Vocational Education,business education and vocational education
Physiology & Pharmacology,physiology & pharmacology
Speech Pathology & Audiology,speech pathology & audiology
Roman Studies,roman studies
Senior Division Courses,senior courses
Vocational Marketing Education,vocational marketing education
Hc,hc
IF,if
School of Clinical Lab,school clinical lab
Music Theory and Composition,music theory and composition
Anthropology and Archaeology,anthropology and archaeology
Russian Courses,russian courses
SHIAA,shiaa
International Management,international management
niversity,niversity
University Ca,university ca
International Commerce and Policy (ITRN),international commerce and policy (itrn)
Modern and Classical Languages (Russian),modern and classical languages (russian)
EFH,efh
Molecular Biosciences and Informatics,molecular biosciences and informatics
Art & Visual Technology (AVT),art & visual technology (avt)
Instructional Technology Courses,instructional technology courses
Public Ad,public ad
Art Histo,art histo
"Exercise, Fitness, and Health Promotion","exercise, fitness, and health promotion"
Art & Visual Technology,art & visual technology
Forensics (FRSC),forensics (frsc)
Justice Program Planning and Implementation,justice program planning and implementation
International Commerce and Policy,international commerce and policy
NU,nu
Japanese (JAPA),japanese (japa)
PRL,prl
Information Sciences and Technology,information sciences and technology
School for Conflict Analysis and Resolution,school for conflict analysis and resolution
CART,cart
"Atmospheric, Oceanic and Earth Sciences","atmospheric, oceanic and earth sciences"
EDGC,edgc
University Catalog 1981-1982,university catalog 1981-1982
RUSS (RUSS) · School of Management (SOM),russ (russ) · school management (som)
Internation,internation
Engineering (SWE),engineering (swe)
DPA,dpa
Not Specified,not specified
Fine and Performing Arts and Communication,fine and performing arts and communication
University Courses (UNIV),university courses (univ)
REUD,reud
Software Engineering (SWE),software engineering (swe)
UD,ud
Government and International Politics (GOV),government and international politics (gov)
Elementary/Secondary Education (EDCI),elementary/secondary education (edci)
Earth Observing Systems (EOS),earth observing systems (eos)
George Mason,george mason
Arts Institute (ARIN),arts institute (arin)
Schar School of Policy & Govt.,schar school policy & govt.
Rehabilitation Science,rehabilitation science
science,science
Global and Community Health (GCH),global and community health (gch)
Computational Social Science (CSS),computational social science (css)
Business Legal Studies (BULE),business legal studies (bule)
Geography and Earth Systems Science,geography and earth systems science
Nursi,nursi
SEED,seed
Architecture/Environmental Design,architecture/environmental design
on University,on university
Education Leadership (EDLE),education leadership (edle)
Executive MBA (EMBA) · Exer,executive mba (emba) · exer
Sociology (S),sociology (s)
Mathematical Sci,mathematical sci
Computational Sciences & Informatics,computational sciences & informatics
Modern and Classical Languages (FREN),modern and classical languages (fren)
Geoarchaeology,geoarchaeology
System Science,system science
Engineering (Chemical Engineering),engineering (chemical engineering)
Engineering Applications,engineering applications
Plan for Alternative General Education (PAGE),plan for alternative general education (page)
Finance (FHP),finance (fhp)
SOCW · Sociology (SOCI),socw · sociology (soci)
AG EC,ag ec
FHP,fhp
University Cat,university cat
NCLC · Nursing (NU),nclc · nursing (nu)
Molecular Biosciences and Informatics (MBI),molecular biosciences and informatics (mbi)
DAED,daed
AAD,aad
EdAC,edac
Admin. and Ed. Services,admin. and ed. services
RD,rd
SP & A,sp & a
PLANT AND SOIL SCIE,plant and soil scie
BOISE JUNIOR COLLEGE,boise junior college
Phil/Rel,phil/rel
EARTH AND ATMOSPHERIC SCINCES,earth and atmospheric scinces
MANTHROPOLOGY,manthropology
Information 307,information 307
ANPS,anps
CALS,cals
PSYS,psys
P. Sci,p. sci
CE&H,ce&h
"CROP, AND ATMOSPHERIC SCIENCES","crop, and atmospheric sciences"
EET,eet
EnET,enet
EDCI; EDPE,edci; edpe
Food Service Technology,food service technology
Child Care,child care
BD,bd
Ru. So,ru. so
Ag. Ec,ag. ec
AAEc,aaec
Plt. Path,plt. path
An. H,an. h
Ae. E.,ae. e.
Ag. Ec.,ag. ec.
BIOLOGICAL SCIENCE,biological science
Da. Sc.,da. sc.
An. H.,an. h.
CBS,cbs
DaS,das
FOOD RESEARCH INSTITUTE,food research institute
IARD,iard
MCE,mce
Music (MUS),music (mus)
MX,mx
Arts and Sciences (PSci),arts and sciences (psci)
IDERN LANGUAGES AND LINGUISTICS,idern languages and linguistics
ECPE,ecpe
N.H.R.,n.h.r.
E SCHOOL OF MANAGEMENT,e school management
EDCN,edcn
OA,oa
Graduate Catalc,graduate catalc
GB,gb
RESPCARE,respcare
Forestry & Wildlife Resources,forestry & wildlife resources
LI,li
AB,ab
Forestry; Forest Products,forestry; forest products
Undergraduate Courses (Ger),undergraduate courses (ger)
ENGINEERING (EM),engineering (em)
ETE,ete
Pattern Shop,pattern shop
IMS&E,ims&e
ILRIR,ilrir
CIOS,cios
Agricultural Economics and Rural Sociology,agricultural economics and rural sociology
CULART,culart
Administrative and Education,administrative and education
Engr. Science and Mechanics,engr. science and mechanics
NURS-B,nurs-b
Communication in Culture and Society,communication in culture and society
Ru. So.,ru. so.
Child Development and Family Science,child development and family science
Zoot,zoot
Contemporary Civilization,contemporary civilization
H. Ec.,h. ec.
Ap. M,ap. m
RMGT,rmgt
GERM - Germanic Studies,germ - germanic studies
Medieval/Renaissance,medieval/renaissance
PHYSICAL MEDICINE,physical medicine
Business and Resource Management,business and resource management
A. AND F.,a. and f.
GERLA,gerla
IRM,irm
H.Ec.,h.ec.
CookERY,cookery
History and Social Sciences,history and social sciences
Industrial and Systems Engr.,industrial and systems engr.
RN,rn
FRDML,frdml
Ch.E,ch.e
Edu-T&L,edu-t&l
CHINA,china
MA-C,ma-c
Biophysics and Nuclear Medicine,biophysics and nuclear medicine
AAEC,aaec
"Technology, Science, and Society","technology, science, and society"
Curr.,curr.
Ad.S.,ad.s.
WW,ww
VETERINARY MEDICAL SCIENCES,veterinary medical sciences
Phys. Ed.,phys. ed.
Wood Science and Forest Products,wood science and forest products
Mechanic Arts,mechanic arts
Frinting and Publishing,frinting and publishing
"EdCl; Health, Physical Education, and I","edcl; health, physical education, and i"
PXW,pxw
HNFE,hnfe
Interior,interior
Textile,textile
427,427
Pol.Sci.,pol.sci.
Microbiology or Molecular Genetics,microbiology or molecular genetics
ADULT AND CONTINUING EDUCATION,adult and continuing education
RADIO,radio
WOODWORKING,woodworking
FM&HDEV,fm&hdev
College of Human Ecology,college human ecology
GO,go
Urban Affairs and Planning,urban affairs and planning
Environment,environment
Automotive,automotive
Applied Methods of Educational Research,applied methods educational research
Ae.E.,ae.e.
Economics; Educational Leadership & Policy Studies,economics; educational leadership & policy studies
HPER-Women's Division,hper-women's division
"Drawing, MECHANICAL","drawing, mechanical"
MM,mm
VIEN,vien
Film/TV Studies,film/tv studies
IPC,ipc
Z,z
FTS,fts
OF,of
BUE,bue
AGRICULTURE (Hort),agriculture (hort)
AGRICULTURE (PIPP),agriculture (pipp)
BSCTEC,bsctec
Met. E.,met. e.
OFFOCC,offocc
ED-LTCY,ed-ltcy
Ap. M.,ap. m.
WOOD,wood
ENGINEERING SCIENCE & MECHANICS,engineering science & mechanics
F. Tech,f. tech
AIR CONDITIONING,air conditioning
NURS-P,nurs-p
b biorogy,b biorogy
"Industrial, Technologica","industrial, technologica"
Global Food and Agribusiness,global food and agribusiness
I (Building Construction),i (building construction)
Nurse Anesthesis/Nursing,nurse anesthesis/nursing
TEACH-ED,teach-ed
Voc. and Tech. Ed.,voc. and tech. ed.
Engineering and Applied Mathematics,engineering and applied mathematics
"logical, and Vocational","logical, and vocational"
TECSUP,tecsup
DRAFTEC,draftec
BUILDING INDUSTRY,building industry
Oriental Languages (Chinese),oriental languages (chinese)
CORBLK,corblk
Music and Dance,music and dance
Agronomic and Plant Sciences,agronomic and plant sciences
BVEd,bved
Veterinary Clinical Nutrition,veterinary clinical nutrition
APSC,apsc
AVIATION,aviation
ANIMAL SCIENCES,animal sciences
Physical Activity and Ed Servic,physical activity and ed servic
Health & Physical Education,health & physical education
GP,gp
Berber (Near Eastern Languages),berber (near eastern languages)
CIVIL & ENVIRONMENTAL ENGINEERING,civil & environmental engineering
AUTOTEC,autotec
GENBUS,genbus
HOME EC,home ec
HLTHINFO,hlthinfo
MPBP,mpbp
ARTS AND SCIENCES (History),arts and sciences (history)
ARTEDUC,arteduc
226,226
URPI,urpi
History and Philosophy,history and philosophy
N.S.,n.s.
LEGAST,legast
History of Sport and Physical Education,history sport and physical education
T. and T.,t. and t.
ENBC,enbc
Architecture and Urban Planning,architecture and urban planning
HUSI,husi
AGRICULTURE AND LIFE SCIENCES,agriculture and life sciences
l- Hydraulics and Hydrology,l- hydraulics and hydrology
Management Science and Information Technology,management science and information technology
Mechanicals,mechanicals
PHED - Physical Education,phed - physical education
DNTASST,dntasst
Executive M.B.A.,executive m.b.a.
MN,mn
"Housing, Int. Des. and Res. Mgt.","housing, int. des. and res. mgt."
ENGINEREE,engineree
PolS,political science
"Marketing, Mid-Management","marketing, mid-management"
D.E.,d.e.
MECHANICAL ENGINEERING; MINING AND,mechanical engineering; mining and
CONFLICT AND PEACE STUDIES,conflict and peace studies
Relations,relations
TECE,tece
HORTEC,hortec
Education: Educational Administration,education: educational administration
I. E.,i. e.
IPolEcon,ipolecon
URBAN DEVELOPMENT,urban development
X. Race and Ethnicity,x. race and ethnicity
BITIA COMMUNICATION,bitia communication
Ind & Lab,ind & lab
Art and Crafts,art and crafts
Near Eastern and African Languages,near eastern and african languages
African Studies; Agricultural Sciences,african studies; agricultural sciences
New School,new school
Economics/Education,economics/education
Crop and Soil Environmental Sci.,crop and soil environmental sci.
Cer.E,cer.e
Physica,physica
Theory and Practise of Teaching,theory and practise teaching
Physical Education-Women's Division,physical education-women's division
Sec.E,sec.e
la,la
"Nguages, Literatures, and Linguistics","nguages, literatures, and linguistics"
Spanish/Speech and Hearing Science,spanish/speech and hearing science
"Housing, Int. Des. and Res.","housing, int. des. and res."
Arts and Design,arts and design
Criminal Justice Administration,criminal justice administration
AERONAUTICAL AND ASTRONAUTICAL ENGINEERING,aeronautical and astronautical engineering
Fish and Game,fish and game
NSF,nsf
CET,cet
PMR,pmr
Data Center,data center
WOOD SCIENCE AND FOREST PRODUCTS,wood science and forest products
FRENCH LANGUAGE PROGRAM,french language program
Ops Mgmt,ops mgmt
V.I. Ed.,v.i. ed.
BUSINESS (BAd),business (bad)
F.MECH.,f.mech.
NAD,nad
SYC,syc
F.W.C,f.w.c
STRINGS,strings
I.T.,i.t.
M IN AFRICAN AND AFRO-AMERICAN STUDIES,m in african and afro-american studies
REFHTEC,refhtec
BUSINESS (Secretarial),business (secretarial)
I-915,i-915
"ial,Interior & Visual Communic Design","ial,interior & visual communic design"
"EDU.CATION, HEALTH, PHYSICAL EDUCATION & RECREATION","edu.cation, health, physical education & recreation"
EN GINEERING,en gineering
Applied Designer,applied designer
COLLEGE OF ARTS AND SCIENCES,college arts and sciences
AF AM ,af am
ARCHITECTURE AND URBAN STUDIES,architecture and urban studies
Phys. Ther.,phys. ther.
DVIS MATERIALS SCIENCE,dvis materials science
Educational Policy and Leader,educational policy and leader
ENEB,eneb
ART IN THE HOME,art in the home
EXMS,exms
Appl Phys,appl phys
African Amer Studies,african amer studies
Signal Corps,signal corps
Chicana and Chicano Studies,chicana and chicano studies
Agricultural Mechanics and Engineering Tech.,agricultural mechanics and engineering tech.
Medical Technology (MEDT),medical technology (medt)
Environmental and Urban Studies,environmental and urban studies
Ind Dsgn,ind dsgn
I-Press,i-press
BuAd,buad
URBAN AFFAIRS AND PLANNING,urban affairs and planning
F.W.C.,f.w.c.
BOISE TUNIOR COLLEGE,boise tunior college
MÜSIC THEORY,müsic theory
AET,aet
ENGINEERING (Minerals Engineering),engineering (minerals engineering)
FASHION,fashion
Educational Leadership and Foundations,educational leadership and foundations
PENGINEERING,pengineering
CURRICULUM & INSTRUCTION; DANCE,curriculum & instruction; dance
ARTS AND SCIENCES (Ed: IAEd),arts and sciences (ed: iaed)
OOPERATIONS RESEARCH,ooperations research
"Clothing, Textiles, and Related Arts","clothing, textiles, and related arts"
NFES,nfes
GCOLL,gcoll
22,22
Political Theory of Not,political theory not
Graph,graph
ENGR-N,engr-n
Momen,momen
Industrial Engineering Chemistry,industrial engineering chemistry
Ecology and Organismal Biology,ecology and organismal biology
AGRICULTURAL BIOCHEMISTRY,agricultural biochemistry
Societal and Urban Studies,societal and urban studies
I Engineering and Operations Research,i engineering and operations research
Materials Sci. and Engineering,materials sci. and engineering
Media Education,media education
Business (Secretarial),business (secretarial)
Kinesiology: Health and Exercise Science,kinesiology: health and exercise science
THE ENGINEER UNIT,the engineer unit
ED-SPED,ed-sped
URE AND CULTURAL STUDIES,ure and cultural studies
Pl. P. P.,pl. p. p.
CRPI,crpi
PSYCHIATRY; PSYCHOLOGY,psychiatry; psychology
INTERNATIONAL DEVELOPMENT,international development
Agri. Busine,agri. busine
Counseling & Guidance,counseling & guidance
Communication and Society,communication and society
DIES (Environmental and Urban Systems),dies (environmental and urban systems)
OVERSEAS STUDIES,overseas studies
AERONAUTICS,aeronautics
B.E.,b.e.
Graduate C,graduate c
sociology,sociology
Politic Science,politic science
IE/EM,ie/em
Coaching,coaching
BROADCASTING AND FILM,broadcasting and film
Engineering (ME),engineering (me)
URBAN PLAN,urban plan
Department of Education and Psychology,education and psychology
RCLASSICS,rclassics
"Land Use, Environmental Quality, and Regional Analysis","land use, environmental quality, and regional analysis"
Agriculture Technology,agriculture technology
ENSc; FST,ensc; fst
Human Developmental,human developmental
History (HIS),history (his)
"GEOGRAPHY, GOVERNMENT AND POLITICS","geography, government and politics"
School of Design,school design
Perso,perso
Div. of Life Sciences,div. life sciences
RADT,radt
HNUH,hnuh
DPT,dpt
F.W.,f.w.
Latin and Greek,latin and greek
EDSS,edss
Agricultural and Resource Economics (AREC),agricultural and resource economics (arec)
"Arts and Sciences (Comm, CS)","arts and sciences (comm, cs)"
Psychology (PSY),psychology (psy)
Pharmacv,pharmacv
PSS,pss
ICMUSIC,icmusic
HISTORY OF PHILOSOPHY,history philosophy
Psychological Studies in Education (PSE),psychological studies in education (pse)
Mathematical Methods in Education (MME),mathematical methods in education (mme)
Shop Administration,shop administration
I-304,i-304
Modern Hebrew Literature,modern hebrew literature
Division of Soils,soils
Aerospace Studies - Air Force ROTC,aerospace studies - air force rotc
FAIRN,fairn
Nat,nat
Office Tech,office tech
Development and Family Science,development and family science
Aero-Astro.,aero-astro.
Fuel Tech.,fuel tech.
Forging and Heat Treatment,forging and heat treatment
MECHANICAL ENGINEERING; MINING AND MINERALS ENGINEERING,mechanical engineering; mining and minerals engineering
Theatre-A,theatre-a
PSYCHOLOGICAL STUDIES IN EDUCATION (PSE),psychological studies in education (pse)
FORT,fort
Bio. N.,bio. n.
Indigenous Studies,indigenous studies
"Mining, Metallurgy and Petroleum","mining, metallurgy and petroleum"
Metallurgy and Metallography,metallurgy and metallography
VOCATIONAL,vocational
ED-P&L,ed-p&l
Avi,avi
Middle Year,middle year
Vocal Music,vocal music
Metal Trades,metal trades
Vocational Education and Technology (VOTC),vocational education and technology (votc)
Veterinary Medical Sciences,veterinary medical sciences
POLITICAL SCIENCE AND GOVERNMENT,political science and government
EdSP,education
Mil.,mil.
AsE,ase
EEX - Education: Exceptional Child,eex - education: exceptional child
Ag.E.,ag.e.
Center For Teaching and Learning,center for teaching and learning
ISH,ish
E-100,e-100
Aero S,aero s
Urban Plan,urban plan
I.A. Ed.,i.a. ed.
Graduate Cata,graduate cata
EMGT,emgt
Env. Sci. and I,env. sci. and i
Engr.; Family and Child Development,engr.; family and child development
IENTOM,ientom
DEPARTMENT OF SCIENCE,science
MARGARET MORRISON CARNEGIE SCHOOL,margaret morrison carnegie school
COUNSELOR EDUCATION AND STUDENT PERSONNEL,counselor education and student personnel
JUD,jud
A11,a11
Language Learning & Culture,language learning & culture
V. I. Ed.,v. i. ed.
Child Care and Development,child care and development
D. Comparative Literature,d. comparative literature
RESPTEC,resptec
INDUSTRIAL AND LABOR,industrial and labor
SLAVIC LANGUAGES AND CHERAT URES,slavic languages and cherat ures
MolBiol,molbiol
HAV,hav
ARTS AND SCIENCES (FL),arts and sciences (fl)
RADIATION THERAPY (RADT),radiation therapy (radt)
MACHTEC,machtec
Oral Reading,oral reading
Speaking,speaking
ED-ECS,ed-ecs
Zo,zo
IPL,ipl
SRCI,srci
ANIMAL AND DAIRY HUSBANDRY,animal and dairy husbandry
Public Administration & Policy,public administration & policy
SUBJECTS,subjects
SEC. ED.,sec. ed.
APPAREL,apparel
AEROSPACE & OCEAN ENGINEERING,aerospace & ocean engineering
H. United States History,h. united states history
MMG,mmg
C. Marketing,c. marketing
EDUCATION (Administrative and Educational Services),education (administrative and educational services)
ROGELOGY,rogelogy
MATHEMATICS AND PHYSICAL SCIENCES,mathematics and physical sciences
Business Admin.,business admin.
Speech (SPCH),speech (spch)
HEEd,heed
I-720,i-720
FD,fd
INFORMATION TECHNOLOGY,information technology
Agriculture and Life,agriculture and life
Applied Technology,applied technology
CHLDCR,chldcr
ENG (English),eng (english)
MFGTEC,mfgtec
Animal Biology,animal biology
PE-ACT,pe-act
APN,apn
MUS-APL,mus-apl
Public Health-Organization,public health-organization
ComS,coms
BIT,bit
Global Policy Issues,global policy issues
Mgmt Engr,mgmt engr
D2,d2
HORT; PPWS,hort; ppws
Organizational and Political Decision Making,organizational and political decision making
Technology and Society,technology and society
Information and Decision Technology,information and decision technology
Comm Sciences & Disorders,comm sciences & disorders
CX,cx
Agr Ed,agr ed
E-Metallurgical,e-metallurgical
E-Mining,e-mining
ENGR-A,engr-a
Indus. Engr. and Op. Res.,indus. engr. and op. res.
HOSPITALITY & TOURISM,hospitality & tourism
Animals,animals
P. F. E.,p. f. e.
Ele E,ele e
OSEH,oseh
ARTS AND SCIENCES (Hist),arts and sciences (hist)
Business Ad,business ad
Greek (Classics),greek (classics)
EIT,eit
Geo-environment and Human Health,geo-environment and human health
"Industrial, Technologio","industrial, technologio"
FLORICULTUR,floricultur
ED-F,ed-f
AGBI,agbi
Near Eastern and Biblical Archaeology,near eastern and biblical archaeology
P.Ad.,p.ad.
Arts and Sciences (Foreign Languages and Literatures),arts and sciences (foreign languages and literatures)
Islamics,islamics
J WST,j wst
Animal and Veterinary Sciences,animal and veterinary sciences
ટે રે,ટે રે
DEPARTMENT OF DRAMA,drama
Engineering (Electrical Engineering),engineering (electrical engineering)
NB,nb
ENVHLTH,envhlth
Robert H. Smith School of Business,robert h. smith school business
Social Issues and Change,social issues and change
"ADMINISTRATION (INDUSTRIAL, PRINTING)","administration (industrial, printing)"
RomLing,romling
Ap.M.,ap.m.
BR,br
WELD,weld
Office,office
CSFRST,csfrst
Medical Laboratory Science (MLS),medical laboratory science (mls)
CNETSUPP,cnetsupp
METALLURGY AND MATERIALS SCIENCE,metallurgy and materials science
GEOPH-Geophysics,geoph-geophysics
ARTS AND SCIENCES (Psychology),arts and sciences (psychology)
Short Courses-College of Industries,short courses-college industries
Mus: TA,mus: ta
Spanish and Portuguese Studies,spanish and portuguese studies
Plumbing and Heating,plumbing and heating
Manufacturing Industries,manufacturing industries
GIB,gib
Business and Administration,business and administration
M USC,m usc
PARL,parl
TREC,trec
DIESEL,diesel
ARTX,artx
SCHOOLIOF ENGINEERING,schooliengineering
DP,dp
Cambodian,cambodian
D H,d h
I.A.Ed.,i.a.ed.
Business & Economics,business & economics
Wildlife and Fisheries Biology,wildlife and fisheries biology
Agricultural Technology and Industrial Education,agricultural technology and industrial education
ARTS AND SCIENCES (PAC),arts and sciences (pac)
P.E.S.,p.e.s.
NATIVE AMERICAN STUDIES,native american studies
Department of Design,design
"HEALTH, EDUCATION, AND LEISURE","health, education, and leisure"
CTS,cts
Comp Std,comp std
ARTS & SCIENCE,arts & science
Fuel Tech,fuel tech
APSc,apsc
HIL,hil
PLP,plp
Culture and Literature,culture and literature
Bisis,bisis
EE/XE,ee/xe
MATHED,mathed
MUNICIPAL ENGINEERING,municipal engineering
General Literature (GLIT),general literature (glit)
School of the Arts: Art,school the arts: art
DEPARTMENT OF PHYSICAL EDUCATION AND STUDENT HEALTH,physical education and student health
DEPARTMENT OF DRAWING,drawing
Architec,architec
Business (Economics),business (economics)
APC,apc
GRADUATE SCHOOL OF MANA,graduate school mana
Agriculture (FW),agriculture (fw)
C & G,c & g
MUS; TA,mus; ta
ARCHITECTURE AND URBAN PLANNING,architecture and urban planning
ATURBAN,aturban
A. and F.,a. and f.
Iranian (Near Eastern Languages),iranian (near eastern languages)
"Industrial, Technological and Occupational Education","industrial, technological and occupational education"
Arts and Sciences (Art),arts and sciences (art)
Rehabilitation and Human Services,rehabilitation and human services
XE,xe
YSICS,ysics
Shops,shops
AGRICULTURE (FW),agriculture (fw)
PLANETARY AND SPACE SCIENCE,planetary and space science
EdAd,edad
ChemEng,chemeng
ARTS AND SCIENCES (Philosophy and I,arts and sciences (philosophy and i
RESP,resp
BUSMGT,busmgt
NURS-A,nurs-a
"Finance, Insurance, and Business Law","finance, insurance, and business law"
Natural and Human Resources (Geography),natural and human resources (geography)
Wom Studs,wom studs
Leadership and Management,leadership and management
ECD,ecd
Engineering (ISE),engineering (ise)
Citizenship,citizenship
Advanced Studies in Theatre,advanced studies in theatre
ARTS AND SCIENCES (Art),arts and sciences (art)
H. Ec,h. ec
Trial Engr. and Operations Research,trial engr. and operations research
CCJ S,ccj s
Paralegal Studies,paralegal studies
Psychology/Public Administration,psychology/public administration
B. Ad,b. ad
Executive,executive
ECOLO,ecolo
Engineering (MCE),engineering (mce)
Sociology and Criminology,sociology and criminology
HONORS - ARTS AND SCIENCES; INTEGRATED HUM,honors - arts and sciences; integrated hum
"Chemistry, Communication Studies","chemistry, communication studies"
CNET,cnet
MUS-ENS,mus-ens
Com S,com s
AN. Sc.,an. sc.
Meteo,meteo
Public Health and Population Science,public health and population science
"Engineering, Agricultural","engineering, agricultural"
R.S.,r.s.
SCHOOL OF ENGINEERING AND APPLIED SCIENCE,school engineering and applied science
AUTOBD,autobd
G.C.,g.c.
FOREIGN LA,foreign la
EDLI,edli
FOREST,forest
FISHERIES,fisheries
EDFS,edfs
LITERATURE AND ARTS,literature and arts
COURSES,courses
EDLT,edlt
FINE ART,fine art
ARTS AND SCIENCES (Ed: General),arts and sciences (ed: general)
EdRE,edre
BOTE,bote
GERS,gers
"PHYSICAL EDUCATION, HEALTH, RECREATION","physical education, health, recreation"
Da.Sc.,da.sc.
Bor,bor
EGL,egl
Drafting and Design Technician,drafting and design technician
Measurements and Statistics,measurements and statistics
Education (Curriculum and Instruction),education (curriculum and instruction)
Bacteriology and Food Technology,bacteriology and food technology
Related Instruction,related instruction
DRAFTING TECHNOLOGY,drafting technology
ENGX,engx
Arts and Sciences (Mus),arts and sciences (mus)
ECONOMICS AND HISTORY,economics and history
Arts and Sciences (TA),arts and sciences (ta)
Spanish Literature and Civilization,spanish literature and civilization
Ind Des,ind des
Poultry Husbandry (P. H.),poultry husbandry (p. h.)
Agriculture or Horticulture,agriculture or horticulture
Ed-T&L,ed-t&l
Arts and Sciences (Comm),arts and sciences (comm)
EDCI; EDPE; EDHL,edci; edpe; edhl
ETA,eta
Ag. Ed,ag. ed
HPEd,hped
ExEd,exed
Medieval Latin,medieval latin
Plant Breeding and Biometry,plant breeding and biometry
BSCL,bscl
Engineering (Industrial Engineering),engineering (industrial engineering)
SPANISH AND PORTUGUESE LANGUAGES AND LITERATURES,spanish and portuguese languages and literatures
SWSS,swss
ENGINEERING (BE),engineering (be)
Vo. Ed.,vo. ed.
O. AND M.,o. and m.
ENG.,eng.
HUMAN RESOURCES AND EDUCATION,human resources and education
Administration: Marketing & Logistics,administration: marketing & logistics
IP,ip
Biomedical Technologies (BMT),biomedical technologies (bmt)
Natural Resources (NR),natural resources (nr)
Aerospce Eng,aerospce eng
FORESTRY AND RELATED RENEWABLE NATURAL RESOURCES,forestry and related renewable natural resources
Freshman Mathematics,freshman mathematics
Mechanism,mechanism
Spanish Language and Literature,spanish language and literature
Engineering (Mechanical Engineering),engineering (mechanical engineering)
Languages: German,languages: german
Crop and Soil Sciences,crop and soil sciences
Earth and Astronomical Sciences,earth and astronomical sciences
BIOMEDICAL TECHNOLOGIES,biomedical technologies
Industrial and Syster,industrial and syster
"Health, Physical Education, Recreation","health, physical education, recreation"
IPT-INSTRUCTIONAL & PERFORMANCE TECHNOLOGY,ipt-instructional & performance technology
PEAC,peac
Recreation and Tourism Studies,recreation and tourism studies
Industrial Eng. and Operations Re,industrial eng. and operations re
Film/TV,film/tv
I. A. Ed,i. a. ed
Carnegie Mellon University Computer Science Department,carnegie mellon university computer science department
FOREST PRODUCTS,forest products
"Carnegie Institute of Technology, Department of Education","carnegie institute technology, education"
Arabic (Near Eastern Languages),arabic (near eastern languages)
Ethnomusicology and Systematic Musicology,ethnomusicology and systematic musicology
DIVISION OF FORESTRY,forestry
AUS,aus
INDUST,indust
Educational Testing and Evaluation,educational testing and evaluation
RESPTHER,respther
Oxy-Acetylene and Electric Arc Welding,oxy-acetylene and electric arc welding
Public Administration and Policy (UAP),public administration and policy (uap)
History (HST),history (hst)
"Women, Gender and Sexuality Studies","women, gender and sexuality studies"
AQUATICS,aquatics
"OTHER DEPARTMENTS, INSTITUTES, ANI","other departments, institutes, ani"
PBS,pbs
ATHLETICS; PHYSICAL EDUCATION AND RECREATION,athletics; physical education and recreation
Bus-Adm,bus-adm
T.A,t.a
Division of Applied Psychology,applied psychology
Drawing and Design,drawing and design
CLASSICAL LANGUAGES AND ARCHAEOLOGY,classical languages and archaeology
EITINAMU PHILOSOPHY,eitinamu philosophy
Print Shop,print shop
RATION AND MANAGEMENT SCIENCE,ration and management science
Air,air
AERON,aeron
EdTP,edtp
Ger.,ger.
Conflicts,conflicts
Microbiology and Biochemistry,microbiology and biochemistry
SED MINERAL ENGINEERING,sed mineral engineering
Health Service Management,health service management
n: Educational Policy and Leadership,n: educational policy and leadership
N. H. R.,n. h. r.
Seminars in Dentistry,seminars in dentistry
ARCHITECTUR,architectur
ANT BIOLOGY (PBIO),ant biology (pbio)
N597,n597
Elocution,elocution
Department of Metallurgy and Materials Science,metallurgy and materials science
VSP,vsp
SHON,shon
Mathematic,mathematic
Vet. Sc,vet. sc
H.Ec,h.ec
Chemical Engineering Sciences,chemical engineering sciences
"Health, Phy. Ed. and Rec.","health, phy. ed. and rec."
Arts and Sciences (Hist),arts and sciences (hist)
ES (Foreign Languages and Literatures),es (foreign languages and literatures)
LUSO-BRASILIAN,luso-brasilian
AUTO BODY,auto body
Home Furnishings and Interior Design,home furnishings and interior design
Housing and House Planning,housing and house planning
GRADUATE SEMINARS,graduate seminars
ShowBio,showbio
Institute,institute
Geological,geological
Carnegie School,carnegie school
Commercial Secretarial School,commercial secretarial school
Rehabilitation Teaching,rehabilitation teaching
Colleqe of Medicine,colleqe medicine
DHFX,dhfx
T. AND T.,t. and t.
Cryogenic Engineering,cryogenic engineering
DEPARTMENT OF EDUCATIONAL PSYCHOLOGY,educational psychology
MHRM,mhrm
Epuca,epuca
U G M,u g m
Mechanical Engineering (ENME),mechanical engineering (enme)
Aerospace/Ocean Engineering,aerospace/ocean engineering
Russian and other Slavic Studies,russian and other slavic studies
Cer.E.,cer.e.
Pet.E.,pet.e.
RADIOLOGIC TECHNOLOGY,radiologic technology
VETPA,vetpa
ETC,etc
ENGINEERING (Civil Engineering),engineering (civil engineering)
Business/Education,business/education
"EcAS, Engl","ecas, engl"
EcAS,ecas
ENVIRONMENTAL,environmental
SOC; STAT,soc; stat
Hospitality & Tourism Management,hospitality & tourism management
ACCAD,accad
Natural Resources/Naval Science,natural resources/naval science
Machine,machine
chanical and Aerospace Engineering,chanical and aerospace engineering
Area I-Arts and Humanities,area i-arts and humanities
Area II -- Social Sciences,area ii -- social sciences
THEATRE AND DRAMA,theatre and drama
AND SCIENCES / POLITICAL SCIENCE,and sciences / political science
MCE M Ed,mce m ed
CHIMESE,chimese
"Literature, Science, and Technology","literature, science, and technology"
"Play, Games, and Sport","play, games, and sport"
Health Science Studies,health science studies
EMLS,emls
GREENHOUSE CONSTRUCTION,greenhouse construction
SMALL FRUITS,small fruits
"AGRICULTURAL ENGINEERING, FARM MANAGEMENT","agricultural engineering, farm management"
CRITIMAMUHLINGUISTICS,critimamuhlinguistics
PENINSULAR LITERATURE,peninsular literature
"ATHLETICS, PHYSICAL EDUCATION. AND RECREATION","athletics, physical education. and recreation"
RUSSIAN LANGUAGE AND LITERATURE,russian language and literature
SCANDINAVIAN LANGUAGES AND LITERATURE,scandinavian languages and literature
CIENCES (Agronomic and Plant Sciences),ciences (agronomic and plant sciences)
ETM,etm
SUBIECTS OF INSTRUCTION,subiects instruction
AHR,ahr
S Hum,s hum
Aerona,aerona
Pharm.D. Courses (PHRM),pharm.d. courses (phrm)
STATISTICS AND PROBABILITY,statistics and probability
RECREATION EDUCATION,recreation education
The United States,the united states
DIA,dia
Sewing,sewing
SOCIAL SCIENCES,social sciences
Indus,indus
Veterinary Anatomy/Veterinary Clinical Sciences,veterinary anatomy/veterinary clinical sciences
"atmospheric, hydrologic, and biospheric en-vironments","atmospheric, hydrologic, and biospheric en-vironments"
Accounting and Management Information S,accounting and management information s
ICAL AND ASTRONAUTICAL ENGINEERING,ical and astronautical engineering
ALHR,alhr
I. Ed.,i. ed.
FARM,farm
Science Chemistry,science chemistry
CORE THEORY CURRICULUM,core theory curriculum
"Finance, Ins., and Bus. Law","finance, ins., and bus. law"
HCOL,hcol
Texl&Clo,texl&clo
Javos,javos
Engr. Sci. and Mechanics,engr. sci. and mechanics
CHIL,chil
INDUSTRIAL ENGINEERING AND ENGINEERING MANAGEMENT,industrial engineering and engineering management
ENSC; FST,ensc; fst
Political Sci,political sci
S (Performing Arts and Communications),s (performing arts and communications)
No Department Provided,no provided
MINE,mine
School of Communications,school communications
ENGINE ELECTRICAL ENGINEERING,engine electrical engineering
CerE,cere
Geophys,geophys
Pet.E,pet.e
ARCHITECTURE AND URBAN STU,architecture and urban stu
CE (Civil Engineering),ce (civil engineering)
URPl,urpl
GRADUATE COURSE DESCRIPTIONS,graduate course descriptions
Industrial Arts or Sheet Metal,industrial arts or sheet metal
Dept. of Printing,dept. printing
AGRICULTURE AND LIFE SCIENCES (F),agriculture and life sciences (f)
Humanistic Communication,humanistic communication
Painting & Design,painting & design
Linguistic,linguistic
VETERINARY PREVENTIVE MEDICINE,veterinary preventive medicine
Seithamoh Ho History,seithamoh ho history
Sociol.,sociol.
Painting and Sculpture,painting and sculpture
Interdisciplinary Program in Biotechnology,interdisciplinary program in biotechnology
Edu-P&L and Edu-PAES,edu-p&l and edu-paes
SHORT COURSES-COLLEGE OF INDUSTRIES,short courses-college industries
Public Administration/Public Affairs; Science in Society,public administration/public affairs; science in society
LANGUAGES AND LINGUISTICS,languages and linguistics
EDUCATIONAL SPECIAL SERVICES,educational special services
24-24,24-24
"Language, Literacy","language, literacy"
Infusing Global Perspectives in Education,infusing global perspectives in education
"Athletics, Physical Education, and Recreation","athletics, physical education, and recreation"
ADT,adt
Hon,hon
ELECTRICAL EQUIPMENT AND CONSTRUCTION,electrical equipment and construction
Roman Language and Literature,roman language and literature
Physical and Health Education,physical and health education
Culture and Politics,culture and politics
Psy.D.,psy.d.
ELECTRICAL AND COMPUTER ENGINEERING; GEN. ENGINEERING,electrical and computer engineering; gen. engineering
Biochemistry and Cell Biology,biochemistry and cell biology
EDUCATIONAL DEVELOPMENT,educational development
Electric Power Systems,electric power systems
Human Ec,human ec
Physical Activity and Educatio,physical activity and educatio
DIAIR,diair
Graduate Dental,graduate dental
HUS,hus
EDUCATION FOR EXCEPTIONAL CHILDREN,education for exceptional children
All,all
Business and Kindergarten Education,business and kindergarten education
Guidance and Personnel Work,guidance and personnel work
Modern Trends in Education,modern trends in education
Environment and Development,environment and development
Education: Physical Activity and E,education: physical activity and e
Computer Science/Electrical Engineering,computer science/electrical engineering
NUTRITION & HUMAN DEVELOPMENT,nutrition & human development
Business for General College Only,business for general college only
Electrical Engineering (EE),electrical engineering (ee)
RICULTURE AND LIFE SCIENCES (FW),riculture and life sciences (fw)
Physical Activity and Ed S,physical activity and ed s
Accounting and Management Information,accounting and management information
"Recreation, Parks, & Tourism","recreation, parks, & tourism"
Graduate Education,graduate education
ARCHITEC,architec
MECHANICAL AND AEROSPACE,mechanical and aerospace
JUST,just
C & R Plan,c & r plan
"AVS, VSc","avs, vsc"
"Ecology, Evolution and Organismal Biology","ecology, evolution and organismal biology"
Bio.,bio.
PLANT AND SOIL SCIENCE,plant and soil science
Accoun,accoun
PHYS.,phys.
Department of Industrial Science,industrial science
URBAN AND REGIONAL PLANNING,urban and regional planning
Auto Body,auto body
Sheet Metal Construction and Pattern Drafting,sheet metal construction and pattern drafting
Nurse,nurse
Forestry; Fisheries and Wildlife,forestry; fisheries and wildlife
Division of Vocational Education,vocational education
Division of General Studies,general studies
CPDM,cpdm
STILLAM PSYCHOLOGY,stillam psychology
Food Sci. and Tech.,food sci. and tech.
VETERINARY PATHOLOGY,veterinary pathology
TSLAVIC LANGUAGES,tslavic languages
Theatrical Production,theatrical production
RTS AND SCIENCES (Foreign Languages),rts and sciences (foreign languages)
Metals and Ceramics Engineering,metals and ceramics engineering
Min. and Metallurgy,min. and metallurgy
Plt. Phys.,plt. phys.
STISIULDING,stisiulding
BHSC,bhsc
CDAE,cdae
"Recreation, Parks, and Tourism","recreation, parks, and tourism"
V.Arts,v.arts
Junior,junior
EDHE,edhe
P.Ad,p.ad
BUSINES,busines
Epuc,epuc
home ec,home ec
INDUSTRIAL SCIENCE,industrial science
Human Environmental Factors,human environmental factors
POLITICS AND GOVERNMENT,politics and government
GIMM,gimm
Japanese and Interdisciplinary Electives,japanese and interdisciplinary electives
Mental Health Services,mental health services
Ho LITERATURE COURSES IB IIs I,ho literature courses ib iis i
Guidance and Personnel Services,guidance and personnel services
Ceramics and Building Materials,ceramics and building materials
SCHOOL OF BUSINESS,school business
SEAST ASIAN STUDIES,seast asian studies
COM. LIT.,com. lit.
Ancient Near East (Near Eastern Languages),ancient near east (near eastern languages)
WDE,wde
"Community, Regional Planning","community, regional planning"
FISHERIES & WILDLIFE SCIENCES,fisheries & wildlife sciences
Woodwind,woodwind
Vet Physiology and Pharmacology,vet physiology and pharmacology
PHILOSOPHY AND RELIGION,philosophy and religion
CROPETROLEUM ENGINEERING,cropetroleum engineering
Portgese,portgese
CRIMINAL JUSTICE,criminal justice
EVC,evc
Department of Classics,classics
VAND SCIENCES,vand sciences
PLIED SCIENCE,plied science
Arch. Eng.,arch. eng.
INFORMATION SERVICES,information services
Public Health Leadership Program,public health leadership program
"Medicine, Politics, and Justice","medicine, politics, and justice"
Industrial and System,industrial and system
AT (Agriculture Technology),at (agriculture technology)
EXCHANDS CHANETH AND PSYCHOLOGY,exchands chaneth and psychology
MAJ,maj
ND SCIENCES (Philosophy and Religion),nd sciences (philosophy and religion)
PE (Physical Education),pe (physical education)
Philosophy and Art,philosophy and art
AgronomY,agronomy
P.E.R.H.,p.e.r.h.
M-30 Histology and others,m-30 histology and others
"ARCHITECTURE, ART, ANI","architecture, art, ani"
Graduate Interdisciplinary Program,graduate interdisciplinary program
"HEATING, VENTILATING AND SANITATION","heating, ventilating and sanitation"
SICS,sics
Vo. Ed,vo. ed
Public and Environmental Systems,public and environmental systems
Recreation Management,recreation management
ENGS,engs
Graphics and Mechanism,graphics and mechanism
Chemistry or Biology,chemistry or biology
Eduction,eduction
New School of Behavioral Studies,new school behavioral studies
Department of Drama,drama
S. T.,s. t.
J APN,j apn
INSTRUCTI,instructi
MACHINERY PRODUCTION,machinery production
Agrn.,agrn.
TEACHING AND LEARNING,teaching and learning
OUTED,outed
Latin (Classics),latin (classics)
Commerce and Business Administration,commerce and business administration
College of Psychology,college psychology
ENGINEERING SCIENCE AND MECHANICS,engineering science and mechanics
POI,poi
Landscape Gardening and Floriculture,landscape gardening and floriculture
International Cor,international cor
LibLearn,liblearn
Forestry (or Forestry or Forest),forestry (or forestry or forest)
O T,o t
Near Eastern Languages and Culture,near eastern languages and culture
Health Services Management,health services management
CSH,csh
Course,course
"HEALTH, RECREATION","health, recreation"
WILDLAND RECREATION,wildland recreation
Division of Instruction,instruction
Textile Products Design & Marketing,textile products design & marketing
OS,os
Human Dev & Family Sci,human dev & family sci
SVEMOW,svemow
COUN-Counseling,coun-counseling
WILDLIFE AND FISHERIES BIOLOGY,wildlife and fisheries biology
Classical Languages and Archaeology,classical languages and archaeology
"Other Departments, Institutes, ANI","other departments, institutes, ani"
FES,fes
Biol. Sci,biol. sci
General Professional Education,general professional education
Canadian Studies,canadian studies
Ed Leadership,ed leadership
Urban and Planning Community Development,urban and planning community development
Woodshop,woodshop
D. Spanish,d. spanish
"College of Humanities and Social Sciences, Modern Languages","college humanities and social sciences, modern languages"
ERING,ering
BioN/AL; BSE,bion/al; bse
ENGINEERING (IE),engineering (ie)
IEERING,ieering
ECON; FIN,econ; fin
Recreational and Small Engine Repair Technology,recreational and small engine repair technology
Ag. Technology,ag. technology
DSTR,dstr
ARTS AND SCIENCES (Engl),arts and sciences (engl)
ARTS AND SCIENCES (Sociology),arts and sciences (sociology)
PRODUCTION AND OPERATIONS MANAGEMENT AND QUANTITATIVE METHODS,production and operations management and quantitative methods
IAEd,iaed
College-Wide,college-wide
Boise State College,boise state college
Slavic Lang. and Lit./Social and Behavioral,slavic lang. and lit./social and behavioral
GUISTICS (LING),guistics (ling)
INSOCIOLOGY,insociology
International Development Studies,international development studies
F&B,f&b
PHYSICAL EDUCATION - EDPE,physical education - edpe
FAMILY AND CHILD DEVELOPMENT,family and child development
HASIAN LANGUAGES,hasian languages
Agriculture and Life Sciences (Hort),agriculture and life sciences (hort)
Film and Broadcasting A.M.,film and broadcasting a.m.
EdCl,edcl
PLANTARY AND SPACE SCIENCE,plantary and space science
Ciity and Regional Planning,ciity and regional planning
Education (HPER),education (hper)
AAL,aal
DAIRY HUSBANDARY,dairy husbandary
SOCIAL WELFARE; SOCIOLOGY,social welfare; sociology
HSCHOOL OF HUMANITIES AND SCIENCES,hschool humanities and sciences
Broadcast Technology,broadcast technology
"Textiles, Merchandising, and Consumer Studies","textiles, merchandising, and consumer studies"
Industrial Design and Crafts,industrial design and crafts
Rural Socioloqv,rural socioloqv
ORAM,oram
Commercial Art,commercial art
Graphic Design-Senior Project,graphic design-senior project
IMGSCI,imgsci
HumanEc,humanec
ARTS AND SCIENCES - 19,arts and sciences - 19
German (Germanic Languages),german (germanic languages)
"Industrial, Interior and Visual Communication","industrial, interior and visual communication"
URAL AND BIOLOGICAL ENGINEERING,ural and biological engineering
Police Science,police science
Design Communications,design communications
LIFE SCIENCES (Agricultural Economics),life sciences (agricultural economics)
"ATHLETICS, PHYSICAL EDUCATION AND RECREATION","athletics, physical education and recreation"
EDUPAES,edupaes
Occupational Therapy/Ophthalmology/Opto,occupational therapy/ophthalmology/opto
EARTHSCI,earthsci
Vet. Anatomy,vet. anatomy
(SOC),(soc)
MH2,mh2
HRIM,hrim
Geol. & Envir. Sci.,geol. & envir. sci.
PHYSICAL EDUCATION AND STODENT HEALTH,physical education and stodent health
Guidance and Student Personnel,guidance and student personnel
Pharmaceutical Programs,pharmaceutical programs
Musi,music
Margaret Morrison Carnegie School,margaret morrison carnegie school
Printing Technology,printing technology
DEPARTMENT OF APPLIED ART,applied art
Animal and Dairy Husbandry,animal and dairy husbandry
ABIOS CIFOOD RESEARCH INSTITUTE,abios cifood research institute
GEN CMN,gen cmn
CIT (no specific department mentioned),cit (no specific mentioned)
A - Applied Design,a - applied design
"MUSIC, ENSEMBLE","music, ensemble"
GEMENT,gement
32,32
Busines,busines
Store Service Education,store service education
Anaerobic Microbiology,anaerobic microbiology
Computer and Electronics Engineering,computer and electronics engineering
Urban Project and Policy Planning,urban project and policy planning
MATH.,math.
VMRCVM,vmrcvm
English Literature and its Intellectual Contexts,english literature and its intellectual contexts
EDUCATIONAL LEADERSHIP AND CULTURAL FOUNDAT,educational leadership and cultural foundat
Media and Cultural Studies,media and cultural studies
Chicano,chicano
VOCATIONAL EDUCATION AND TECHNOLOGY,vocational education and technology
L. & F.,l. & f.
Pom,pom
ndary Education,ndary education
Nav Sci,nav sci
Political Economy and Public Policy,political economy and public policy
Comparative and International Education,comparative and international education
CODRSEE,codrsee
Flight,flight
ENT OF COMPUTER SCIENCE,ent computer science
ARTS AND SCIENCES (Geography),arts and sciences (geography)
"Hotel, Rest. and Inst. Mgt.","hotel, rest. and inst. mgt."
VAD SCIENCE,vad science
Evolut,evolut
Consumer Sciences Education,consumer sciences education
Human Services Studies,human services studies
HSTIGNON,hstignon
570,570
George M.,george m.
SCHENDE GMA BETHWAND SOCIOLOGY,schende gma bethwand sociology
ARCIVIL ENGINEERING,arcivil engineering
Electronics Technology,electronics technology
As. E.,as. e.
INFORMATION RESOURCES,information resources
HYDROLOGY,hydrology
S.P.&A.,s.p.&a.
EC ECONOMICS,ec economics
SCHOOL OF ENGINEERING STAINHTAN,school engineering stainhtan
SCENGLISH,scenglish
History & Theory,history & theory
Animal,animal
Special Pro,special pro
COURSES PRIMARILY FOR GRADUATE STUDENTS,courses primarily for graduate students
"Chemical, Metallurgical, Mining and Chemistry","chemical, metallurgical, mining and chemistry"
LIBRARY AND INFORMATION SCIENCE,library and information science
COMMUNITY HEALTH SCIENCES,community health sciences
LETTERS AND SCIENCE,letters and science
Pol.Sci,pol.sci
Logic and Computation,logic and computation
Home EC,home ec
ALANA U.S.ETHNIC STUDIES,alana u.s.ethnic studies
S.P. & A.,s.p. & a.
ARTS AND SCIENCES (Phys),arts and sciences (phys)
DEPARTMENT OF HISTORY AND POLITICAL SCIENCE,history and political science
Wildlife and Fisheries,wildlife and fisheries
Women's Studies (WST),women's studies (wst)
IIW,iiw
Teacher Corps,teacher corps
Pre-Technical,pre-technical
AEROSPACE STUDIES,aerospace studies
EDU.,edu.
Classical Literature and Civilization,classical literature and civilization
Group Studies in Recreation,group studies in recreation
Africanamerican Studies,africanamerican studies
HONORS - ARTS AND SCIENCES,honors - arts and sciences
URBAN-REGIONAL DEVELOPMENT,urban-regional development
Mechanical Metallurgy,mechanical metallurgy
LINGUISTICS AND PHILOLOGY,linguistics and philology
FRENCH LANGUAGE AND LITERATURE,french language and literature
INDUSTRIAL ARTS EDUCATION,industrial arts education
RO HISTORY,ro history
STILE,stile
AUTO,auto
Historic Preservation,historic preservation
GRI,gri
Ed. Admin. and Ed. Services,ed. admin. and ed. services
Labanotation,labanotation
Rels,rels
Aer. E.,aer. e.
KIN-AL,kin-al
Administration of Academic Affairs in Higher Education,administration academic affairs in higher education
English/ASL,english/asl
Phytobacteriology,phytobacteriology
3dP,3dp
Health Org. Leadership,health org. leadership
EnSc; FST,ensc; fst
Vocational - Technical,vocational - technical
Health Education and/or Physical Education and/or Recreation,health education and/or physical education and/or recreation
Nuclear Medicine Technology (NMT),nuclear medicine technology (nmt)
T272,t272
Recreational Boating,recreational boating
AGRN,agrn
VPI Institute (not specified),vpi institute (not specified)
"Physiology, Pharmacology","physiology, pharmacology"
Dairy and Food Science,dairy and food science
Agri-business,agri-business
Hospital and Health Services Administra,hospital and health services administra
Graduate Courses (FIW),graduate courses (fiw)
Astronomy and Geophysics,astronomy and geophysics
R. Ec.,r. ec.
Vocational-Tech,vocational-tech
COSPORI,cospori
"VETERINARY MEDICINE, COLLEGE OF","veterinary medicine, college of"
Electronic Maintenance,electronic maintenance
Department of Physical Education and Student Health,physical education and student health
ADMINISTRATION AND POLICY ANALYSIS (APA),administration and policy analysis (apa)
ENGINEERING (AsE),engineering (ase)
Mod,mod
Exp,exp
NCED,nced
"RECREATION, TOURISM, AND HOSPITALITY MANAGEME","recreation, tourism, and hospitality manageme"
Public and Population Health,public and population health
AERI,aeri
ENE,ene
Slavic languages,slavic languages
CSZ,csz
ARCHITE,archite
Automotive Science,automotive science
R.E.M.,r.e.m.
Sec.E.,sec.e.
T.A.,t.a.
AERONAUTICAL AND ASTRONAUTICAL ENGIN,aeronautical and astronautical engin
"DRAMA THEATRE, RADIO and T.V.","drama theatre, radio and t.v."
Agricultural and Occupational,agricultural and occupational
Psychological,psychological
BIZ,biz
Procatin America,procatin america
Nat. Sci.,nat. sci.
Astronomy/Atmospheric Sciences,astronomy/atmospheric sciences
P-988,p-988
P-912,p-912
P-983,p-983
Weld. E.,weld. e.
Romance Languages and Literati,romance languages and literati
Film and Television Studies,film and television studies
COMMUNICATIONS,communications
ELECTRONICS,electronics
Astronautics/Aeronautics,astronautics/aeronautics
Afro-American Life,afro-american life
VIEd,vied
Office Machine Repair,office machine repair
Anatomy and Neurobiology,anatomy and neurobiology
"Agriculture, College of","agriculture, college of"
Lab Science,lab science
MSE-Materials Science and Engineering,mse-materials science and engineering
Crop and Soil Environmental Sci.;,crop and soil environmental sci.;
"ATHLETICS, PHYSICAL EDUCATION, 659 AND RECREATION","athletics, physical education, 659 and recreation"
Psychological and Child Study,psychological and child study
DEPARTMENT OF MILITARY SCIENCE AND TACTICS,military science and tactics
Industrial Engr. and Operations Res,industrial engr. and operations res
Drafting & Design Technology,drafting & design technology
Mechanical Engineering (M.E.),mechanical engineering (m.e.)
Foreign Languages/Geography,foreign languages/geography
PH ED,ph ed
Special Technical Subjects,special technical subjects
Rce Mgt.,rce mgt.
Auto Mechanics,auto mechanics
Min,min
FEDAMAM,fedamam
Economics and Administration,economics and administration
"Letters, Arts, and","letters, arts, and"
"Drama, Theatre, Radio and T.V.","drama, theatre, radio and t.v."
"ENGR, AEROSPACE","engr, aerospace"
Fam. and Child Devel.,fam. and child devel.
Aeronautical and Astronautical/Agricultural Engineering,aeronautical and astronautical/agricultural engineering
"Public Health-Organization, Environmental Health","public health-organization, environmental health"
Int.,int.
RING (Aerospace and Ocean Engineering),ring (aerospace and ocean engineering)
SWS,sws
Physical Activity and Educational Servi,physical activity and educational servi
D&D,d&d
CH. E.,ch. e.
CERAMIC ENGG,ceramic engg
"Art History (Art, Design, and Art History)","art history (art, design, and art history)"
Related,related
Visual Process and Educational Implications of Visual Disabilities,visual process and educational implications visual disabilities
PRITIA COMMUNICATION,pritia communication
AGRICULTURAL ECONOMICS AND RURAL SOCIOLOGY,agricultural economics and rural sociology
Agricultural Technical Institute,agricultural technical institute
Computers and Programming,computers and programming
CMS,cms
History & Society,history & society
Chinese and Interdisciplinary Electives,chinese and interdisciplinary electives
Housing. Int. Des.,housing. int. des.
Pl.P.P.,pl.p.p.
Po. Sc.,po. sc.
METAL,metal
RAL ARTS AND SCIENCES/RELIGION,ral arts and sciences/religion
VAMUH,vamuh
MATHEMATICS AND SCIENCE,mathematics and science
DRAFTING AND DESIGN TECHNOLOGY,drafting and design technology
School of the Arts,school the arts
Inequalities and Social Justice,inequalities and social justice
Electric Power Transmission,electric power transmission
Alternating Current Machinery,alternating current machinery
LOGY & BIOPHYS; MILITARY STUDIES,logy & biophys; military studies
Centre de Tours,centre de tours
Aircraft Performance,aircraft performance
Media Messages,media messages
Carpentry and Cabinetmaking,carpentry and cabinetmaking
EITIMAMUIPSYCHOLOGY,eitimamuipsychology
IRN,irn
As.E.,as.e.
BOVEIDE OHA SEITH/ASIAN LANGUAGES,boveide oha seith/asian languages
Engineering (Minerals Engineering),engineering (minerals engineering)
RESCARE,rescare
VTE,vte
Business Administration and Human Resources,business administration and human resources
"VALUES, TECHNOLOGY","values, technology"
Applied Linguistics for Teachers,applied linguistics for teachers
GVPT-Government and Politics,gvpt-government and politics
Psychology and Graduate School of Industrial Administration,psychology and graduate school industrial administration
Applied Anthropology,applied anthropology
Interior and Visual Communication Design,interior and visual communication design
IMAC,imac
Conflict and Peace Studies,conflict and peace studies
ENGINEE,enginee
MEDICAL LABORATORY SCIENCE; MICROBIOLOGY,medical laboratory science; microbiology
MICROBIOLOGY AND MOLECULAR GENETICS (MMG),microbiology and molecular genetics (mmg)
Med Micro,med micro
E & MC,e & mc
Urban Analysis,urban analysis
INDUSTRIAL & SYSTEMS ENGINEERING,industrial & systems engineering
Spanish Language,spanish language
M-400,m-400
Myco,myco
I-Construction,i-construction
Aeronautical and Astronautical,aeronautical and astronautical
Biomathematics,biomathematics
L.M.,l.m.
ENGINEERING (CB),engineering (cb)
ENGINEERING (CE),engineering (ce)
"ARHU-School of Languages, Literatures, and Cultures department","arhu-school languages, literatures, and cultures department"
OCCUPATIONAL AND EXTENSION EDUCATION,occupational and extension education
Stipolitical Science,stipolitical science
Naval Ship Systems Engineering,naval ship systems engineering
EDSC,edsc
EDAR,edar
Lab Press,lab press
Microscopic and Developmental,microscopic and developmental
Railroad Engineering,railroad engineering
Arts and Sciences (Chemistry),arts and sciences (chemistry)
ING (Engineering Science and Mechanics),ing (engineering science and mechanics)
Speech and Hearing Therapy,speech and hearing therapy
Physician Assistant Program,physician assistant program
Educational Research Methodology,educational research methodology
ONAUTICAL AND ASTRONAUTICAL ENGINEERING,onautical and astronautical engineering
Business Administration:Management and Human Resources,business administration:management and human resources
EDUCATION: HUMANITIES,education: humanities
Studies in Education,studies in education
DEPARTMENT OF SHOPS,shops
Theater/Fine Arts,theater/fine arts
Food Studies,food studies
D3,d3
S and Operations Management,s and operations management
GENERAL LITERATURE,general literature
SLAVIC LANGUAGES: AND LITERATURES,slavic languages: and literatures
Graduate Programs in Educational Research and Methodology,graduate programs in educational research and methodology
Public Service and Civic Engagement,public service and civic engagement
"XI. Religion, Science and Ideas","xi. religion, science and ideas"
FST; HORT,fst; hort
Mid-Management,mid-management
Undergraduate Student Academic,undergraduate student academic
Dramatic Work,dramatic work
"EDUCATION, SCHOOL ADMINISTRATION—EDUCATION, SECONDARY","education, school administration—education, secondary"
Vet. Sc.,vet. sc.
AL RELATIONS,al relations
SHOR AND SCIENCES,shor and sciences
Vocational Education and Technology,vocational education and technology
Microbiology and Molecular Genetics,microbiology and molecular genetics
PSYC-Psychology,psyc-psychology
I N,i n
YC,yc
BUSINESS (Accounting),business (accounting)
Music Studies,music studies
TS AND SCIENCES (Foreign Languages),ts and sciences (foreign languages)
El.Ed.,el.ed.
"HOME ECONOMICS (Management, Housing and Family Development)","home economics (management, housing and family development)"
MLRS,mlrs
HN&F,hn&f
Dental Assistant,dental assistant
Medical Technologv,medical technologv
The Laboratory Press,the laboratory press
French Language and Literature,french language and literature
Advanced Chemical,advanced chemical
R. O. T. C.,r. o. t. c.
International Relations and Comparative Politics,international relations and comparative politics
AFRICAN AND,african and
Metal,metal
Generic,generic
SPANISH AND PORTUGUES,spanish and portugues
PIT POLITICAL SCIENCE,pit political science
MARCARET MORRISON CARNECIE COLLEGE,marcaret morrison carnecie college
MATERIALS SCIENCE AST AND ENGINEERING,materials science ast and engineering
Business Studies,business studies
VPSA,vpsa
INN,inn
TCED,tced
ARTS AND SCIENCES (English),arts and sciences (english)
Zoology/Agricultural Business Technology,zoology/agricultural business technology
"Mechanical, Electrical and Mining Engineering","mechanical, electrical and mining engineering"
Arts and Sciences (Geology),arts and sciences (geology)
R.O.T.C.,r.o.t.c.
INFORMATION SYSTEMS AND OPERATIONS MANAGEME,information systems and operations manageme
Applied Academics,applied academics
Biome,biome
REES,rees
A- Structural Engineering,a- structural engineering
DVIRSCOMPUTER SCIENCE,dvirscomputer science
ARTS AND SCIENCES (Performing Arts and Communications),arts and sciences (performing arts and communications)
COUNSELING & GUIDANCE,counseling & guidance
Electrical Engineering (Engr),electrical engineering (engr)
"Housing, Interior","housing, interior"
Recreational Sports,recreational sports
Veterinary Clinical and,veterinary clinical and
Surgerv,surgerv
Culinary Arts,culinary arts
Helping Profession,helping profession
CLOVERSEAS STUDIES,cloverseas studies
ENGINERING (EM),enginering (em)
BSGP,bsgp
Engineering and Engineering Management,engineering and engineering management
Industrial Vocational Education,industrial vocational education
Matal,matal
SCHOOL OF DENTISTRY,school dentistry
Ph.Ch.,ph.ch.
ARCHITECTURAL ENGINERING,architectural enginering
SITIMAMUN ROPHYSICS,sitimamun rophysics
LOCAUST STUDIES (HS),locaust studies (hs)
Metal. E,metal. e
Ise/Mech Eng/MatSc&En,ise/mech eng/matsc&en
STIMAHUMAN BIOLOGY,stimahuman biology
Family Science G,family science g
ARCHITECTURE AND URBANISM,architecture and urbanism
Boise College,boise college
EEES,eees
Individual Decision Making,individual decision making
Business A,business a
CIENCES/Forestry and Wildlife Resources,ciences/forestry and wildlife resources
AGRICULTURE AND LIFE SCIENCES/F,agriculture and life sciences/f
Sov,sov
Manual Training and Mechanical Drawing,manual training and mechanical drawing
Administration/Supervision (EDAS),administration/supervision (edas)
METALLURGY AND METALLOGRAPHY,metallurgy and metallography
Management Science and Engineering,management science and engineering
"FINANCE, INSURANCE, AND BUSINESS LAW","finance, insurance, and business law"
CIVICS,civics
Physical Education and Exercise Science,physical education and exercise science
SOFT,soft
SCHOOL OF MANAGEMENT,school management
Psychology and Law,psychology and law
BUSINESS (Econ),business (econ)
MSE-Materials Science And Engineering,mse-materials science and engineering
Department of Italian Studies,italian studies
VIRGINIA POLYTECHNIC INSTITUTE,virginia polytechnic institute
Dental Medicine,dental medicine
ED P&L,ed p&l
"Speech, Hearing, and Language","speech, hearing, and language"
MUSIC APPLIED,music applied
Ed S,ed s
Mine Eng,mine eng
"Soc, Hst & Phil","soc, hst & phil"
Pharmacol.,pharmacol.
IJ,ij
Social Research,social research
DABIDE QUA,dabide qua
Voice and Opera Program,voice and opera program
"Music, Instrumental Track","music, instrumental track"
Dairy and Poultry Science,dairy and poultry science
Music/National Security Policy Studies,music/national security policy studies
Technical Studies,technical studies
Machine Tool Technology,machine tool technology
Aeronautical and Astronautical Enqineer,aeronautical and astronautical enqineer
MUSIC THEORY AND 19,music theory and 19
Graduate Literature,graduate literature
RING,ring
Theatre Arts (TA),theatre arts (ta)
Geography and Geographic Information Science (Geog),geography and geographic information science (geog)
Adult Learning and College Teaching,adult learning and college teaching
ENGLISH LANGUAGE & LITERATURE,english language & literature
Geodetic,geodetic
ASTRONO,astrono
Geod. Sc.,geod. sc.
Engineering (CE),engineering (ce)
Nuclear Science and Engineering/Philos,nuclear science and engineering/philos
Aero-Astro E,aero-astro e
Center for Space Science and Astrophysics,center for space science and astrophysics
T COMPUTER SCIENCE,t computer science
Pub Ed,pub ed
Vet.Sc,vet.sc
HCM-Health Care Management,hcm-health care management
Sic Sciences,sic sciences
Drafting and Design Technology,drafting and design technology
CHEL,chel
IEE,iee
"PE, KIN","pe, kin"
Materials and Metallurgical Engineering,materials and metallurgical engineering
PSYCHOLOGA,psychologa
Arts and Sciences (Stat),arts and sciences (stat)
Biomedical E,biomedical e
ARTS AND SCIENCES (Soc),arts and sciences (soc)
ARTS AND SCIENCES (ROTC),arts and sciences (rotc)
ARTS AND SCIEN,arts and scien
Naval Studies,naval studies
F. P.,f. p.
AGRICULTURE (PouS),agriculture (pous)
EdAdmin,edadmin
INDUSTRIAL AND ORGANIZATIONAL PSYCHOLOGY,industrial and organizational psychology
Zooology,zooology
Design Media Arts,design media arts
CLOTHING AND TEXTILES,clothing and textiles
Broadcasting and Cinema,broadcasting and cinema
College of Music / MUSC,college music / musc
College of Law,college law
CES (Foreign Languages and Literatures),ces (foreign languages and literatures)
"ED-CIFS - Education-Curriculum, Instruction, and Foundational Studies","ed-cifs - education-curriculum, instruction, and foundational studies"
HISTORY J,history j
M usic,m usic
Office Management and Techniques,office management and techniques
Medical Record Librarian,medical record librarian
African Lit,african lit
WFB,wfb
EITIA COMMUNICATION,eitia communication
Institutional Management,institutional management
Zoology and Animal Pathology,zoology and animal pathology
Kinesiology and Nutrition,kinesiology and nutrition
SSA,ssa
Child Development and Learning,child development and learning
ENET,enet
EDTE,edte
Curriculum and Instruction; Dairy Sci,curriculum and instruction; dairy sci
37,37
SCHOOL OF ARTS .& SCIENCE,school arts .& science
SCHOOL OF ARTS & SCIENCE,school arts & science
Ag. E,ag. e
SCHOOL OF ARCHITECTURE AND URBAN PLANNING,school architecture and urban planning
CM - CHEMISTRY,cm - chemistry
Urban Affairs & Planning,urban affairs & planning
OPERATIVE DENTISTRY,operative dentistry
C-372,c-372
Philosophic Sciences,philosophic sciences
lic Health: Environmental Health Sciences,lic health: environmental health sciences
Education (EdAE),education (edae)
Speech Pathology-Audiology,speech pathology-audiology
A. French,a. french
Department of Science,science
TEACHER EDUCATION,teacher education
Rdg.,rdg.
E Management,e management
ABE,abe
Ph.Ad,ph.ad
Production and Operations Management and Quantitative Methods,production and operations management and quantitative methods
Avia,avia
VEIDS CINTERNATIONAL RELATIONS,veids cinternational relations
URBAN AFFAIRS & PLANNING,urban affairs & planning
"Industrial,Interior & Visual Communic","industrial,interior & visual communic"
Agricult,agricult
Oratory and Elocution,oratory and elocution
Speech Department,speech department
Architecture/Urban Design,architecture/urban design
Non-technical,non-technical
Materials Technology,materials technology
14. SHAKESPEARE,14. shakespeare
Linguistics and Anthropology,linguistics and anthropology
VGST,vgst
Political and Social Analysis,political and social analysis
Livestock Management,livestock management
STOVERSEAS STUDIES,stoverseas studies
Agricultural Engineering; Agriculture,agricultural engineering; agriculture
CSYS,csys
Family Living,family living
3,3
"Theater, Film, and Television","theater, film, and television"
European and Cultural Studies,european and cultural studies
D Hygn,d hygn
Civil & Environmental Engr,civil & environmental engr
And/Sciences,and/sciences
Semi-Professional,semi-professional
"inguages, Literatures, and Linguistics","inguages, literatures, and linguistics"
Art Edu.,art edu.
Aeronautical and Astronautical Engine,aeronautical and astronautical engine
AGRICULTURE AND LIFE SCIENCES (I),agriculture and life sciences (i)
M LANG,m lang
SCHOOL OF HEALTH SCIENCES,school health sciences
ENGINER,enginer
H.E. ED,h.e. ed
Engineering and Operations Research,engineering and operations research
"Hotel, Rest. and Inst. Mgt.; Housin","hotel, rest. and inst. mgt.; housin"
The United States and Latin America,the united states and latin america
AGRICULTURE (DaS),agriculture (das)
ENGINEERING (Mechanical Engineering),engineering (mechanical engineering)
Family and Child Develop,family and child develop
Military Science and Training,military science and training
GHEc,ghec
Electrical and Electronic Engineering,electrical and electronic engineering
HUMS/SWK,hums/swk
PAST,past
PLANT AND SOCIAL SCIENCE,plant and social science
No Department,no department
Community Health Sciences,community health sciences
"Agricultural Economics, Rural Sociology, and Statistics","agricultural economics, rural sociology, and statistics"
"EDUCATION (Health, Physical Education, and Recreation)","education (health, physical education, and recreation)"
FRENCH; FILM & TELEVISION STUDIES,french; film & television studies
ENGINEERING (Aerospace and Ocean En,engineering (aerospace and ocean en
NGL,ngl
VEGETABLE GARDENING,vegetable gardening
Molecular Microbiology,molecular microbiology
Drafting Technology,drafting technology
ACCOUNTING AND INFORMATION SYSTEMS,accounting and information systems
COMMUNICATION SCIENCE AND DISORDERS,communication science and disorders
CTURE/Environmental and Urban Systems,cture/environmental and urban systems
"ace, War, and Defense Major, B.A.","ace, war, and defense major, b.a."
E-1,e-1
Hist/PolS,hist/pols
FLORICULTURE AND ORNAMENTAL HORTICULTURE: HORTICULTURAL SCIENCES,floriculture and ornamental horticulture: horticultural sciences
HEBB,hebb
FWL,fwl
P<sub>sychology</sub>,p<sub>sychology</sub>
IS AND SCIENCES (Geological Sciences),is and sciences (geological sciences)
POLITICAL SCIENCE AND INTERNATIONAL RELATIONS,political science and international relations
NURSING AND HEALTH SCI; NUCLEAR,nursing and health sci; nuclear
RSING & HEALTH SCIENCES (NH),rsing & health sciences (nh)
"Industrial, Interior and Visual Com","industrial, interior and visual com"
B Ed.,b ed.
SEMES,semes
FilmStd,filmstd
Psci,psci
PWX,pwx
"Radiology, School of Medicine","radiology, school medicine"
Spanish (Spanish and Portuguese),spanish (spanish and portuguese)
"Film and Television (Theater, Film, and Television)","film and television (theater, film, and television)"
Russian (Slavic Languages),russian (slavic languages)
Portuguese (Spanish and Portuguese),portuguese (spanish and portuguese)
Folklore and Mythology,folklore and mythology
Slavic (Slavic Languages),slavic (slavic languages)
L Arts,l arts
VM (Veterinary Medicine),vm (veterinary medicine)
ENGINEERING (EE),engineering (ee)
SENIOR COLLOQUIA,senior colloquia
History and Social Studies,history and social studies
Vocational Courses,vocational courses
Phy and Pharm,phy and pharm
THEORY AND PRACTISE OF TEACHING,theory and practise teaching
Animal and Poultry Sciences,animal and poultry sciences
Mechanical Engg.,mechanical engg.
HNFS,hnfs
"HISTROY, EUROPEAN","histroy, european"
Family and Community Development,family and community development
G 3-5,g 3-5
ARTS AND SCIENCES (Geological Sciences),arts and sciences (geological sciences)
Mechanical_Engineering,mechanical_engineering
Architecture and Systems,architecture and systems
MATH; PHIL,math; phil
og,og
K,k
IENCES (Forestry and Wildlife Resources),iences (forestry and wildlife resources)
LAND ARCHITECTURE,land architecture
Vocational Industrial Education,vocational industrial education
"Physics, Engineering & Physical Science","physics, engineering & physical science"
JC,jc
Biochemistry (BIOC),biochemistry (bioc)
EDCO,edco
Oriental Languages (Japanese),oriental languages (japanese)
BOTANY (BOT),botany (bot)
UAC,uac
THROPOLOGY (ANTH),thropology (anth)
"Human Nutrition, Foods, & Exercise","human nutrition, foods, & exercise"
ARTS AND SCIENCES (Stat),arts and sciences (stat)
PPWS; AT,ppws; at
DICINE TECH; NATURAL RESOURCES,dicine tech; natural resources
"SHTUTITS WALUES, TECHNOLOGY","shtutits walues, technology"
H HEALTH SCIENCES,h health sciences
H. A. and C. Merrill,h. a. and c. merrill
Family and Household,family and household
H and P,h and p
NTH,nth
ENI,eni
Practical Art and Craft,practical art and craft
Poultry-Hygiene,poultry-hygiene
Intercollege Programs,intercollege programs
NAMBER ONA HSHAND SCIEE,namber ona hshand sciee
Agro.,agro.
M-Department,m-department
FAMILY HOUSING,family housing
MSTD,mstd
F&W,f&w
SOC.,soc.
IRSES,irses
"BACTERIOLOGY, FOOD TECHNOLOGY","bacteriology, food technology"
Greeks and Romans,greeks and romans
Educational Policy and Leadersh,educational policy and leadersh
General Literature,general literature
Construction Management and Engineering Technologies,construction management and engineering technologies
"UAP, EL","uap, el"
Wildlife Conservation,wildlife conservation
The Engineer Unit,the engineer unit
HUMAN NUTH,human nuth
AGRICULTURAL SCIENCES,agricultural sciences
Operations Research and Management Sciences,operations research and management sciences
Magerman Studies,magerman studies
EDFC,edfc
General Dentistry,general dentistry
Healt,healt
RE AND LIFE SCIENCES,re and life sciences
EPSS,epss
Agricultural and Engineering Tech,agricultural and engineering tech
Senior Colloquia,senior colloquia
Humanities and Social Studies,humanities and social studies
UAL ARTS,ual arts
CCAR,ccar
ELECTRONIC TECHNOLOGY,electronic technology
Communication • Communication Sciences and Disorders,communication • communication sciences and disorders
Arts and Sciences - African American Studies,arts and sciences - african american studies
VETERINARY SCIENCE AND ZOOLOGY,veterinary science and zoology
FOOD SERVICE TECHNOLOGY,food service technology
"Physics, Engineering and Physical Science","physics, engineering and physical science"
PHILOSOPHY (PHIL),philosophy (phil)
PRINTING MANAGEMENT,printing management
HUMAN DEVELOPMENT ED,human development ed
PANESE (JAPN),panese (japn)
French Literature and Civilization,french literature and civilization
ENGINEERING (Aerospace and Ocean E,engineering (aerospace and ocean e
HNF/HRIM,hnf/hrim
Graduate College,graduate college
Psychology; P,psychology; p
Acct; Econ; Fin,acct; econ; fin
Keyboard Literature,keyboard literature
LAr (Landscape Architecture),lar (landscape architecture)
Human Development and Family Sci,human development and family sci
AID,aid
Additional Subjects,additional subjects
Pub,pub
"Biology · Biosciences, Bioinformatics, & Bi","biology · biosciences, bioinformatics, & bi"
Special Methods,special methods
JPC,jpc
HETC,hetc
Social Work (SWSS),social work (swss)
M usic · M usic Performance Studies,m usic · m usic performance studies
BIOLO,biolo
Nontechnical,nontechnical
P (Physics),p (physics)
E (Engineering),e (engineering)
"Cognition, Choice & Behavior","cognition, choice & behavior"
Health: Environmental Health Sciences,health: environmental health sciences
"Economic, Political & Social Institutions","economic, political & social institutions"
Ind. & Organ. Psych,ind. & organ. psych
Cultural Analysis,cultural analysis
MECHANI,mechani
Business Administration (BSAD),business administration (bsad)
"medicine, law, and politics","medicine, law, and politics"
WIND PER,wind per
ENGLISH LITERATURE,english literature
Health Care Organization II,health care organization ii
Drawing (Mechanical) and Descriptive Geometry,drawing (mechanical) and descriptive geometry
FRENCE,frence
"HPER, EdVT","hper, edvt"
EMATICS,ematics
Economic Theory,economic theory
Department of Metal Work,metal work
Fashion Merchandizing,fashion merchandizing
Agriculture and Life Sciences (FOR),agriculture and life sciences (for)
NEAR EASTERN AND AFRICAN LANGUAGES,near eastern and african languages
U.S. Defense Establishment,u.s. defense establishment
Undergraduate Student Academic Services,undergraduate student academic services
Speech-Communication,speech-communication
Urb. Plan.,urb. plan.
Plnt Pth,plnt pth
Makay,makay
MILITARY SCIEN,military scien
OB-GYN,ob-gyn
Aeronautic,aeronautic
S.Fnd.,s.fnd.
MAN AST,man ast
Forest Wildlife,forest wildlife
Engineering (AsE),engineering (ase)
Turkic Languages,turkic languages
Veg. G.,veg. g.
"Dairy, Husbandry","dairy, husbandry"
SIA,sia
I-327,i-327
ASCI,asci
Music Perf,music perf
SCIENCES/Forestry and Wildlife Resources,sciences/forestry and wildlife resources
Management Information Sciences,management information sciences
Astronautics and Ocean Engineering,astronautics and ocean engineering
TINGERMAN STUDIES,tingerman studies
Ind Arts,ind arts
Sociology; SPEECH,sociology; speech
EPO Biology,epo biology
Engineering Science and Mechanics/Eng,engineering science and mechanics/eng
Fi,fi
Wood Construction,wood construction
INDUSTRIAL AND LABOR RELATIONS,industrial and labor relations
HR and Ed,hr and ed
NG (Engineering Science and Mechanics),ng (engineering science and mechanics)
GINEERING AND ENGINEERING MANAGEMENT,gineering and engineering management
Engineering (EE),engineering (ee)
SocWk,socwk
Religion H,religion h
HISTOR,histor
Area and International Studies,area and international studies
Fisheries and Wildlife; Forestry,fisheries and wildlife; forestry
Group Studies in Industrial Design,group studies in industrial design
Counselling and Educational Development,counselling and educational development
Land Architecture,land architecture
Civil and Mechanical Engineering,civil and mechanical engineering
Psychological Services in Education,psychological services in education
Engineering (MinE),engineering (mine)
Criminal Justice Studies,criminal justice studies
th,th
Forestry (F.W.),forestry (f.w.)
Engl/FL,engl/fl
Physics (Physics and Astronomy),physics (physics and astronomy)
STATISTICAL SCIENCE,statistical science
P sychology,p sychology
MetE,mete
CHOWBIOS,chowbios
Comparative Literatures,comparative literatures
Ed Theory & Practice,ed theory & practice
AKNS,akns
CRAFT,craft
lers,lers
"Agricultural, Environmental, and Dev E","agricultural, environmental, and dev e"
Drafting & Design,drafting & design
ERING (Nuclear Science and Engineering),ering (nuclear science and engineering)
Vocational Technical,vocational technical
LIAN,lian
HEALTH EDUCATION - EDHE,health education - edhe
SPECIAL EDUCATION-EDSP,special education-edsp
Audio-Visual Aids,audio-visual aids
Physiological Optics/Physiology,physiological optics/physiology
FRENCH LANGUAGE,french language
INDU,indu
UPPER DIVISION,upper division
140 Outdoor Pursuits Program,140 outdoor pursuits program
"Fin., Ins., and Bus. Law","fin., ins., and bus. law"
E OF LETTERS AND SCIENCE,e letters and science
CISPANISH AND PORTUGUESE,cispanish and portuguese
DEPT. OF MILITARY SCIENCE AND TACTICS,dept. military science and tactics
DEPT. OF PHYSICAL EDUCATION AND STUDENT HEALTH,dept. physical education and student health
HOME E,home e
Und/Grad Group Studies,und/grad group studies
"Industrial, Interior and Visual Commu","industrial, interior and visual commu"
EMBA—Executive Master of Business Administration,emba—executive master business administration
Geophysics and Planetary Physics,geophysics and planetary physics
Psychiatry and Behavioral Sciences,psychiatry and behavioral sciences
Spanish and Italian,spanish and italian
Anthropology and Sociology,anthropology and sociology
PSYCHIATRY AND BIOBEHAVIORAL SCIENCES,psychiatry and biobehavioral sciences
Yr.,yr.
Medical History Division,medical history division
Psychiatry and Biobehavioral Sciences,psychiatry and biobehavioral sciences
Armenian Studies,armenian studies
ENGINEERING AND APPLIED SCIENCE,engineering and applied science
Radiological Sciences,radiological sciences
THEATER ARTS,theater
Indigenous Languages of the Americas,indigenous languages the americas
EARTH AND SPACE SCIENCES,earth and space sciences
Ethnic Arts,ethnic arts
Turkic,turkic
Cell Biology and Virology,cell biology and virology
ANESTHESIOLOGY,anesthesiology
Classical Armenian,classical armenian
MOTION PICTURE/TELEVISION AREAS,motion picture/television areas
Dutch-Flemish and Afrikaans,dutch-flemish and afrikaans
Electrical Sciences and Engineering,electrical sciences and engineering
Bibliographers,bibliographers
R EASTERN LANGUAGES AND CULTURES,r eastern languages and cultures
NEAR EASTERN LANGUAGES AND CULT,near eastern languages and cult
Classical Latin,classical latin
Graduate Linguistic,graduate linguistic
"Chemical, Nuclear and Thermal Engineering","chemical, nuclear and thermal engineering"
World Arts and Cultures,world arts and cultures
Physiological Science,physiological science
Biomedical Physics,biomedical physics
WAC,wac
"Film, Television, and Digital Media","film, television, and digital media"
Theater/Film and Television,theater/film and television
Design | Media Arts,design | media arts
Program in Computing,program in computing
Molecular,molecular
Study of Religion,study religion
Dance Studies,dance studies
IES,ies
Management Studies,management studies
Indo-European Studies,indo-european studies
Motion Picture/Television,motion picture/television
BUSINESS-ECONOMIC EDUCATION,business-economic education
NEAR EASTERN LANGUAGES AND CULTURES,near eastern languages and cultures
TESL,tesl
Hum/Compar Lit,hum/compar lit
LEARNING AND INSTRUCTION,learning and instruction
Literature and Civilization,literature and civilization
Honors Collegium,honors collegium
"Interdepartmental Program, College of Letters and Science","interdepartmental program, college letters and science"
Graduate Linguistic Courses,graduate linguistic courses
Applied Linguistics and Teaching,applied linguistics and teaching
NG AND APPLIED SCIENCE / Schoolwide,ng and applied science / schoolwide
S AND SCIENCE,s and science
F ENGINEERING AND APPLIED SCIENC,f engineering and applied scienc
Materials Science and Engineerin,materials science and engineerin
Niatry and Biobehavioral Sciences,niatry and biobehavioral sciences
RS AND SCIENCE,rs and science
Old Norse Studies,old norse studies
ERING AND APPLIED SCIENCE,ering and applied science
TTERS AND SCIENCE / Classics,tters and science / classics
SCHC,schc
Economics and Science,economics and science
Health Service Organization and Management,health service organization and management
Chemistry/Materials Science,chemistry/materials science
College of Letters A,college letters a
ATION,ation
COLLEGE OF LETTE,college lette
ETTERS AND SCIENCE / French,etters and science / french
COLLEGE OF LETTERS AND SCIEN,college letters and scien
COLLEGE OF LETTERS AND SCI,college letters and sci
COLLEC,collec
Loology,loology
Letter,letter
CIENCE,cience
College of letters and Science,college letters and science
AND SCIENCE,and science
Psychiatry and Biobehavioral Scie,psychiatry and biobehavioral scie
TERS AND SCIENCE,ters and science
DICINE,dicine
SCHOOL OF NURSING,school nursing
TTERS AND SCIENCE,tters and science
Graduate School of Library,graduate school library
COLLEGE OF LETTERS AND SC,college letters and sc
GRADL,gradl
Hiatry and Biobehavioral Sciences,hiatry and biobehavioral sciences
E of Letters and Science,e letters and science
M276D,m276d
GINEERING AND APPLIED SCIENCE / M,gineering and applied science / m
Economics/System Science,economics/system science
COLLEGE OF LETT,college lett
Mechanics and Structures,mechanics and structures
Early Childhood Development,early childhood development
Non-Slavic Languages of Eastern Europe,non-slavic languages eastern europe
FOLKLORE AND MYTHOLOGY,folklore and mythology
HIATRY AND BIOBEHAVIORAL SCIENCES,hiatry and biobehavioral sciences
M.A. Theater Arts,m.a. theater arts
SCHOOL OF SOCIAL WELFARE,school social welfare
"Mechanical, Aerospace, and Nuclear Engineering","mechanical, aerospace, and nuclear engineering"
Group II: Human Geography,group ii: human geography
ED SCIENCE,ed science
ERS,ers
Spanish and Portuguese / COLLE,spanish and portuguese / colle
Letters A,letters a
Y AND INFORMATION SCIENCE,y and information science
Near Eastern Languages and Cul,near eastern languages and cul
GRADUATE SCHOOL OF LIBR,graduate school libr
Urban Land Economics,urban land economics
TTERS,tters
UATE SCHOOL OF EDUCATION,uate school education
Fine Arts / Film and Television,fine arts / film and television
Architecture and Urban,architecture and urban
Applied Environmental Studies,applied environmental studies
Letters and Science / History,letters and science / history
COLLEGE OF LETTER,college letter
AEDICINE / Radiological Sciences,aedicine / radiological sciences
M225,m225
GRADUATE SCHOOL OF LIBRARY,graduate school library
Integrative Biology and Physiology,integrative biology and physiology
Applied Economics (MAE),applied economics (mae)
"Slavic, East European, and Eurasia","slavic, east european, and eurasia"
"Earth, Planetary, and Space Sciences","earth, planetary, and space sciences"
College Honors,college honors
"Molecular, Cell, and Developmental Biology","molecular, cell, and developmental biology"
Labor and Workplace Studies,labor and workplace studies
Computational and Systems Biology,computational and systems biology
Subtropical Horticulture,subtropical horticulture
Global Jazz Studies,global jazz studies
"Microbiology, Immunology, and Molecular Genetics","microbiology, immunology, and molecular genetics"
Near Eastern Languages and Cult,near eastern languages and cult
Eurasian Languages and Cultures,eurasian languages and cultures
Anical and Aerospace Engineering,anical and aerospace engineering
Near,near
Zoölogy,zoölogy
Music Industry,music industry
World Arts and Cultures/Dance,world arts and cultures/dance
MolBio,molbio
"Slavic, East European, and I","slavic, east european, and i"
Francophone,francophone
"Logic, Semantics, and Philosophy of Science","logic, semantics, and philosophy science"
"Slavic, East European & Eurasian Languages and Cultures","slavic, east european & eurasian languages and cultures"
Civic Engagement,civic engagement
Mathematics/Economics,mathematics/economics
Society and Genetics,society and genetics
Eart,eart
Upper Atmosphere and Space Physics,upper atmosphere and space physics
"Theater, Film, Video, and Digital Media","theater, film, video, and digital media"
East Asian Languages and Cultural Studies,east asian languages and cultural studies
"Algebra, Number Theory, and Logic","algebra, number theory, and logic"
"Earth, Planetary, and Space Science","earth, planetary, and space science"
Writing and Production,writing and production
IB and P,ib and p
Social Thought,social thought
Film and Entertainment Industry,film and entertainment industry
USIE,usie
UCLA,ucla
East Asian Linguistics,east asian linguistics
Ea,ea
Hispanic Literatures,hispanic literatures
Armenian Language and Literature,armenian language and literature
Atmospheric Environment,atmospheric environment
World Arts Practices,world arts practices
Microbiology and Molecular Gene,microbiology and molecular gene
Applied Linguistics and Teaching English as a Second Language,applied linguistics and teaching english as a second language
Ethics and Value Theory,ethics and value theory
Paleoanthropology,paleoanthropology
Latin/American Studies,latin/american studies
244 / Earth and Space Sciences,244 / earth and space sciences
Field II: International Relations,field ii: international relations
Mechanical and Aerospace Engir,mechanical and aerospace engir
Yiddish (English),yiddish (english)
"Hi, Biobehavioral Sciences","hi, biobehavioral sciences"
Exec,exec
"Organismic Biology, Ecology, and Evolution","organismic biology, ecology, and evolution"
Pub Hlth,pub hlth
MURP,murp
History/Art History,history/art history
BOTANICAL SCIENCES,botanical sciences
LIBRARY SERVICE,library service
MOTION PICTURE AND TELEVISION-RADIO AREAS,motion picture and television-radio areas
FOLKLORE AND MYTHOLOGY GROUP,folklore and mythology group
Public Administration and Local Government,public administration and local government
ARMENIAN,armenian
Health Facilities,health facilities
Ed.Leadership,ed.leadership
Theoretical/Anthropological Studies,theoretical/anthropological studies
M111,m111
Mecha,mecha
Aerospace and Mechanical Engineering,aerospace and mechanical engineering
Cellular and Molecular Medicine,cellular and molecular medicine
Medical Lab & Radiation Sci,medical lab & radiation sci
Vermont Studies,vermont studies
EDML,edml
GKLT,gklt
Professional Nursing,professional nursing
WLIT,wlit
D2:Culture of Disability,d2:culture disability
Romance Languages and Linguistics,romance languages and linguistics
ALANA,alana
MAED,maed
Women's & Gender Studies,women's & gender studies
ASCi,asci
ALAN,alan
CEMS,cems
ARBC,arbc
PRNU,prnu
"ENGINEERING, DIVISION OF GRAPHICS","engineering, graphics"
Commerce and Economics,commerce and economics
"Banking, Finance, and Insurance","banking, finance, and insurance"
E.G.,e.g.
COMMERCE AND ECONOMICS,commerce and economics
ANIMAL AND DAIRY SCIENCE,animal and dairy science
ANIMAL PATHOLOGY,animal pathology
Related Art,related art
FORESTRY (FOR),forestry (for)
ROMANCE,romance
"ENGINEERING, AGRICULTURAL","engineering, agricultural"
Animal Pathology,animal pathology
Animal and Dairy Science,animal and dairy science
Germanic Languages-Scandinavian Languages,germanic languages-scandinavian languages
Classics-Latin,classics-latin
Naval Science and Tactics,naval science and tactics
AGRC,agrc
ANNB,annb
VOTC,votc
AGRICULTURAL AND RESOURCE ECONOMICS,agricultural and resource economics
PHYSIOLOGY AND BIOPHYSICS,physiology and biophysics
Communication and Theatre,communication and theatre
COMMUNICATION AND THEATRE,communication and theatre
SCHOOL OF NATURAL RESOURCES,school natural resources
EDSS — Education — General,edss — education — general
MICROBIOLOGY AND MOLECULAR GENETICS,microbiology and molecular genetics
Speech and Hearing Sciences (CS&D),speech and hearing sciences (cs&d)
RUSSIAN AND SERBO-CROATIAN,russian and serbo-croatian
Housing and Residential Environment,housing and residential environment
CS&D,cs&d
Animal and Food Sciences,animal and food sciences
College of Education and Social Services,college education and social services
RECREATION MANAGEMENT,recreation management
MCSD,mcsd
ASTU,astu
Physical Education - EdPE,physical education - edpe
Occupational and Extension Education,occupational and extension education
SOSE,sose
EDOH,edoh
PLANT BIOLOGY (PBIO),plant biology (pbio)
SPANISH LITERATURE AND CIVILIZATION,spanish literature and civilization
Agricultural Biochemistry,agricultural biochemistry
"Horticulture, Agronomy, and Soil Science","horticulture, agronomy, and soil science"
Music Education - MUS,music education - mus
GLIT,glit
RSEC,rsec
HUMAN RESOURCE MANAGEMENT,human resource management
Applied Economics (CDAE),applied economics (cdae)
COUNSELING-EDCO,counseling-edco
EchD,echd
Pharmacology (PHRM),pharmacology (phrm)
NRS,nrs
FAMILY&CONSUMER SCIENCES,family&consumer sciences
Community Development and Applied Economics,community development and applied economics
ANIMAL AND FOOD SCIENCES,animal and food sciences
FOUNDATIONS - EDFS,foundations - edfs
Zoology (Zool),zoology (zool)
HD&FS,hd&fs
Org Studies,org studies
Mechanical and Aerospace Engin,mechanical and aerospace engin
Near Eastern Languages and Cu,near eastern languages and cu
Human Complex Systems,human complex systems
Design I Media Arts,design i media arts
Globe,globe
M259,m259
Institute of the Environment,institute the environment
Molecular and Medical Pharmacology,molecular and medical pharmacology
Executive M.B.A. Program,executive m.b.a. program
MPP,mpp
South East Asian,south east asian
Office Occupations,office occupations
MCIP,mcip
Biobehavioral Sciences,biobehavioral sciences
Chemic,chemic
Geophysics and Space Physics,geophysics and space physics
Dentistry (Oral Biology),dentistry (oral biology)
Biofeedback and Psychophysiology,biofeedback and psychophysiology
NDO-EUROPEAN STUDIES (INTERDEPARTMENTAL),ndo-european studies (interdepartmental)
"PLANNING, LAW AND POLITICS","planning, law and politics"
Ed. Psych,ed. psych
Scandinavian Section,scandinavian section
Health Information and Management Systems,health information and management systems
Learning and Instruction,learning and instruction
SAUP,saup
Life Sciences Group,life sciences group
Bacteriology and Molecular Biology Institute,bacteriology and molecular biology institute
Administrative Studies in Education,administrative studies in education
Socio-Physical Research and Design,socio-physical research and design
Hosp Admn,hosp admn
D&O,d&o
Mathematical Sociology,mathematical sociology
Information Access,information access
Cluster,cluster
AOS,aos
CBA,cba
Health Sci,health sci
Environment (Graduate Courses),environment (graduate courses)
World Arts and Cultures Department,world arts and cultures department
Orthopaedic Surgery,orthopaedic surgery
Enviror,enviror
Info. Access,info. access
Behavioral and Organizational Sciences,behavioral and organizational sciences
Spanish and Portuguese / 559,spanish and portuguese / 559
Women's Studies / 585,women's studies / 585
COLLEGE OF LETTERS,college letters
Film/Television,film/television
hiatry and Biobehavioral Sciences,hiatry and biobehavioral sciences
"Art, Design, and Art History / COI","art, design, and art history / coi"
"RTS / Theater, Film, and Television","rts / theater, film, and television"
ERS AND SCIENCE,ers and science
Letters and Sc,letters and sc
LET,let
"Art, Design, and Art History","art, design, and art history"
Lett,lett
ARCHITECTURE AND URBAN PLANN,architecture and urban plann
"Theater, Film, and Television / CO","theater, film, and television / co"
"TS / Theater, Film, and Television","ts / theater, film, and television"
NCE,nce
Psychiatry and Biobehavioral Science,psychiatry and biobehavioral science
Hiatory and Biobehavioral Sciences,hiatory and biobehavioral sciences
Upper Atmospheric and Space Physics,upper atmospheric and space physics
EDICINE,edicine
F ENGINEERING AND APPLIED SCIENCI,f engineering and applied scienci
Lecture - Portuguese,lecture - portuguese
COLLEGE OF LETTERS AND S,college letters and s
LLEGE OF FINE ARTS,llege fine arts
COLLEGE OF LETTI,college letti
ARY AND INFORMATION SCIENCE,ary and information science
"Applied Science / Mechanical, Aer","applied science / mechanical, aer"
School of Architecture and Urban,school architecture and urban
Afro-Am,afro-am
Field IV: Comparative Politics,field iv: comparative politics
Theater Art,theater art
Indic,indic
Human Systems Studies,human systems studies
Computational Medicine,computational medicine
Lore and Mythology,lore and mythology
Aero. and Aerospace Eng.,aero. and aerospace eng.
Planetary and Space Science,planetary and space science
M.F.A. Film and Television,m.f.a. film and television
Speech; Subject A,speech; subject a
IEI,iei
Educa-,educa-
Applied Linguistics and TESL,applied linguistics and tesl
Itures,itures
Astrophysics and Physics,astrophysics and physics
292 / Education,292 / education
Ethnomusicology / Music / Music History,ethnomusicology / music / music history
Archi,archi
Comm Studies,comm studies
Learning and Behavior,learning and behavior
Spanish and Portuguese / 583,spanish and portuguese / 583
Info Studies,info studies
Social Analysis,social analysis
Neuropsychopharmacology,neuropsychopharmacology
Film and Television Production,film and television production
Majors,majors
Collegium,collegium
AeroSpace Engineering,aerospace engineering
E.M.B.A.,e.m.b.a.
Asian Lang and Cultures,asian lang and cultures
"Molecular, C","molecular, c"
Ir,ir
"Earth, Planetary and Space Sciences","earth, planetary and space sciences"
Theater and Design,theater and design
Biochemical Chemistry,biochemical chemistry
Design|Media Arts,design|media arts
E&E Biology,e&e biology
Soc Wrk,soc wrk
Graduate Economics,graduate economics
Physics and Biology in Medicine,physics and biology in medicine
Vietnamese Studies,vietnamese studies
"Decisions, Operations, and Technology Management","decisions, operations, and technology management"
"Film, Television and Digital Media","film, television and digital media"
Health Promotion and Communication,health promotion and communication
Cellular and Neurobiological Sciences,cellular and neurobiological sciences
"Religion, Study of","religion, study of"
Health Information Systems,health information systems
Mechanical and Aerospace Engine,mechanical and aerospace engine
Applied Human Development,applied human development
M238,m238
Ed Studies,ed studies
Arts of Native North America,arts native north america
Psychobiology,psychobiology
Near Eastern Languages and Cultu,near eastern languages and cultu
"Slavic, East European, and Eurasian Languages and Cultures","slavic, east european, and eurasian languages and cultures"
"Lesbian, Gay, Bisexual, Transgender, and Queer Studies","lesbian, gay, bisexual, transgender, and queer studies"
LGBTS,lgbts
House Furnishing,house furnishing
Craft Courses,craft courses
Political Economy of Structural Adjustment,political economy structural adjustment
Operations and Technology Management,operations and technology management
Near E,near e
HMU,hmu
Indic (East Asian Languages),indic (east asian languages)
AeroAstro,aeroastro
Foreign Literature in Translation,foreign literature in translation
Family and Preventive Medicine,family and preventive medicine
History of Portuguese and Spanish,history portuguese and spanish
Anatomy and Laboratory Medicine,anatomy and laboratory medicine
Health Service,health service
COLLEGE OF LE,college le
F LETTERS AND SCIENCE,f letters and science
UATE,uate
Schoolwide Programs,schoolwide programs
African Area Studies,african area studies
"ITS / Theater, Film, and Television","its / theater, film, and television"
"Microbiology, Immunology and Molecular Genetics","microbiology, immunology and molecular genetics"
Department not provided,not provided
Info Sci,info sci
SEMTICS,semtics
"Earth, Planetary, and Space Scien","earth, planetary, and space scien"
"Planetary, and Space Sciences","planetary, and space sciences"
Chicano and Chicano Studies,chicano and chicano studies
Sociał Welfare,sociał welfare
Lib Sci,lib sci
"Mechanical, Aer","mechanical, aer"
"Mechanical, Aero","mechanical, aero"
Paychology,paychology
Ar Eastern Languages and Cultures,ar eastern languages and cultures
Aerospace Engineering / Mechanical Engineering,aerospace engineering / mechanical engineering
INESE (CHIN),inese (chin)
"ENGINERING, AGRICULTURAL","enginering, agricultural"
WORLD PROBLEMS,world problems
FAMILY LIVING-HUMAN DEVELOPMENT,family living-human development
FOOD AND NUTRITION,food and nutrition
Commerce and Bconomics,commerce and bconomics
BLECTRICAL,blectrical
ALANA U.S. ETHNIC STUDIES,alana u.s. ethnic studies
CHEMISTRY (BIOC),chemistry (bioc)
HLETIC TRAINING (AT),hletic training (at)
MEN'S & GENDER STUDIES (WGST),men's & gender studies (wgst)
CLBI,clbi
CMSI,cmsi
COMU,comu
EXSC,exsc
College of Agriculture and Home Economics,college agriculture and home economics
"ENGINERING, CIVIL","enginering, civil"
BMT,bmt
GRNU,grnu
Envtl Eng,envtl eng
Hydro Eng,hydro eng
"MERCHANDISING, CONSUMER STUDIES, AND DESIGN","merchandising, consumer studies, and design"
ECHD,echd
VOCATIONAL TECHNOLOGY,vocational technology
Speech and Hearing Science (CS&D),speech and hearing science (cs&d)
ENCH (FREN),ench (fren)
NORS,nors
Latin Amer,latin amer
GRMD,grmd
ECLD,ecld
CRES,cres
HSOC,hsoc
Resort Management and Marketing,resort management and marketing
B&AD,b&ad
Animal Sciences (ASCI),animal sciences (asci)
"Merchandising, Consumer Studies, and Design","merchandising, consumer studies, and design"
SPANISH LANGUAGE,spanish language
Plant and Soil Science (PSS),plant and soil science (pss)
Nuclear Medicine Technology Majors,nuclear medicine technology majors
EARLY CHILDHOOD AND HUMAN DEVELOPMENT,early childhood and human development
LIBRARY SCIENCE — EDLI,library science — edli
Sociology (SOC),sociology (soc)
SPECIAL EDUCATION-RESPONSIVE TEACHER PROGRAM - EDRT,special education-responsive teacher program - edrt
SPECIAL EDUCATION — EDSP,special education — edsp
HISTORIC PRESERVATION,historic preservation
MCBI,mcbi
Family&Consumer Sciences,family&consumer sciences
EDEL-ELEMENTARY EDUCATION,edel-elementary education
NOMICS,nomics
MICROBIOLOGY AND BIOCHEMISTRY,microbiology and biochemistry
Commerce & Economics,commerce & economics
EDCO-Counseling,edco-counseling
EDSP - SPECIAL EDUCATION,edsp - special education
Speech & Hearing Sciences,speech & hearing sciences
EDFS-FOUNDATIONS,edfs-foundations
EDAP,edap
"Organizational, Counseling, and Foundational Studies","organizational, counseling, and foundational studies"
COMMERCE & ECONOMICS,commerce & economics
dairy,dairy
College of Technology,college technology
"Housing, Institutional Management","housing, institutional management"
The College of Agriculture,the college agriculture
"Business Education, Industrial Education","business education, industrial education"
School of Education and Nursing,school education and nursing
Junior High School Education,junior high school education
The College of Technology,the college technology
Industrial and Personnel Management,industrial and personnel management
Animal & Dairy Husbandry,animal & dairy husbandry
COMMUNICATION SCIENCE AND DISOL,communication science and disol
Microbiology and Molecular Genetics (MMG),microbiology and molecular genetics (mmg)
Genre or Specific Area Courses,genre or specific area courses
Recreation Management | RM,recreation management | rm
SEVERELY HANDICAPPED INDIVIDUALS-EDSH,severely handicapped individuals-edsh
SECONDARY EDUCATION - EDSC,secondary education - edsc
ENGUSH,engush
DUATE CREDIT,duate credit
Health and Nursing,health and nursing
"Parks, Recreation, and Tourism","parks, recreation, and tourism"
Greek & Latin,greek & latin
D1,d1
Phys Educ,phys educ
Sociology SOC,sociology soc
Anatomy & Neurobiology,anatomy & neurobiology
"Botany, Forestry, Horticulture","botany, forestry, horticulture"
FARMS,farms
"Civil, Electrical, Mechanical Engineering","civil, electrical, mechanical engineering"
"BANKING, FINANCE, AND INSURANCE","banking, finance, and insurance"
Sec. Education,sec. education
"Political Science, Psychology","political science, psychology"
The School of Education and Nursing,the school education and nursing
MARKETING AND MERCHANDISING,marketing and merchandising
Mathematics and Mechanics,mathematics and mechanics
Litr,litr
"Women, Science & Nature","women, science & nature"
GRNS,grns
LIBRARY SCIENCE (EDLI),library science (edli)
GREEK (GRK),greek (grk)
HIGHER EDUCATION (EDHI),higher education (edhi)
HFRS,hfrs
RES,res
DIVISION OF HEALTH SCIENCES,health sciences
READING,reading
Botany and Forestry,botany and forestry
BIOSTATISTICS (BIOS),biostatistics (bios)
CIVIL & ENVIRONMENTAL ENGR (CE),civil & environmental engr (ce)
FAMILY LIVING,family living
The College of Arts and Sciences,the college arts and sciences
Physics and Biophysics,physics and biophysics
DHYG,dhyg
Library Science - EDLI,library science - edli
H.P.E.R.,h.p.e.r.
EDSS - GENERAL EDUCATION,edss - general education
EDLI — LIBRARY SCIENCE,edli — library science
AREA AND INTERNATIONAL STUDIES,area and international studies
EDSC -SECONDARY EDUCATION,edsc -secondary education
ECHD - EARLY CHILDHOOD AND HUMAN DEVELOPMENT,echd - early childhood and human development
RECREATION ADMINISTRATION,recreation administration
EDPE - PHYSICAL EDUCATION,edpe - physical education
"PHYSICAL THERAPY, PHYSICS","physical therapy, physics"
MUSIC EDUCATION - EDMU,music education - edmu
SOSE - SOCIAL WORK AND SOCIAL SERVICES,sose - social work and social services
FINANCING AND BANKING,financing and banking
RADIOGRAPHY,radiography
TMCS,tmcs
Zooogy,zooogy
COLLEGE OF MEDICINE,college medicine
MARKETING MANAGEMENT AND SALES PROMOTION,marketing management and sales promotion
AGRICULTURAL TECHNOLOGY AND INDUSTRIAL EDUCATION,agricultural technology and industrial education
HEMISTRY,hemistry
"Social Work, Sociology","social work, sociology"
"TEXTILES, MERCHANDISING, AND CONSUMER STUDIES","textiles, merchandising, and consumer studies"
Environmental Facilities Design,environmental facilities design
Russian and East European,russian and east european
Horticulture/Agronomy/Soils/Entomology,horticulture/agronomy/soils/entomology
ALANA Studies,alana studies
Garden,garden
COMMUNICATION ENGINEERING,communication engineering
MOLECULAR PHYSIOLOGY AND BIOPHYSICS,molecular physiology and biophysics
Wildlife and Fisheries Biology (WFB),wildlife and fisheries biology (wfb)
I Sociology,i sociology
"Horticulture, Agronomy, Soils, or Plant Environment","horticulture, agronomy, soils, or plant environment"
RM - Recreation Management,rm - recreation management
MIDDLE EAST STUDIES; MILITARY STUDIES,middle east studies; military studies
HOUSING,housing
"Vocational, Technical and Extension Education","vocational, technical and extension education"
READINGS AND RESEARCH,readings and research
Family Living-Human Development,family living-human development
Early Childhood and Human Development,early childhood and human development
"VOCATIONAL, TECHNICAL AND EXTENSION EDUCATION","vocational, technical and extension education"
SPEECH (SPCH),speech (spch)
COLLEGE OF AGRICULTURE AND HOME ECONOMICS,college agriculture and home economics
Undergraduate courses,undergraduate courses
MATHEMATICS FOR EDUCATORS (MAED),mathematics for educators (maed)
"COLLEGE OF TECHNOLOGY, ENGINEERING","college technology, engineering"
COLLEGE OF TECHNOLOGY,college technology
EARLY CHILDHOOD PROGRAMS AND SERVICES,early childhood programs and services
"RELIGION, SOCIAL WORK","religion, social work"
ENGLISH HISTORY,english history
WILDLIFE AND FISHERIES BIOLOGY (WFB),wildlife and fisheries biology (wfb)
Statistics | 97,statistics | 97
EDSS-EDUCATION,edss-education
EDCO-COUNSELING,edco-counseling
"IFE AND FISHERIES BIOLOGY, WOMEN'S STUDIES, ZOOLOGY","ife and fisheries biology, women's studies, zoology"
EDHI-HIGHER EDUCATION,edhi-higher education
EDLI-LIBRARY SCIENCE,edli-library science
"Humanities, International studies, materials science","humanities, international studies, materials science"
GRADUATE COLLEGE (GRAD),graduate college (grad)
ANATOMY AND NEUROBIOLOGY,anatomy and neurobiology
EDAP-ADMINISTRATION AND PLANNING,edap-administration and planning
INDUSTRIAL AND PERSONNEL MANAGEMENT,industrial and personnel management
Dental Education,dental education
EDFS - FOUNDATIONS,edfs - foundations
EDLI -- LIBRARY SCIENCE,edli -- library science
HN,hn
CIVIL ENGR,civil engr
MUSIC EDUCATION - MUS,music education - mus
ELEMENTARY EDUCATION - EDEL,elementary education - edel
Radiologic Technology (RT),radiologic technology (rt)
IMICS,imics
LATIN (LAT),latin (lat)
I. Teachers and the Teaching Process,i. teachers and the teaching process
FOOD SYSTEMS (FS),food systems (fs)
EDFS -FOUNDATIONS,edfs -foundations
EDSC - SECONDARY EDUCATION,edsc - secondary education
WORLD LITERATURE,world literature
Comm Sci & Disorders,comm sci & disorders
OPERATIONS ANALYSIS,operations analysis
EDLI - LIBRARY SCIENCE,edli - library science
Plant and Social Science,plant and social science
"Language, Critical Theory, Writing","language, critical theory, writing"
EDUCATION — EDSS,education — edss
Recreation Management (RM),recreation management (rm)
SNR,snr
Bus. Admin.,bus. admin.
HUMAN DEV,human dev
CLASSICS (CLAS),classics (clas)
"Engineering, Environmental","engineering, environmental"
Nursing (PRNU),nursing (prnu)
Biomedical Technologies,biomedical technologies
BOTANY AND AGRICULTURAL BIOCHEMISTRY,botany and agricultural biochemistry
Molecular Physiology and Biophysics,molecular physiology and biophysics
NUCLEAR MEDICINE TECHNOLOGY (NMT),nuclear medicine technology (nmt)
DENTAL,dental
music,music
RUSSIAN; RUSSIAN AND EAST EUROPEAN STUDIES,russian; russian and east european studies
Natural Resource Management,natural resource management
Ag. Biochem,ag. biochem
Equine Sciences,equine sciences
NUTRITION AND FOOD SCIENCES,nutrition and food sciences
DANCE (DNCE),dance (dnce)
CLINICAL&TRANSLATIONAL SCIENCE,clinical&translational science
EDSC-Education-Secondary,edsc-education-secondary
ANIMAL SCIENCES (ASCI),animal sciences (asci)
HEALTH EDUCATION (EDHE),health education (edhe)
FREN (FREN),fren (fren)
BIOCHEMISTRY (BIOC),biochemistry (bioc)
Russian and Serbo-Croatian,russian and serbo-croatian
Program in Early Childhood and Human Development,program in early childhood and human development
Civil and Electrical Engineering,civil and electrical engineering
"Agricultural Engineering, Agronomy","agricultural engineering, agronomy"
"Education, Family Living","education, family living"
"Speech, Zoology","speech, zoology"
2 TEXTILES AND CLOTHING,2 textiles and clothing
"Agricultural Economics, Agricultural Education","agricultural economics, agricultural education"
"Romance Languages, Speech","romance languages, speech"
"Botany, Forestry","botany, forestry"
JHS Ed,jhs ed
Kinematics,kinematics
"Agronomy, Animal and Dairy Husbandry","agronomy, animal and dairy husbandry"
PHYSIOLOGY AND BIOPHYSICS; PLANT AND SOIL SCIENCE,physiology and biophysics; plant and soil science
WOSIC,wosic
NUTRITION AND FOOD SCIENCES (NES),nutrition and food sciences (nes)
HOME ECONOMICS SEMINARS AND RESEARCH,home economics seminars and research
176,176
PLANT & SOIL SCIENCE (PSS),plant & soil science (pss)
MUSIC (MUS),music (mus)
RELIGION (REL),religion (rel)
SOCIOLOGY (SOC),sociology (soc)
EDCO - Counseling,edco - counseling
PHYSICAL EDUCATION — EDPE,physical education — edpe
nutrition and food sciences,nutrition and food sciences
Production And Operations Management; Quantitative Methods,production and operations management; quantitative methods
Communication Sciences (CMSI),communication sciences (cmsi)
Theatre (THE),theatre (the)
Entomology and Pest Management (3-2),entomology and pest management (3-2)
Und,und
Psychological Science,psychological science
Agriculture & Life Science (CALS),agriculture & life science (cals)
World Literature (WLIT),world literature (wlit)
Medical Lab & Radiation Sci (MLRS),medical lab & radiation sci (mlrs)
Nutrition and Food Science (NFS),nutrition and food science (nfs)
Nursing & Health Sciences (NH),nursing & health sciences (nh)
English (ENGS),english (engs)
Found of Social Work,found social work
Anatomy & Neurobiology (ANNB),anatomy & neurobiology (annb)
Special Education (EDSP),special education (edsp)
RMS (Rehabilitation & Movement Sci),rms (rehabilitation & movement sci)
HORTICULTURAL SCIENCE,horticultural science
Health and Human Development,health and human development
HEDE,hede
SpecialEd,specialed
RADIOLIGIC TECHNOLOGY,radioligic technology
SPECIAL EDUCATION - EDSP,special education - edsp
Microbiology (MICR),microbiology (micr)
HOTEL AND RESORT MANAGEMENT,hotel and resort management
"Horticulture, Agronomy, Soils, Entomology","horticulture, agronomy, soils, entomology"
ECONOMICS   AND BUSINESS ADMINISTRATION,economics   and business administration
EDSP-SPECIAL EDUCATION,edsp-special education
HP (Historic Preservation),hp (historic preservation)
ANATOMY AN,anatomy an
communication sciences,communication sciences
"CONSUMER STUDIES, AND DESIGN","consumer studies, and design"
WOMEN'S STUDIES; ZOOLOGY,women's studies; zoology
ZOOLOGY (ZOOL),zoology (zool)
General Literature | GLIT,general literature | glit
EDCO—COUNSELING,edco—counseling
WUSIC (MUS),wusic (mus)
WICS,wics
Radiation Therapy (RADT),radiation therapy (radt)
EDSC-SECONDARY EDUCATION,edsc-secondary education
OBSTETRICS AND GYNECOLOG,obstetrics and gynecolog
AUSTRALIA-NEW ZEALAND-OCEANIA,australia-new zealand-oceania
Animal Pathology and Animal Sciences,animal pathology and animal sciences
Program in Human Nutrition and Foods,program in human nutrition and foods
Human Needs and Social Services,human needs and social services
REcreation,recreation
Environmental Program,environmental program
EDMU — MUSIC EDUCATION,edmu — music education
"RELIGION, SOCIOLOGY","religion, sociology"
Communication and the Theatre,communication and the theatre
EDFS — FOUNDATIONS,edfs — foundations
EHUD,ehud
EDLP - LEADERSHIP AND POLICY STUDIES,edlp - leadership and policy studies
French and Francophone Literature and Culture,french and francophone literature and culture
Neuroscience Program,neuroscience program
PHILOSOPHY  AND RELIGION,philosophy  and religion
NURSING & HEALTH SCIENCES,nursing & health sciences
EXERCISE AND MOVEMENT SCIENCE,exercise and movement science
Community Dev,community dev
VELOPMENT & APPLIED ECONOMICS,velopment & applied economics
PSYCHOLOGY (PSYC),psychology (psyc)
WOMEN'S & GENDER STUDIES (WGST),women's & gender studies (wgst)
AGRICULTURAL BIOCHEMISTRY (AGBI),agricultural biochemistry (agbi)
MEDICAL LABORATORY SCIENCE (MLS),medical laboratory science (mls)
SpEd,sped
EDUCATION AND TECHNOLOGY,education and technology
ENSCI,ensci
E&M,e&m
IPI,ipi
Punishment,punishment
239,239
LW,lw
IntlLaw,intllaw
M176,m176
nomics,nomics
Ameri-Studies,ameri-studies
TV,tv
Educa.,educa.
Freshman General Education Clusters,freshman general education clusters
 RTVF,rtvf
HBSE,hbse
Botany and Plant Biochemistry,botany and plant biochemistry
GERMANIC LANGUAGES; HISTORY,germanic languages; history
Library Service,library service
NEAR EASTERN AND AFRICAN LANCUAGES,near eastern and african lancuages
"Dance (165, 166, 167, 168, 169, 170, 171, 172, 173, 174, 175).","dance (165, 166, 167, 168, 169, 170, 171, 172, 173, 174, 175)."
ClOA-ClOB,cloa-clob
GEOGRAPHY AND GEOLOGY,geography and geology
"Arts and Media, Other Cinematic Traditions, and Social Contexts","arts and media, other cinematic traditions, and social contexts"
E ARTS,e arts
School of Dentistry,school dentistry
Letters and S,letters and s
Letters and Science / Italian,letters and science / italian
"Mechanical, Aerospace, and Nuclear","mechanical, aerospace, and nuclear"
LEGE OF FINE ARTS,lege fine arts
EHSP,ehsp
GradL,gradl
Letters and Science / Political Science /,letters and science / political science /
ND URBAN PLANNING,nd urban planning
ERS AND SCIENCE / Kinesiology,ers and science / kinesiology
Finno-Ugric Studies,finno-ugric studies
Motion Pictures,motion pictures
EASTERN AND AFRICAN LANGUAGES,eastern and african languages
African and Near Eastern Languages,african and near eastern languages
Near Eastern F,near eastern f
"ND APPLIED SCIENCE / Mechanical, Aer","nd applied science / mechanical, aer"
GRADUA,gradua
Graduate Management,graduate management
Graphic Prin,graphic prin
GUAGES,guages
Ters and Science,ters and science
Electrical Power Operation and Distribution,electrical power operation and distribution
Urb. Land Econ.,urb. land econ.
Letters and Science / French,letters and science / french
Population and Family Health,population and family health
GradI,gradi
"Mechanical, Aerospace, and Nucl","mechanical, aerospace, and nucl"
"FILM, AND TELEVISION","film, and television"
Ege of Letters and Science,ege letters and science
EGE OF LETTERS AND SCIENCE,ege letters and science
Graduate Management Program,graduate management program
BLIC HEALTH,blic health
Psychiatry and Biobehavioral Sci,psychiatry and biobehavioral sci
GE OF LETTERS AND SCIENCE,ge letters and science
EGE OF LETTERS AND SCIENCE / Near,ege letters and science / near
Letters and Humanities,letters and humanities
"R, FILM, AND TELEVISION","r, film, and television"
COLLEGE OF LETTERS AND SCIEI,college letters and sciei
CIENCE / Latin American Studies,cience / latin american studies
Health Information,health information
GRADUAT,graduat
ERS AND SCIENCE / Psychology,ers and science / psychology
Ed. P,ed. p
GE of Fine Arts / Theater Arts,ge fine arts / theater arts
AND SCIENCE / Political Science,and science / political science
IENCE,ience
GRADUATE SCHOOL OF LIBRARY SCIENCE,graduate school library science
SEME,seme
PROBABILITY AND STATISTICS,probability and statistics
ICH S,ich s
NGINEERING AND APPLIED SCIENCE,ngineering and applied science
ENGINEERING AND APPLIED SCIEN,engineering and applied scien
IPN,ipn
PUBLIC SERVICE,public service
ARCI,arci
IGINEERING AND APPLIED SCIENCE,igineering and applied science
Socio-Technical Systems Studies,socio-technical systems studies
IITECTURE AND URBAN PLANNING,iitecture and urban planning
CINEMA,cinema
Pub. Admin.,pub. admin.
ARCHITECTURE AND URBAN PLAN,architecture and urban plan
Engineering AN,engineering an
MPTV,mptv
AUP,aup
A&O,a&o
Engineering Systems,engineering systems
ND APPLIED SCIENCE,nd applied science
Human Sciences / Kinesiology,human sciences / kinesiology
L OF ENGINEERING AND APPLIED SCIE,l engineering and applied scie
College of Letters,college letters
GRADI,gradi
College of Lettres,college lettres
GE OF FINE ARTS / Theater Arts,ge fine arts / theater arts
SCHOOL OF ENGINEE,school enginee
Urban Issues,urban issues
ERS and Science,ers and science
Group III: Ethics and Value Theory,group iii: ethics and value theory
Field II,field ii
LEG,leg
DUATE SCHOOL OF ARCHITECTURE,duate school architecture
ECTURE AND URBAN PLANNING,ecture and urban planning
ENGINEERING AND APPLIED SC,engineering and applied sc
"Algebra, Number Theory and Logic","algebra, number theory and logic"
NEERING AND APPLIED SCIENCE,neering and applied science
INEERING AND APPLIED SCIENCE,ineering and applied science
ENGII,engii
RY AND INFORMATION SCIENCE,ry and information science
BIOMATHEMATICS,biomathematics
Business-Economic Education,business-economic education
Health and Community,health and community
AIRT,airt
ANTHROPOLOGY AND SOCIOLOGY,anthropology and sociology
IOURNALISM,iournalism
IOURNALISM; LATIN-AMERICAN STUDIES,iournalism; latin-american studies
ARCHITECTURE AND URBAN PLANNII,architecture and urban plannii
CULTURES,cultures
Neuro,neuro
Reply and The Trans,reply and the trans
"ARCHITECTURAL THEORY, HISTORY AND CRITICISM","architectural theory, history and criticism"
Natural Environment and Resources,natural environment and resources
BRARY AND INFORMATION SCIENCE,brary and information science
STERN LANGUAGES AND CULTURES,stern languages and cultures
ARCHITECTURE AND URBAN PL,architecture and urban pl
PSYCHIATRY AND BIOBEHAVIORAL SC,psychiatry and biobehavioral sc
ARCHITECTURE AND URBAN DESIGN,architecture and urban design
Pub/Not-for-Profit,pub/not-for-profit
ATMOSPHERIC SCIENCES / Dynamics,atmospheric sciences / dynamics
Graduate Literature Courses,graduate literature courses
LIF,lif
A/E,a/e
"ART, DESIGN, AND ART HISTORY","art, design, and art history"
ENGINEERING AND APPLII,engineering and applii
RE AND URBAN PLANNING,re and urban planning
Near Eastern LA,near eastern la
Biochemistry / Cell Biology,biochemistry / cell biology
ARCHITECTURE AND URB,architecture and urb
IED,ied
NG AND APPLIED SCIENCE,ng and applied science
ENGINEERI,engineeri
RADIOLOGICAL SCIENCES,radiological sciences
"Chemical, Nuclear and Thermal Pollution","chemical, nuclear and thermal pollution"
NEAR EASTERN,near eastern
Org Theory,org theory
Curriculum and the Study of Schooling,curriculum and the study schooling
Special Studies in Oriental Languages,special studies in oriental languages
Mechanics and Structures Department,mechanics and structures department
ORAL BIOLOGY,oral biology
PSYCHIATF,psychiatf
Architectural and Urban Analysis,architectural and urban analysis
Nurse Anesthetists,nurse anesthetists
Musicology / SCHOOL OF THE ARTS,musicology / school the arts
"SCHOOL OF THEATER, FI","school theater, fi"
"SCHOOL OF THEATER, FIL","school theater, fil"
ELEVISION / Film and Television,elevision / film and television
ENCE / Earth and Space Sciences,ence / earth and space sciences
ENGINEERII,engineerii
MICROBIOLOGY AND IMM,microbiology and imm
ANGUAGES AND CULTURES,anguages and cultures
COMMUNICATION STUDIE,communication studie
ENGINEERING AND APPLIED SCIENCES,engineering and applied sciences
Energy and Kinetics Department,energy and kinetics department
NEAR EASTERN LANGUAG,near eastern languag
Motion Picture/Television Areas,motion picture/television areas
LEGE OF LETTERS AND SCIENCE / Ea,lege letters and science / ea
UCLA Urban-Regional Development Policy,ucla urban-regional development policy
NGUAGES AND CULTURES,nguages and cultures
Business-Economics,business-economics
MP/TV,mp/tv
IRANIAN,iranian
ENGINEERING AND APPLIED SCIENC,engineering and applied scienc
"ART, DESIGN AND ART HISTORY","art, design and art history"
Specialized Studies,specialized studies
MP/T,mp/t
Wickobiology,wickobiology
Theater and Film,theater and film
ARCHITECTURE AND URBAN PLANNIN,architecture and urban plannin
Administrative and Policy Studies in Education,administrative and policy studies in education
PSYCHIATRY AND BIOBEHAVIORAL S,psychiatry and biobehavioral s
TRY AND BIOBEHAVIORAL SCIENCES,try and biobehavioral sciences
UrbEcon,urbecon
CSTMS,cstms
Cinema and Television Arts,cinema and television arts
Histology and Pathology,histology and pathology
B-School,b-school
phy,phy
Indigenous Languages,indigenous languages
Eastern Languages and Cultures / Semiotics,eastern languages and cultures / semiotics
L25,l25
TERS AND SCIENCE / Sociology,ters and science / sociology
AR&IS,ar&is
COLLEGE OF LET,college let
Le,le
ERS AND SCIENCE / Geography,ers and science / geography
Med. Micro. & Immunol.,med. micro. & immunol.
Behavioral Sciences and Health Education,behavioral sciences and health education
ED SCIENCE / Computer Science,ed science / computer science
OMIS,omis
NCE / Earth and Space Sciences,nce / earth and space sciences
IS AND SCIENCE,is and science
Engineering and Applied Sciences,engineering and applied sciences
OLKLORE AND MYTHOLOGY GROUP,olklore and mythology group
HITECTURE AND URBAN PLANNING,hitecture and urban planning
NEUROSCIENCE (INTERDEPARTMENTAL),neuroscience (interdepartmental)
GEOCHEMISTRY,geochemistry
NEL,nel
Ng and Applied Science,ng and applied science
L OF MEDICINE,l medicine
LIC HEALTH,lic health
Graduate School of Library and Information Science,graduate school library and information science
RING AND APPLIED SCIENCE,ring and applied science
328 / Spanish and Portuguese,328 / spanish and portuguese
Urb,urb
Medical Histor,medical histor
"F THEATER, FILM, AND TELEVISION","f theater, film, and television"
Hiartiy and Biobehavioral Sciences,hiartiy and biobehavioral sciences
Russian and Slavic Studies,russian and slavic studies
App,app
GRADUATE SCHOOL OF EDUC,graduate school educ
TH / Community Health Sciences,th / community health sciences
Linguistics / COLLEGE OF LETT,linguistics / college lett
TERs,ters
English and Germanic Studies,english and germanic studies
Engineering and Applied Science / M,engineering and applied science / m
R. Y. and Information Science,r. y. and information science
MCDM,mcdm
"M127. No Department, but similar course is in Geography M127","m127. no department, but similar course is in geography m127"
ETTERS AND SCIENCE,etters and science
OL OF MEDICINE,ol medicine
TERS,ters
BLIC,blic
"FILM, AND TELEVISION / Theater","film, and television / theater"
Ethnomusic,ethnomusic
"School of Theater, Film, and Television","school theater, film, and television"
Hiatt and Biobehavioral Sciences,hiatt and biobehavioral sciences
SCHOOL OF THE ARTS,school the arts
RS and SCIENCE,rs and science
COLLEGE OF LETTERS AND,college letters and
GEOL (Earth and Planetary Sciences),geol (earth and planetary sciences)
East Asian Languages and Cultures / Ea,east asian languages and cultures / ea
Business Finance,business finance
CLASSICS; COMPARATIVE LITERATURE,classics; comparative literature
ARCHITECTURE AND URBAN PLANI,architecture and urban plani
CERMANIC,cermanic
Mechanio Arts,mechanio arts
Preventive and Medical,preventive and medical
COLLEGE OF LETTERS AND SCIENC,college letters and scienc
LSS,lss
AND URBAN PLANNING,and urban planning
"ILM, AND TELEVISION / Theater","ilm, and television / theater"
African Languages and Linguistics,african languages and linguistics
GINEERING AND APPLIED SCIENCE,gineering and applied science
Energy and Kinetics,energy and kinetics
TERs and SCIENCE,ters and science
Medicine / Radiological Sciences,medicine / radiological sciences
Pla,pla
LIC,lic
FINNO-UGRIC STUDIES,finno-ugric studies
COLLEGE OF LETTERS A,college letters a
Field I: International Relations,field i: international relations
Scandinavian Literature and Culture,scandinavian literature and culture
Latina/Latino Studies,latina/latino studies
Chemical and Biomolecular Engir,chemical and biomolecular engir
ELC / Eastern Languages and Cultures,elc / eastern languages and cultures
Af-Am Stud,af-am stud
Biotechnology and Society,biotechnology and society
Linguistic Areas,linguistic areas
622 / Spanish and Portuguese,622 / spanish and portuguese
LEG E of Fine Arts,leg e fine arts
Asian Languages and Cultures / Asian Languages and Cultures,asian languages and cultures / asian languages and cultures
AN PLANNING,an planning
Integrative Biology and Physiolog,integrative biology and physiolog
"ND APPLIED SCIENCE / Mechanical, Aero","nd applied science / mechanical, aero"
Family Health and Human Development,family health and human development
Dutch and Afrikaans,dutch and afrikaans
"Computing, Program in","computing, program in"
Information Science / 407,information science / 407
"Art, Design, and Art History / COL","art, design, and art history / col"
Semitic Studies,semitic studies
Graduate School of Mana,graduate school mana
AS AM,as am
Freshman General Education,freshman general education
Pol Sci / 679,pol sci / 679
Biomed Research,biomed research
Asian Languages & Cultures,asian languages & cultures
Community Engagement and Social Change,community engagement and social change
"Slavic, East European, and Eurasian Studies","slavic, east european, and eurasian studies"
LGBTQ,lgbtq
LETTER,letter
Life Sciences-Zoölogy,life sciences-zoölogy
Population Science,population science
Architecture and Urban Plan,architecture and urban plan
Ops,ops
"Department of Theater, Film, and Television","theater, film, and television"
AND SCIENCE / ROTC Programs,and science / rotc programs
Graduate Accounting,graduate accounting
ND SCIENCE / Honors Collegium,nd science / honors collegium
"Film, and Television","film, and television"
IC HEALTH,ic health
Language and Applied Linguistics,language and applied linguistics
"F. Theater, Film, and Television","f. theater, film, and television"
ERS AND SCIENCE / Linquistics,ers and science / linquistics
LIED SCIENCE / Civil Engineering,lied science / civil engineering
NUTRITION AL SCIENCES,nutrition al sciences
College of Letters and Sci,college letters and sci
Agriculture and Management,agriculture and management
Graduate School of Librarianship,graduate school librarianship
School of Anesthesia,school anesthesia
ERS and Science/Kinesiology,ers and science/kinesiology
BOTANY AND PLANT BIOCHEMISTRY,botany and plant biochemistry
EXCINEERING,excineering
Latin-American Studies,latin-american studies
BIOLOCICAL CHEMISTRY,biolocical chemistry
EconHist,econhist
Arts and Cultures,arts and cultures
"Slavic, East European, and","slavic, east european, and"
Asian Languages and Cultures / Indonesian,asian languages and cultures / indonesian
Afican Languages,afican languages
MCIB,mcib
Management-Full-Time,management-full-time
Math/Bio,math/bio
Tors,tors
Asian Lanquages and Cultures,asian lanquages and cultures
HDP,hdp
Elecctrical and Computer Engineering,elecctrical and computer engineering
Cinematic Arts,cinematic arts
"Slavic, East European","slavic, east european"
TBD,tbd
"Slavic, East European, and Serbian/Croatian","slavic, east european, and serbian/croatian"
Middle Eastern Languages and Cultures,middle eastern languages and cultures
CSP (not explicitly stated),csp (not explicitly stated)
Linguistics and Speech Pathology,linguistics and speech pathology
MECHANIC ARTS,mechanic arts
Group III. National Government,group iii. national government
Local Government,local government
VOCATIONAL COURSES,vocational courses
"Slavic, East European, and Eurasian Languages","slavic, east european, and eurasian languages"
MCLAS,mclas
"Atmospheric, Oceanic, and Environmental Sciences","atmospheric, oceanic, and environmental sciences"
ENVIRONMENTAL HEALTH SCIENCES,environmental health sciences
"Slavic, East European, and Central Asian Studies","slavic, east european, and central asian studies"
Comm Health Sci,comm health sci
"Group II: Logic, Semantics, and Philosophy of Science","group ii: logic, semantics, and philosophy science"
Near Eastern Lanquages and Cultures,near eastern lanquages and cultures
Languages and Cultures of Asia,languages and cultures asia
Entertainment Design,entertainment design
History of Latin Literature,history latin literature
WAC/Dance,wac/dance
Russian and Cultures,russian and cultures
Rules Support,rules support
"Slavic, East European, and Eurasian","slavic, east european, and eurasian"
Graduate Pharmacology,graduate pharmacology
Geosci,geosci
Industrial and Environmental Hygiene,industrial and environmental hygiene
GWS,gws
Gvt,gvt
Ancient Studies,ancient studies
M101,m101
I&SH,i&sh
Mol. C. D. B.,mol. c. d. b.
"Slavic, East European and Eurasian Languages and Cultures","slavic, east european and eurasian languages and cultures"
ISG,isg
JAP,jap
Cult. St.,cult. st.
EnvSt,envst
Molecular Genetics / 407,molecular genetics / 407
Med Pharmacol,med pharmacol
Mechanical and Aerospace Eng,mechanical and aerospace eng
Romance Lin-guistics and Literature,romance lin-guistics and literature
360,360
M.P.H. and M.S.,m.p.h. and m.s.
Graduate Film Program,graduate film program
Lit.,lit.
Structures Division,structures division
EDUCATION; PHYSICAL SCIENCES,education; physical sciences
ERS AND SCIENCE / Economics,ers and science / economics
History Division,history division
GRADUATE SCHOOL OF EDUC.,graduate school educ.
ERS and SCIENCE,ers and science
Agric.,agric.
Serbocroatian,serbocroatian
Germanic Philology and Linguistics,germanic philology and linguistics
OCCUPATIONAL HEALTH,occupational health
"MOLECULAR, CELLULAR, AND INTEGRATIVE PHYSIOLOGY","molecular, cellular, and integrative physiology"
Aerodynamics (Aero) Department,aerodynamics (aero) department
CEAS,ceas
Graduate Group Critique,graduate group critique
"Organismic Biology, Ecology","organismic biology, ecology"
College of Letters and Sciences,college letters and sciences
MIL SCI,mil sci
E. Anderson Graduate,e. anderson graduate
TE SCHOOL OF MANAGEMENT,te school management
GRADUATE SCHOOL OF LIBRA,graduate school libra
TEFL,tefl
Ind Org,ind org
General Education Clusters,general education clusters
t,t
Flectrical,flectrical
Household Science,household science
Deaf and Hard of Hearing,deaf and hard hearing
Near Islamics,near islamics
Chicano studies,chicano studies
AFRICAN,african
Epidemioloav,epidemioloav
None specified,none specified
Civ and Environmental Engineering,civ and environmental engineering
CmpS,cmps
Fresh,fresh
FERS AND SCIENCE,fers and science
Aerospace and Nuclear Engineering,aerospace and nuclear engineering
ERS and SCIENCE / Archaeology,ers and science / archaeology
RE and URBAN PLANNING,re and urban planning
Engineering A,engineering a
School of Theater,school theater
Teaching English as a Second Language and Applied Linguistics,teaching english as a second language and applied linguistics
PLD,pld
Public Health / Epidemiology,public health / epidemiology
Formation Studies / Education,formation studies / education
"THEATER, FILM, AND TELEVISION","theater, film, and television"
SCHOOL OF PUBLIC HEA,school public hea
EDUCATION AND INFORMATION S,education and information s
"TV, Film","tv, film"
And Science,and science
SCIENCE / Electrical Engineering / 413,science / electrical engineering / 413
Enviro,enviro
School of Education and Info,school education and info
"Theater, Film, and TV","theater, film, and tv"
OOL OF MEDICINE,ool medicine
FILM AND TELEVISION,film and television
FELEVISION / Film and Television,felevision / film and television
ICE / Chemistry and Biochemistry,ice / chemistry and biochemistry
ETTERS AND SCIENCE / English,etters and science / english
CIENCE / Folklore and Mythology,cience / folklore and mythology
COLLEGE OF LETTERS AN,college letters an
ENSC / Earth and Space Sciences,ensc / earth and space sciences
Letters and Speech Communication,letters and speech communication
Microbiology and Immunology / Microbiology,microbiology and immunology / microbiology
Near East Studies,near east studies
Ethnomusicology / 345,ethnomusicology / 345
Ecol & Evol Biol,ecol & evol biol
"Film and Television in Film and Television, Digital Media and Broadcasting","film and television in film and television, digital media and broadcasting"
M190SL,m190sl
ASIAN AMERICAN STUDIES,asian american studies
COLLEGE OF LETTERS AND SCIE,college letters and scie
Nurse Anesthetist,nurse anesthetist
GRADUATE SCHOOL OF EDU,graduate school edu
"School of Theater, F","school theater, f"
L LETTERS AND SCIENCE,l letters and science
Comparative Stud,comparative stud
Lecture (no department specified),lecture (no specified)
"Slavic, East European, and R","slavic, east european, and r"
"360 / Film, Television, and Digital Media","360 / film, television, and digital media"
Molecular and Medical Pharmacol,molecular and medical pharmacol
Oral Studies,oral studies
D.&P.,d.&p.
A.A.&H.,a.a.&h.
SCHOOL OF PHYSICAL EDUCATION,school physical education
U. S. Food Administration,u. s. food administration
SHOE,shoe
Art Department,art department
"PSYCHOLOGY, EDUCATION, SOCIOLOGY","psychology, education, sociology"
Microbiology and Molecular Biology,microbiology and molecular biology
PSYCHIATRY AND BIOBEHAVIORAL SCIEN,psychiatry and biobehavioral scien
PUBLICHEALTH,publichealth
EDUCATION AND WORK,education and work
Computer Science Department,computer science department
Theater and General Secondary,theater and general secondary
Curb an study,curb an study
"Logic, Semantics and Philosophy of Science","logic, semantics and philosophy science"
History and Theory of Art,history and theory art
Field V: Public Law,field v: public law
TERN LANGUAGES AND CULTURES,tern languages and cultures
NEAR EASTERN LANGUAGES AND CL,near eastern languages and cl
A&H,a&h
Applied Math and Engineering,applied math and engineering
TV and Film,tv and film
NEAR EAST,near east
INDO-EUROPEAN STUDIES,indo-european studies
GROUP II. INTERNATIONAL RELATIONS,group ii. international relations
GROUP V. PUBLIC LAW,group v. public law
NEAR EASTERN LANGUAGES; NEUROSCIENCE,near eastern languages; neuroscience
Atmosphere,atmosphere
FOLKLORE AND MYTHOLOGY GRO,folklore and mythology gro
LGST,lgst
Speech and Language Processing,speech and language processing
Audiovisual Materials,audiovisual materials
"th, Planetary, and Space Sciences","th, planetary, and space sciences"
"Chemical, Nuclear and Thermal Engineering Department","chemical, nuclear and thermal engineering department"
250 / Community Health Sciences,250 / community health sciences
FOLKLORE AND MYTHOLOCY GROUP,folklore and mytholocy group
Ning,ning
RESEARCH METHODS AND EVALUATION,research methods and evaluation
Electrical Sciences & Engineering,electrical sciences & engineering
CWLA,cwla
EDFN,edfn
Livestock and Animal Science,livestock and animal science
ATA,ata
GBOG,gbog
AWS,aws
Farm Crops,farm crops
FSA,fsa
AMT,amt
mathematics,mathematics
Nursing Sciences,nursing sciences
SECONDARY AND HIGHER EDUCATION,secondary and higher education
MDCH,mdch
PEIR,peir
AutoT,autot
DNC,dnc
WEID,weid
WE D,we d
HEFM,hefm
ISBD,isbd
Cardiovascular Technology,cardiovascular technology
"Management, Housing and Family Development","management, housing and family development"
PRPE,prpe
Environmental Quality Engineering (EQE),environmental quality engineering (eqe)
Thr,theater
AvT,avt
PMED,pmed
HEID,heid
Physics and Nuclear Science,physics and nuclear science
Grad Urban and Regional Planning,grad urban and regional planning
SMS,sms
Dietetics & Nutrition,dietetics & nutrition
EDSY,edsy
EQE,eqe
ATC,atc
SVTC,svtc
CORR,corr
Medical Assisting,medical assisting
Applied Mechanics and Experimental Engineering,applied mechanics and experimental engineering
Orchard Technique,orchard technique
"Urban Communities, Technology, and Education","urban communities, technology, and education"
MATERIALS ENGINEERING SCIENCE,materials engineering science
Law Science,law science
Graduate Veterinary Science,graduate veterinary science
Management Housing and Family Development,management housing and family development
Petroleum Technology,petroleum technology
Elementary/Secondary Education Courses (EDCI),elementary/secondary education courses (edci)
S.S.,s.s.
P.C.,p.c.
WWT,wwt
ELECTRONICS TECHNOLOGY,electronics technology
PAdm,padm
PAdm/BA,padm/ba
BA/PAdm,ba/padm
MedT,medt
JUSTICE,justice
Mechanical Technology,mechanical technology
AOEE,aoee
Fisheries Technology,fisheries technology
OMT,omt
E.T.,e.t.
International Studies - INTL,international studies - intl
Pl. P.,pl. p.
Bus. Educ.,bus. educ.
OO,oo
HUM/PHIL,hum/phil
Petr,petr
BEd,bed
PSY/SOC,psy/soc
Police Administration,police administration
PDT,pdt
B.A,b.a
HEALTH SCIENCE,health science
NUPN,nupn
Petroleum Science,petroleum science
Philosophy/Humanities,philosophy/humanities
PNE,pne
MECHANICAL TECHNOLOGY (MECH),mechanical technology (mech)
SVIC,svic
SvTec,svtec
COMPUTER INFORMATION SYSTEMS,computer information systems
WATER/WASTEWATER,water/wastewater
BUSINESS ADMINISTRATION (BA),business administration (ba)
OFFICE OCCUPATIONS,office occupations
Graduate Business Education Courses,graduate business education courses
PHYSICS AND NUCLEAR SCIENCE,physics and nuclear science
PETROLEUM TECHNOLOGY,petroleum technology
Accl,accl
Just,just
Speech Sclence,speech sclence
ED/PSY,ed/psy
EDE (Education),ede (education)
EOE,eoe
Business and Public Administral,business and public administral
Charreth and Sciences,charreth and sciences
Art/PC,art/pc
Ed/Psy,ed/psy
School of Business and Public Administration,school business and public administration
Public Communications,public communications
IC Art,ic art
Auto,auto
SVTEC,svtec
Aviation Technology,aviation technology
Bio sci,bio sci
PMed,pmed
LAW S,law s
B.S.,b.s.
Computer Information Systems,computer information systems
ECD/HE,ecd/he
Aircraft Electronics,aircraft electronics
Weld,weld
UNK,unk
O.A.,o.a.
MatT,matt
SvTc,svtc
HYG,hyg
Bio.N.,bio.n.
BS/ECD,bs/ecd
LawS,laws
BCIS,bcis
Fire Science,fire science
AVIATION TECHNOLOGY,aviation technology
Diesel Technology,diesel technology
VPI - Auto,vpi - auto
S. S.,s. s.
OLI,oli
PouS,pous
Office Management and Technology,office management and technology
Agriculture (PIPP),agriculture (pipp)
BUSINESS (Acct),business (acct)
Physics and Nuclear Science and Engineering,physics and nuclear science and engineering
General Arts and Sciences,general arts and sciences
Ed: ElEd,ed: eled
ACFT,acft
Graduate Nuclear Science and Engineering,graduate nuclear science and engineering
wns,wns
Laws,laws
Corr,corr
Aeron,aeron
ATP,atp
MTP,mtp
ATI,ati
MIIS,miis
Biolog-,biolog-
ICH,ich
AW'S,aw's
Auto/Diesel Technology,auto/diesel technology
PSY/ED,psy/ed
AGRICULTURE AND LIFE SCIENCES/Animal Science,agriculture and life sciences/animal science
LAW SCIENCE,law science
Outdoor Technique,outdoor technique
Secondary and Higher Education,secondary and higher education
CIVIL ENGINEERING & SURVEY,civil engineering & survey
SVTc,svtc
School of Human Sciences,school human sciences
Desl,desl
Metall Eng,metall eng
MaIT,mait
Physiclogy and Physics,physiclogy and physics
Biochemistry & Nutrition,biochemistry & nutrition
Urban Affairs and Planning; Veterin,urban affairs and planning; veterin
Wind Conducting,wind conducting
PADM - PUBLIC ADMINISTRATION,padm - public administration
Office Operations,office operations
CA - CULINARY ARTS,ca - culinary arts
EDLA,edla
VPI (no department specified),vpi (no specified)
ADTA,adta
Shop-Work,shop-work
DN - DIETETICS & NUTRITION,dn - dietetics & nutrition
PHASTCS,phastcs
Bus. Ad.,bus. ad.
VT,vt
RAILROAD ENGINEERING,railroad engineering
ES - ENGINEERING SCIENCE,es - engineering science
LIC ADMINISTRATION,lic administration
Speech (now TS and Communications),speech (now ts and communications)
Faculty of Arts,faculty arts
ARTS AND SCIENCE,arts and science
HEFN,hefn
RADIologic TECHNOLOGY,radiologic technology
O.O.,o.o.
MEDICAL LABORATORY TECHNOLOGY,medical laboratory technology
AUTO/DIESEL TECHNOLOGY,auto/diesel technology
"Kinesiology: Sport Industry, Sport Management","kinesiology: sport industry, sport management"
AIR TRAFFIC CONTROL,air traffic control
Clait Engineering,clait engineering
BIOLOG,biolog
FIRE SCIENCE,fire science
Eng Sci & Mech,eng sci & mech
Marine Technology,marine technology
Da. H.,da. h.
Police Sci,police sci
Wastewater Treatment,wastewater treatment
Graduate Poultry Science,graduate poultry science
Aeron.,aeron.
Wdlf,wdlf
E. T.,e. t.
LASP,lasp
Voc.,voc.
GEOLA,geola
BAA,baa
F. W. C.,f. w. c.
MODERN THOUGHT AND LITERATURE,modern thought and literature
Graduate CA,graduate ca
EDSA,edsa
FOLI,foli
Education: Physical Activity and Ed Services,education: physical activity and ed services
BIOLOGICAL SYSTEMS ENGINEERING,biological systems engineering
MANAG,manag
ANIMAL AND POULTRY SCIENCES,animal and poultry sciences
AEROSPACE AND OCEAN ENGINEERING,aerospace and ocean engineering
MINING AND MINERALS,mining and minerals
HVAC/R,hvac/r
ME - MECHANICAL ENGINEERING,me - mechanical engineering
VETERINARY MEDICAL SCIENC,veterinary medical scienc
PMAC,pmac
Management Science and Information Systems,management science and information systems
ARCHITECTURE (BUILDING CONSTRUCTION),architecture (building construction)
EDAE - EDUCATION - ADULT EDUCATION,edae - education - adult education
IBM,ibm
Blueprint Reading,blueprint reading
PHILOSOPHY - PHIL,philosophy - phil
Liberal Studies Integrated Core,liberal studies integrated core
W.M,w.m
NUCLEAR SCIENCE AND ENGINEERING,nuclear science and engineering
EDUCATIONAL LEADERSHIP AND POLICY STUDIES (EDRE),educational leadership and policy studies (edre)
Accounting (MSCI),accounting (msci)
Process Technology,process technology
Liberal Studies Integrated Sciences (LSIS),liberal studies integrated sciences (lsis)
Liberal Studies Social Science (LSSS),liberal studies social science (lsss)
"Clothing, Textiles, and Related Art","clothing, textiles, and related art"
Materials Sci,materials sci
"Housing, Family Development","housing, family development"
Wdlf.,wdlf.
ENER,ener
O O,o o
SCHOOL OF BUSINESS AND PUBL,school business and publ
Surveying Technology,surveying technology
MUSIC - MUS,music - mus
Diesel,diesel
Outdoor and Wildlife Sciences,outdoor and wildlife sciences
PROFESSIONAL DEVELOPMENT,professional development
WELL,well
Phr,phr
DEPARTMENT OF COMMERCIAL ENGINEERING,commercial engineering
CLOTHING AND MAN,clothing and man
ANIMAL NUTRITION AND VETERINARY SCIENCES,animal nutrition and veterinary sciences
MODERN INDUSTRIES,modern industries
URE AND LIFE SCIENCES/Graduate Courses (FST),ure and life sciences/graduate courses (fst)
MECHANISM,mechanism
B Ad.,b ad.
Sanitary Bacteriology,sanitary bacteriology
Instructional Media,instructional media
"Plant, Pest, and Plant Pathology","plant, pest, and plant pathology"
C&R plan,c&r plan
Peds,peds
Graduate Courses (Mktg),graduate courses (mktg)
Arts and Sciences (Span),arts and sciences (span)
VPI Agricultural Engineering Department,vpi agricultural engineering department
Information Security and Assurance (ISA),information security and assurance (isa)
Graduate MCE,graduate mce
H. E. E.,h. e. e.
ARTS AND SCIENCES (IS),arts and sciences (is)
"Arts and Sciences (Ger, Grk)","arts and sciences (ger, grk)"
Bus. Ad,bus. ad
LEGL,legl
Aerospace & Ocean Engineering,aerospace & ocean engineering
"FINANCE, INSURANCE & BUSINESS LAW","finance, insurance & business law"
Welding E.,welding e.
Educational Leadership & Policy Studies,educational leadership & policy studies
Teaching & Learning,teaching & learning
Office Studies,office studies
Astronautics and Space,astronautics and space
EDUCATIONAL LEADERSHIP & POLICY STUDIES,educational leadership & policy studies
Soc; Stat,soc; stat
Business Adminstration,business adminstration
DMS,dms
Wood Science & Forest Products,wood science & forest products
GEOLOGICAL SCIENCES; GERONTOLOGY,geological sciences; gerontology
ENGINEELECTRICAL ENGINEERING,engineelectrical engineering
CROP & SOIL ENVIRONMENTAL SCIENCES,crop & soil environmental sciences
EFFECTIVE STUDY,effective study
EDCN - Education - Counselor Education,edcn - education - counselor education
UW Business,uw business
Business (Econ),business (econ)
JAPANESE - JPN,japanese - jpn
Study of Students and Learning,study students and learning
A. E.S.,a. e.s.
Industrial & Systems Engineering,industrial & systems engineering
Sport Industry,sport industry
Interior Decoration,interior decoration
Agricultural and Applied Sciences,agricultural and applied sciences
MAPT,mapt
Sec,sec
EDUCATION (Home Economics; Industrial,education (home economics; industrial
HOME ECONOMICS (CTRA),home economics (ctra)
Agriculture and Life Sciences/Ag,agriculture and life sciences/ag
AUTO / DIESEL TECHNOLOGY,auto / diesel technology
Herbal and Nutritional Studies,herbal and nutritional studies
Police Admin.,police admin.
AGRICULA,agricula
ARTS AND SCIENCES (PolS),arts and sciences (pols)
ELEMENTS OF,elements of
BHASICS,bhasics
PSy,psychology
HHM,hhm
Undergraduate Courses (Marketing),undergraduate courses (marketing)
Auto. Engr.,auto. engr.
OOC,ooc
Police Sci.,police sci.
O. A.,o. a.
HOME ECON,home econ
Business (Mktg),business (mktg)
"HIDM, HNF","hidm, hnf"
marketing,marketing
Housing and,housing and
"Iealth, Physical Education, and Recreation","iealth, physical education, and recreation"
AGRICULTURAL AND APPLIED ECONOMICS,agricultural and applied economics
RE/Architecture and Environmental Design,re/architecture and environmental design
Business (Business Administration),business (business administration)
VetS,vets
MSIT,msit
Mining and Minerals,mining and minerals
TECH. ED.,tech. ed.
Electronics Maintenance,electronics maintenance
"Finance, Ins.","finance, ins."
FPR,fpr
Architecture (Building Construction),architecture (building construction)
HOSPITALITY AND TOURISM MGT,hospitality and tourism mgt
Just.,just.
anthropolo,anthropolo
EXER,exer
Bacteriology and Biochemistry,bacteriology and biochemistry
OMI TION,omi tion
"Art, BioC","art, bioc"
BA/PubAd,ba/pubad
Fashion Merchandising and Management,fashion merchandising and management
Undergraduate Courses (ISE),undergraduate courses (ise)
AGRICULTURE AND LIFE SCIENCES/A,agriculture and life sciences/a
Recreational and Physical Education,recreational and physical education
Fire Sci.,fire sci.
M.T.,m.t.
ZOOLOGY AND ANIMAL PATHOLOGY,zoology and animal pathology
Modern Languages and Literature,modern languages and literature
Indust,indust
Agriculture and Life Sciences (Wood),agriculture and life sciences (wood)
Home and Family Development,home and family development
ESM (Graduate),esm (graduate)
"Arts and Sciences (TA, WS)","arts and sciences (ta, ws)"
Engineering (Civil Engineering),engineering (civil engineering)
Education and Extension,education and extension
Graduate Biology,graduate biology
JUDICIAL STUDIES,judicial studies
FIRE SERVICE ADMINISTRATION - FSA,fire service administration - fsa
Dairy Plant Engineering,dairy plant engineering
Department of Foreign Languages and Literatures,foreign languages and literatures
Home and Garden Horticulture,home and garden horticulture
NUTRITIONAL AND FOOD SCIENCES,nutritional and food sciences
VET,vet
Botany (BOT),botany (bot)
"Merchandising, Consumer Studies, and Design (MCSD)","merchandising, consumer studies, and design (mcsd)"
Dental Hygiene (DHYG),dental hygiene (dhyg)
Biochemi,biochemi
Forestry (FOR),forestry (for)
Adult and Extension Ed.,adult and extension ed.
DAIRY HERD MANAGEMENT,dairy herd management
Fine Metals,fine metals
Medical Cytology,medical cytology
Ag.,ag.
PSYA,psya
CWLAA,cwlaa
ENGLA,engla
PARLA,parla
JUSTA,justa
HISTA,hista
AETA,aeta
MUSIC EDUCATION - EDMU/MUS,music education - edmu/mus
Resource Economics (RSEC),resource economics (rsec)
"Human Resources (HIDM, HNF)","human resources (hidm, hnf)"
Environmental Sciences; Environmental Studies,environmental sciences; environmental studies
General/Not specified,general/not specified
The College of Education and Nursing,the college education and nursing
CREATING AND THE CHANNET COLLEGE OF THE SECTION OF,creating and the channet college the section of
"Civil, Electrical Engineering","civil, electrical engineering"
"Home Management, Housing, Institutional Management","home management, housing, institutional management"
"Food and Nutrition, General Home Economics","food and nutrition, general home economics"
"Classical Languages, English","classical languages, english"
GSMS,gsms
"Horticulture, Agronomy, and Plant Science","horticulture, agronomy, and plant science"
EDHI-Higher Education,edhi-higher education
Da.H,da.h
Da.H.,da.h.
CNSL,cnsl
ERITIMAMUH,eritimamuh
"ENGLISH, ENVIRONMENTAL SCIENCES","english, environmental sciences"
"ANIMAL SCIENCE, ASTRONOMY","animal science, astronomy"
IGION (REL),igion (rel)
DIATION THERAPY (RADT),diation therapy (radt)
MEDICAL LAB & RADIATION SCI (MLRS),medical lab & radiation sci (mlrs)
"MECHANICAL ENGINEERING, MEDICAL LAB &","mechanical engineering, medical lab &"
PLANT BIOL.,plant biol.
AREA & INTERNATIONAL STUDIES (AIS),area & international studies (ais)
RSENR,rsenr
PUBLIC ADMINISTRATION (PA),public administration (pa)
Africology,africology
"GY & BIOPHYS., MILITARY STUDIES","gy & biophys., military studies"
Nuclear Med Tech,nuclear med tech
Elementary Education (EDEL),elementary education (edel)
"NUTR. & FOOD SCI, NURSING & HEALTH","nutr. & food sci, nursing & health"
EL. ED.,el. ed.
EOLOGY,eology
Economics (Secretarial),economics (secretarial)
ENGINEERING AND INDUSTRIAL CHEMISTRY,engineering and industrial chemistry
ANTHROPOLOGY (ANTH),anthropology (anth)
IMAL SCIENCE (ASCI),imal science (asci)
PSci; Psyc,psci; psyc
HOLOCAUST STUDIES,holocaust studies
BIOCORE,biocore
LIAN (ITAL),lian (ital)
FILA,fila
Graduate College (GRAD),graduate college (grad)
"BIOSTATISTICS, BUSINESS ADMINISTRAT","biostatistics, business administrat"
ATRE (THE),atre (the)
PLANT & SOIL SCIENCE,plant & soil science
CIVIL ENGIN,civil engin
Plant Pathology; Plant Physiology,plant pathology; plant physiology
Engineering (AgE),engineering (age)
OPMENT & APPLIED ECONOMICS,opment & applied economics
TY DEV & APLD ECON (CDAE),ty dev & apld econ (cdae)
Wildlife & Fisheries BIG,wildlife & fisheries big
MECHANICAL ENGINEERING (ME),mechanical engineering (me)
RRICULUM & INSTRUCTION (EDCI),rriculum & instruction (edci)
T EDUCATION (EDAR),t education (edar)
Vocational or Special Education,vocational or special education
Physical Activity and Ed Service,physical activity and ed service
EDUCATION —Counseling,education —counseling
MCR,mcr
00,00
"Electrical, Mechanical Engineering","electrical, mechanical engineering"
"Forestry, Horticulture","forestry, horticulture"
zoology,zoology
Industrial Studies,industrial studies
FILM & TELEVISION STUDIES,film & television studies
Public Health (PH),public health (ph)
ECHNICE CHA SECTIVANTER STATISTICS,echnice cha sectivanter statistics
Food Systems,food systems
Nimal and Dairy,nimal and dairy
C.A.,c.a.
I J R,i j r
S.S,s.s
VMTH,vmth
E Economics Education,e economics education
STATISTIC,statistic
EMBOE,emboe
BUS ADMIN,bus admin
Office Admin,office admin
HISTORY (HST),history (hst)
ENCINEERING LIBR,encineering libr
G Ed,g ed
Business Ed,business ed
Electrical Engineering (E.E.),electrical engineering (e.e.)
Business Info Sys,business info sys
Office Mgt Tech,office mgt tech
Education (EdPE),education (edpe)
Extension Division,extension division
GRADUATE BULLETIN,graduate bulletin
"GERMAN, GREEK & LA","german, greek & la"
IL & ENVIRONMENTAL ENGR (CE),il & environmental engr (ce)
"NETICS, MOLEC. PHYS. & BIOPHYS","netics, molec. phys. & biophys"
WILDLIFE & FISHERIES BIOLOGY,wildlife & fisheries biology
HEALTH ED.,health ed.
GHER EDUCATION (EDHI),gher education (edhi)
CHEM (CHEMISTRY),chem (chemistry)
ENVIRONMENTAL STUL,environmental stul
"FRENCH, FILM & TELEVISION STUDIES","french, film & television studies"
DMA,dma
MECHANICAL ENGINEE,mechanical enginee
"IT & MOVEMENT SCI, RUSSIAN","it & movement sci, russian"
"SING, OBSTETRICS & GYNECOLOGY","sing, obstetrics & gynecology"
AEROSPACE,aerospace
BIOLA,biola
Home Demonstration,home demonstration
VERMONT ST,vermont st
Vocational Ed,vocational ed
An.H,an.h
No department listed,no listed
"Gen. Literature, Grad.","gen. literature, grad."
Human Sciences Teaching,human sciences teaching
POLICE ADMINISTRATION,police administration
Justice and Society,justice and society
Microbiology and Genetics,microbiology and genetics
Mathematical Methods in Educational Research (MME),mathematical methods in educational research (mme)
"Philosophy, Religion, and Social Organization","philosophy, religion, and social organization"
Engineering & Science - Management,engineering & science - management
Aerospace Technology,aerospace technology
Electronic Technician,electronic technician
ACCTA,accta
SEDASIDE BAX CHARASIAN LANGUAGES,sedaside bax charasian languages
"JAPANESE, FOREIGN LANGUAGE, LATIN","japanese, foreign language, latin"
ALANA STUDIES,alana studies
OMICS,omics
AIR SCIENCE AND TACTICS,air science and tactics
"Arts and Sciences (Span, Geog)","arts and sciences (span, geog)"
Irce Mgt.,irce mgt.
ONT,ont
ON T,on t
"Nursing, Division of Dental Hygiene, School of Allied Medical Professions, College of Pharmacy, or Prepharmacy, or permission of instructor","nursing, dental hygiene, school allied medical professions, college pharmacy, or prepharmacy, or permission instructor"
Agriculture and Life Sciences (FIW),agriculture and life sciences (fiw)
SEC.,sec.
BEITRELIGIOUS STUDIES,beitreligious studies
GENL,genl
RADIOLOGY AND PHYSICAL THERAPY,radiology and physical therapy
ELECTIVES,electives
BIOS/STAT,bios/stat
other,other
Pow. Engr.,pow. engr.
YSICAL EDUCATION-PROF  (EDPE),ysical education-pr (edpe)
Environmental Conservation and Global Change,environmental conservation and global change
BioMEMS,biomems
5,5
OMEN'S & GENDER STUDIES  (WGST),omen's & gender studies  (wgst)
"Industrial, Interior and Visual Con","industrial, interior and visual con"
EDUCATION-EARLY CHILDHOOD AND HUMAN DEVELOPMENT (ECHD),education-early childhood and human development (echd)
GEOLOGY (College of Arts and Sciences),geology (college arts and sciences)
OTHER COURSES IN EDUCATION,other courses in education
RELATED ART,related art
BusMGT,busmgt
"EDUCATION, BUSINESS","education, business"
Mathematics (College of Technology),mathematics (college technology)
"Arts and Sciences (PSci, Psyc)","arts and sciences (psci, psyc)"
Envir. Eng,envir. eng
LIBRARY SCIENCE - EDLI,library science - edli
Textile and Fashion Merchandising,textile and fashion merchandising
Graduate Urban and Regional Planning,graduate urban and regional planning
Graduate Courses (ESM),graduate courses (esm)
EDRT,edrt
FRENCH LITERATURE AND CIVILIZATION,french literature and civilization
NR (Natural Resources),nr (natural resources)
Undergraduate Courses (Rus),undergraduate courses (rus)
P&SS,p&ss
GENERAL EDUCATION - EDSS,general education - edss
Livestock and Dairy Sciences,livestock and dairy sciences
G. AND S.,g. and s.
PHYSICAL EDUCATION-PROF (EDPE),physical education-pr(edpe)
So.,so.
Textile and Apparel,textile and apparel
JEWISH STUDIES,jewish studies
"ENGINEERING, ELECTRICAL (College of Technology)","engineering, electrical (college technology)"
ANTHROPOLOGY - ANTH,anthropology - anth
Asianique Language,asianique language
Music • Music Performance Studies,music • music performance studies
FORESTRY AND WILDLIFE CONSERVATION,forestry and wildlife conservation
DAIRY FARMING,dairy farming
T HISTORY (ARTH),t history (arth)
U.S. ETHNIC STUDIES,u.s. ethnic studies
MMUNITY DEVELOPMENT & APPLIED ECONOMICS (CDAE),mmunity development & applied economics (cdae)
none provided,none provided
AGRICULTURE (AnS),agriculture (ans)
STIN GERMAN STUDIES,stin german studies
Formal Studies,formal studies
ED - EDAE,ed - edae
TCH. AG.,tch. ag.
APPLIED MECHANICS AND EXPERIMENTAL ENGINEERING,applied mechanics and experimental engineering
AEROSPACE AN,aerospace an
Graduate Courses (Psyc),graduate courses (psyc)
"S. ED., TCH. AG.","s. ed., tch. ag."
FRENCH LITERATURE,french literature
Agriculture and Life Sciences (ALS),agriculture and life sciences (als)
Ag. Biochem.,ag. biochem.
Music Education - EDMP,music education - edmp
POWER ENGINEERING AND MACHINE DESIGN,power engineering and machine design
EDLI—LIBRARY SCIENCE,edli—library science
Ceramic E.,ceramic e.
LITERACY,literacy
Office Occupations (OO),office occupations (oo)
ENVENG,enveng
OBSTETRICS AND GYNECOLOGY; ORTHOPAEDIC SURGERY;,obstetrics and gynecology; orthopaedic surgery;
Po.H.,po.h.
PUBLIC HEALTH (PH),public health (ph)
Forest Technology (FORT),forest technology (fort)
ECTRICAL ENGINEERING,ectrical engineering
CS and Applications,cs and applications
Philosophy and History of Education,philosophy and history education
LIBRA,libra
Arts and Sciences · Legal Studies,arts and sciences · legal studies
Arts and Humanities Core,arts and humanities core
College of Library and Information Services,college library and information services
Communication Arts & Sciences,communication arts & sciences
LIBRARY AND INFORMATION SCI,library and information sci
College of Liberal Arts and Sciences,college liberal arts and sciences
Oth,oth
SOCIAL ANTHROPOLOGY,social anthropology
PSYCHIATRY AND BIOBEHAVIORAL SO,psychiatry and biobehavioral so
Graduate Courses (For),graduate courses (for)
INSTITUTE OF GEO,institute geo
FScT,fsct
Russian and Civilization,russian and civilization
IIO,iio
GSLIS,gslis
Engineering and Natural Sciences,engineering and natural sciences
Communication • Theatre,communication • theatre
POLUCS,polucs
Outdoor/Adventure Studies,outdoor/adventure studies
Dev,dev
PERA,pera
Economics / System Science,economics / system science
Communication · Communication Studies,communication · communication studies
Research and Evaluation,research and evaluation
GRADUATE URBAN AND REGIONAL STUDIES,graduate urban and regional studies
"Rhetoric, Media, and Public Culture","rhetoric, media, and public culture"
Graduate Division Special Programs,graduate special programs
Ocean Current Prediction,ocean current prediction
FIELD WORK IN MINING,field work in mining
"Economics, Political Science and History","economics, political science and history"
Information Engineering,information engineering
Agricultural and Mechanical College,agricultural and mechanical college
Department of Commercial Engineering,commercial engineering
Speech • Communication Studies,speech • communication studies
DEPARTMENT OF THEORETICAL AND APPLIED MECHANICS,theoretical and applied mechanics
INDO-EUROPEAN STUDIES; INTEGRATED ARTS,indo-european studies; integrated arts
PHILOSOPHY AND HISTORY OF EDUCATION,philosophy and history education
Public Management (PMG),public management (pmg)
GENERAL INTEREST COURSES FOR UPPER DIVISION STUDENTS,general interest courses for upper students
PUB,pub
Department of Electrical Engineering,electrical engineering
NIGHT SCHOOL OF APPLIED SCIENCE,night school applied science
Argumentation and Advocacy,argumentation and advocacy
Media and Politics,media and politics
Field IV,field iv
HISTORY-MATHEMATICS,history-mathematics
Arts and Sciences · Geography,arts and sciences · geography
Household Arts,household arts
Undergrad,undergrad
Myocology and Plant Pathology,myocology and plant pathology
AND APPLIED SCIENCE,and applied science
LINGUISTICS / SCIENCE,linguistics / science
"History, Economics, and Law","history, economics, and law"
LINGUISTIC,linguistic
Graduate School of Education / Information Studies,graduate school education / information studies
Mgmt. Sci.,mgmt. sci.
Economic Entomology,economic entomology
Process Systems,process systems
Ecology and Population Biology,ecology and population biology
IED SCIENCE,ied science
ENGINEERING AND APPLI,engineering and appli
Department of Maternal and Child Health (MINCH),maternal and child health (minch)
Systems Building,systems building
General and Liberal Arts Courses,general and liberal arts courses
Agricultural and Mechanical,agricultural and mechanical
LION SCIENCE,lion science
GEOPHY,geophy
FOLKLORE AND MYTHOLO,folklore and mytholo
English Lang.,english lang.
ENGINEERING AND APPLIE,engineering and applie
Aerospace Engineering Courses (Graduate),aerospace engineering courses (graduate)
Aero. and Astro. (Aero. and Appl. Sci.),aero. and astro. (aero. and appl. sci.)
Scandinavian Langua,scandinavian langua
Mycoology and Plant Pathology,mycoology and plant pathology
"Transportation, Materials, and Supporting Courses","transportation, materials, and supporting courses"
Mathematics (MA),mathematics (ma)
STENG,steng
ND SCIENCE / Applied Linguistics,nd science / applied linguistics
Music · Music Studies,music · music studies
Advanced Undergraduate Courses (Econ),advanced undergraduate courses (econ)
Electrical Measurements,electrical measurements
Electric Wiring,electric wiring
Freehand Drawing,freehand drawing
ERAL,eral
Counseling and Guidance (ECG),counseling and guidance (ecg)
Applications and Research,applications and research
COGNITIVE SCIENCE,cognitive science
African Languages (Linguistics),african languages (linguistics)
Role of Computers in Institutions,role computers in institutions
International Peace and Security,international peace and security
Economic Processes,economic processes
ETTERS AND SCIENCE / English / 189,etters and science / english / 189
Political and Social Science,political and social science
Gradua,gradua
CURRICULUM IN FOLKLORE,curriculum in folklore
International Security,international security
ARCHIP,archip
Analytical and Agricultural Chemistry,analytical and agricultural chemistry
Pathobiology of Disease,pathobiology disease
bhx2,bhx2
"Myology, Bacteriology, and Plant Pathology","myology, bacteriology, and plant pathology"
Agric. Sci.,agric. sci.
Communication · Radio/Television/Film,communication · radio/television/film
Herbst Program of Humanities,herbst program humanities
Social Sciences in Education (SSE),social sciences in education (sse)
EdAD,edad
Speech ●Theatre,speech ●theatre
COLL. ENVIRONMENTAL DESIGN,coll. environmental design
Administration and Human Behavior,administration and human behavior
Quantitative Techniques,quantitative techniques
Functional Fields of Business,functional fields business
Economics and the Environment of Business,economics and the environment business
Communication · Communication Sciences and Disorders,communication · communication sciences and disorders
SOCIC,socic
Sociology (ERS),sociology (ers)
Physics of Diagnostic Radiology,physics diagnostic radiology
School of Engineering AN,school engineering an
Duate School of Architecture A,duate school architecture a
"Energy, Resources and the Environment","energy, resources and the environment"
GRADUATE SCHOOL OF ARCHITECTURE AND URBAN PLANNING,graduate school architecture and urban planning
MCC,mcc
Englebritie,englebritie
ARTS AND SCIENCES/AFRICAN-AMERICAN STUDIES,arts and sciences/african-american studies
"RTS / Art, Design, and Art History","rts / art, design, and art history"
Asian Languages and Cultures / Eas,asian languages and cultures / eas
Graduate School of Librarians,graduate school librarians
Ib (Applied Environmental Studies),ib (applied environmental studies)
Field III: Politics,field iii: politics
PED CRITIS,ped critis
School of Engineering A,school engineering a
Comparative Government Department,comparative government department
COMPOSITION,composition
UATE School of Education,uate school education
ENGLSH,englsh
JATE School of Education,jate school education
CURRICULUM AND TEACHER EDUCATION (CTE),curriculum and teacher education (cte)
The Social Sciences and Educational Analysis,the social sciences and educational analysis
Relational Communication,relational communication
Eastern Languages and Cultures / Jewish Studies,eastern languages and cultures / jewish studies
GRADU,gradu
English (ESL),english (esl)
Info Science,info science
Graduate Courses (Mgt),graduate courses (mgt)
Normal School,normal school
Urban Systems and Operations Research,urban systems and operations research
PHYSICAL EDUCATION (WOMEN),physical education (women)
RSOC,rsoc
BusML,busml
Biophys-Gen.,biophys-gen.
Fine Arts/Humanities,fine arts/humanities
VIRGINIA AGRICULTURAL AND MECHANICAL,virginia agricultural and mechanical
COLLEGE AND POLYTECHNIC INSTITUTE,college and polytechnic institute
IO4,io4
Engineering and Applied Sci,engineering and applied sci
MACHINE DESIGN (NIGHT),machine design (night)
ELECTRICAL ENGINEERING (NIGHT),electrical engineering (night)
Arts and Sciences · German,arts and sciences · german
Martial Arts-Self-Defense,martial arts-self-defense
Russian (Slavic Lanquages),russian (slavic lanquages)
Machinery Trades,machinery trades
OLKLORE AND MYTHOLOCY GROUP,olklore and mytholocy group
M.S. & E.,m.s. & e.
Aerospace Vehicle Dynamics and Control,aerospace vehicle dynamics and control
ENGINEERING AND APPLIED SCIEL,engineering and applied sciel
Industrial Org,industrial org
CERMANIC LANGUAGES,cermanic languages
Industrials Science,industrials science
FOLKLORE AND MYTHOLOCY GRO,folklore and mytholocy gro
STANFORD TEACHER EDUCATION PROGRAM (STEP),stanford teacher education program (step)
A School of Architecture,a school architecture
IntRel,intrel
D SCIENCE / English Composition,d science / english composition
French / COLLEGE OF LETTERS,french / college letters
VPI,vpi
LIED,lied
ENVR POL,envr pol
RTF,rtf
ANthro,anthro
Human Development and Social Policy,human development and social policy
Theatre (Graduate),theatre (graduate)
Letters and Science / Political Science / A,letters and science / political science / a
ISLAMIC STUDIES,islamic studies
Mechanical Engineer,mechanical engineer
"EdCI, HPER","edci, hper"
Blind and Partially Seeing,blind and partially seeing
Graduate Courses in Student Personnel/Counseling/Guidance (EdAE),graduate courses in student personnel/counseling/guidance (edae)
Engineering and Applied Science ●Biomedical Engineering,engineering and applied science ●biomedical engineering
Arts and Sciences ●French and Italian,arts and sciences ●french and italian
Arts and Sciences ●Cognitive Science,arts and sciences ●cognitive science
Speech ● Performance Studies,speech ● performance studies
Speech ● Radio/Television/Film,speech ● radio/television/film
Speech · Performance Studies,speech · performance studies
Speech ● Communication Studies,speech ● communication studies
Biomaterials and BME,biomaterials and bme
NPUTER Engineering,nputer engineering
Arts and Sciences · Asian Studies,arts and sciences · asian studies
Near Eastern Languages and Cui,near eastern languages and cui
Byzantine,byzantine
Professional Communications,professional communications
COMPARATIVE LITERARY STUDIES,comparative literary studies
ARTS AND SCIENCES/HISPANIC STUDIES,arts and sciences/hispanic studies
ARTS AND SCIENCES/POLITICAL SCIENCE,arts and sciences/political science
ARTS AND SCIENCES/ENGLISH,arts and sciences/english
ENGINEERING SCIENCES AND APPLIED MATHEMATICS,engineering sciences and applied mathematics
ARTS AND SCIENCES/CHEMISTRY,arts and sciences/chemistry
SPEECH/COMMUNICATION STUDIES,speech/communication studies
SPEECH/COMMUNICATION SCIENCES AND DISORDERS,speech/communication sciences and disorders
RING AND APPLIED SCIENCE/BIOMEDICAL ENGINEERING,ring and applied science/biomedical engineering
INDUSTRIAL ENGINEERING AND MANAGEMENT SCIENCES,industrial engineering and management sciences
SPEECH/RADIO/TELEVISION/FILM,speech/radio/television/film
AFRICAN AND ASIAN LANGUAGES,african and asian languages
Arts and Sciences/Business Institutions,arts and sciences/business institutions
ENGINEERING AND APPLIED SCIENCI,engineering and applied scienci
GINEERING AND COMPUTER SCIENCE,gineering and computer science
SPEECH/PERFORMANCE STUDIES,speech/performance studies
ENGINEERING AND APPLIED SCIENCE/ELECTRICAL ENG,engineering and applied science/electrical eng
ICE/ELECTRICAL ENGINEERING AND COMPUTER SCIENCE,ice/electrical engineering and computer science
ENGINEERING AND APPLIED SCIENCE/MECHANICAL ENG,engineering and applied science/mechanical eng
State,state
Arts and Sciences · Religious Studies,arts and sciences · religious studies
Speech/Theatre,speech/theatre
Engineering and Applied Science/Materials Science,engineering and applied science/materials science
Speech/Communication Studies,speech/communication studies
MUSIC/ACADEMIC STUDIES AND COMPOSITION/MUSIC,music/academic studies and composition/music
ENGINEERING AND APPLIED SCIENCE/CHEMICAL ENGIN,engineering and applied science/chemical engin
ENGINEERING AND APPLIED SCIENCE/ELECTRICAL ENGI,engineering and applied science/electrical engi
Speech. Communication Sciences and Disorders,speech. communication sciences and disorders
Drawing and Media,drawing and media
Arts and Sciences. Sociology,arts and sciences. sociology
Hort (Graduate),hort (graduate)
Elec. Eng. and CS,elec. eng. and cs
Arts and Sciences ●History,arts and sciences ●history
Mechanical Engin,mechanical engin
INTG ART,intg art
COMM SCI,comm sci
GEN SPCH,gen spch
Systems and Communication Sciences,systems and communication sciences
Industrial and Management Engineering,industrial and management engineering
Communication • Communication Studies,communication • communication studies
E&A,e&a
Graduate School of Education / Duarte School of Education,graduate school education / duarte school education
Theater Arts / GE OF FINE ARTS,theater arts / ge fine arts
GSM,gsm
Social Structure and Economic Change: Historical and Comparative Perspectives,social structure and economic change: historical and comparative perspectives
BAN PLANNING / Urban Planning,ban planning / urban planning
Department of Theoretical and Applied Mechanics,theoretical and applied mechanics
SCHOO,schoo
Curriculum in American Studies,curriculum in american studies
Fine Arts (GFA),fine arts (gfa)
Field IV: Comparative Government,field iv: comparative government
GRADUATE SCHOOL OF EDUCA,graduate school educa
Politics and Philosophy,politics and philosophy
COLLEGE OF LETTERS AND SO,college letters and so
Lib Studies,lib studies
Asian Languages and Cultures / Ea,asian languages and cultures / ea
Regional and Area Political Studies,regional and area political studies
Roumanian,roumanian
Exercise Science/Special Populations,exercise science/special populations
Anthropology and Social Work,anthropology and social work
Molecular Genetics and Biochemistry,molecular genetics and biochemistry
Division of the Arts,the arts
Mathematical and Computational Science,mathematical and computational science
Library Services,library services
MOUP III,moup iii
"Humanities, Heritage and Culture","humanities, heritage and culture"
Applied Chemistry,applied chemistry
FOREST RESOURCES/F,forest resources/f
Amer Hist,amer hist
Graduate Courses (MSci),graduate courses (msci)
Dairy Manufactures,dairy manufactures
Lettef,lettef
"A-162, STRUCTURAL DESIGN","a-162, structural design"
Biomedical & Health Engineering,biomedical & health engineering
Machine Construction Department,machine construction department
COMMERCIAL ENGINEERING,commercial engineering
Chemistry (Night),chemistry (night)
"Film and Television (Film, Television, and Digital Media)","film and television (film, television, and digital media)"
VVS,vvs
ANIMAL BIOLOGY,animal biology
TURE/Environmental and Urban Systems,ture/environmental and urban systems
TIN AMERICAN STUDIES (INTERDEPARTMENTAL),tin american studies (interdepartmental)
Rec. Mgmt.,rec. mgmt.
"Cognition, Choice and Behavior","cognition, choice and behavior"
Creative Production and Reflection,creative production and reflection
Cognition Choice and Behavior,cognition choice and behavior
French (French and Francophone Studies),french (french and francophone studies)
"EdCl, EdPE","edcl, edpe"
PAINTING & SCULPTURE,painting & sculpture
SPECIAL SUBJECTS,special subjects
I-Admin,i-admin
Graduate Programs,graduate programs
Department of Building Erection and Estimating,building erection and estimating
Department of Mechanics,mechanics
"Industrial, Techni","industrial, techni"
Sn,sn
SCHOOL OF DRAMA,school drama
Speech • Radio/Television/Film,speech • radio/television/film
6. International Affairs and Comparative Polítics,6. international affairs and comparative polítics
GC-570,gc-570
Electrical and Systems Engineering,electrical and systems engineering
ENVIRONMENTAL PLANNING AND MANAGEMENT (APC),environmental planning and management (apc)
COURSES IN PRINTING,courses in printing
Housekeeping,housekeeping
Control Engineering,control engineering
Mathematical Social Science,mathematical social science
Systems Sciences,systems sciences
Intercollege,intercollege
BOTANY AND PLANT PATH,botany and plant path
3. Philosophical and Ethical Perspectives on Decision Making,3. philosophical and ethical perspectives on decision making
05,05
Agr. Biochem,agr. biochem
SOCIETY_LIST,society_list
A-100,a-100
Policy and Environmental Protection,policy and environmental protection
67,67
Method and Theory,method and theory
Social Institutions,social institutions
Department of Metallurgy,metallurgy
Scientific Computation,scientific computation
Mathematical Foundations,mathematical foundations
Arquments and Inquiry,arquments and inquiry
"Statistics, Carnegie Institute of Technology/Mellon Institute of Science Interdisciplinary","statistics, carnegie institute technology/mellon institute science interdisciplinary"
Theory/Specialization,theory/specialization
HCI,hci
CIENCE / Asian American Studies,cience / asian american studies
Landscape Architect.,landscape architect.
Pn-,pn-
Mathematics & Probability,mathematics & probability
Management SC,management sc
INDUSTRIAL TRADES,industrial trades
"Theater (Theater, Film, and Television)","theater (theater, film, and television)"
Communication Design Area,communication design area
Group and Organizational Dynamics,group and organizational dynamics
research,research
ARTMENTAL),artmental)
Graduate Individual Study,graduate individual study
ENGINEERING AND APPLIED SCIE,engineering and applied scie
E DESIGN,e design
New World,new world
LATIN AMERICAN SOCIAL SCIENCES,latin american social sciences
Theory of Construction,theory construction
CURRICULUM AND THE STUDY OF SCHOOLING,curriculum and the study schooling
COMMITTEE ON SOCIAL SCIENCES,committee on social sciences
Exercise and Training,exercise and training
REAM EE TO IH. BROADCASTING AND FILM,ream ee to ih. broadcasting and film
IEOR/Materials Engineering,ieor/materials engineering
45,45
Political Science and Law,political science and law
2,2
AII,aii
Print. Advt.,print. advt.
MANUAL AND INDUSTRIAL ARTS,manual and industrial arts
Department of Metallurgical and Mining Engineering,metallurgical and mining engineering
Department of Home Arts and Crafts,home arts and crafts
GSSP,gssp
DEPARTMENT OF METALLURGICAL AND MINING ENGINEERING,metallurgical and mining engineering
Health Records,health records
EdCI; HPER,edci; hper
Freshman Year,freshman year
D SCIENCE / African Area Studies,d science / african area studies
IT STATISTICS,it statistics
Applied Linquistics,applied linquistics
SCHOOL OF ARCHITECTURE AND URBAN PLANN,school architecture and urban plann
MACHINERY TRADES,machinery trades
Musicology / COLLEGE OF FINE ARTS,musicology / college fine arts
Biology/Computer Science,biology/computer science
DEPARTMENTAL FACULTY,departmental faculty
University of Alabama at Birmingham,university alabama at birmingham
RMC,rmc
AGRONOMIC AND PLANT SCIENCES,agronomic and plant sciences
Student Personnel/Counseling/Guidance (EdAE),student personnel/counseling/guidance (edae)
NHA,nha
E-Departments,e-departments
PLANNING AND URBAN DESIGN,planning and urban design
Organizations and Social Behavior,organizations and social behavior
Women's studies,women's studies
LITERATURE BEFORE 1800,literature before 1800
19th Century Literature,19th century literature
Turkic Languages (Near Eastern Languages),turkic languages (near eastern languages)
MINING AND METALLURGICAL ENGINEERING,mining and metallurgical engineering
PSyc,psychology
HBER,hber
Div. of Arts,div. arts
PHYSICAL EDUCATION (MEN),physical education (men)
S&E,s&e
PROGRAM IN RESOURCE ECONOMICS,program in resource economics
Graduate Courses (AgE),graduate courses (age)
"Natural Resources Management and Engineering, CANR","natural resources management and engineering, canr"
"Ecology and Evolutionary Biology, CLAS","ecology and evolutionary biology, clas"
ELECTRICAL EGINEERING,electrical egineering
HUMANIT,humanit
MEDICAL LABORATORY SCIENCE,medical laboratory science
DF AGRICULTURE AND LIFE SCIENCES,df agriculture and life sciences
ALANA U.S. ETHNIC,alana u.s. ethnic
FAMILY&CONSUMER SCIENCES  (EDFC),family&consumer sciences  (edfc)
A & S INTERDISCIPLINARY,a & s interdisciplinary
COMMUNITY DEVELOPMENT & APPLIED ECONOMICS,community development & applied economics
PROFESSIONAL NURSING,professional nursing
Collaborative Policy and Management,collaborative policy and management
PREVENTIVE MEDICINE AND PUBLIC HEALTH,preventive medicine and public health
PHYSICAL EDUCATION AND,physical education and
UNDERGRADUATE,undergraduate
Railroad,railroad
LOGIC AND THE METHODOLOGY OF SCIENCE,logic and the methodology science
MAT EMATICS,mat ematics
Math/ME,math/me
INTERNATIONAL DEVELOPMENT EDUCATION (IDE) (SIDEC),international development education (ide) (sidec)
ITH HONORS,ith honors
East and Southeast Asia,east and southeast asia
South and West Asia,south and west asia
THE DEPARTMENT OF PSYCHOLOGY,the psychology
The College of Medicine,the college medicine
ELECTRIC RAILWAY ENGINEERING,electric railway engineering
Modern Languages (French),modern languages (french)
CGov,cgov
C. International Agriculture Economics,c. international agriculture economics
Medical Laboratory & Radiation Science (MLRS),medical laboratory & radiation science (mlrs)
BLIC SERV TECH GEN; PSYCHOLOGY,blic serv tech gen; psychology
ART (PAINTING AND DESIGN),art (painting and design)
Locomotives,locomotives
MCellBi,mcellbi
Afroasiatic Lang.,afroasiatic lang.
L&S: Legal Studies,l&s: legal studies
Electronics and Electromagnetics Division,electronics and electromagnetics division
PHYSICAl,physical
FOLKLORE AND MYTHOLOGY GROU,folklore and mythology grou
Art Historv,art historv
Chemical and Chemistry,chemical and chemistry
Spanish (Spanish and Portuquese),spanish (spanish and portuquese)
DEPARTMENT OF ELECTRICAL ENGINEERING,electrical engineering
Graduate EE,graduate ee
AGN,agn
Graduate Courses (Soc),graduate courses (soc)
DOMESTIC SCIENCE AND DOMESTIC ART,domestic science and domestic art
General and Industrial Chemistry,general and industrial chemistry
New World - Anthropology,new world - anthropology
Colleges of Industries,colleges industries
Forestry and Wildlife (Graduate),forestry and wildlife (graduate)
D. E.,d. e.
ENGINEERING (AgE),engineering (age)
"Housing, and Family Development","housing, and family development"
Age,age
Industrial Art,industrial art
Graduate Courses (MHFD),graduate courses (mhfd)
SOCIOLOGY SEMINAR,sociology seminar
Psychological Studies in Education (PSE) . Ho,psychological studies in education (pse) . ho
"FiW, For","fiw, for"
Shop Organization,shop organization
Graduate Educational Administration and Supervision,graduate educational administration and supervision
LEAR,lear
Jewish Studies CIENCE,jewish studies cience
E ENGINEERING AND APPLIED SCIENC,e engineering and applied scienc
ABL/AnS,abl/ans
VPI Agriculture,vpi agriculture
Asian and Middle East Studies,asian and middle east studies
AGER,ager
Demography and Population Health,demography and population health
MICROWAVE PHYSICS AND ORGO,microwave physics and orgo
Mechar,mechar
General Course Catalog,general course catalog
THEORY OF CONSTRUCTION,theory construction
DETAILS OF BUILDING CONSTRUCTION,details building construction
HFE,hfe
WOOD WORK,wood work
DRAWING AND MACHINE DESIGN,drawing and machine design
TECHNICAL ENGLISH,technical english
ROMANTIC POETRY,romantic poetry
Economics (Graduate),economics (graduate)
Agricultural Education Courses (Graduate),agricultural education courses (graduate)
ADMINISTRATION AND POLICY ANALYSIS,administration and policy analysis
POLITICAL AND SOCIAL SCIENCE,political and social science
anon Engineering,anon engineering
Interpersonal Processes and Organizations,interpersonal processes and organizations
Electrical Engineerin,electrical engineerin
Graduate Courses (Econ),graduate courses (econ)
Advanced Undergraduate Courses (AgE),advanced undergraduate courses (age)
WESLEY COLLEGE,wesley college
"Economics, Government, and Sociology","economics, government, and sociology"
Topical Seminars,topical seminars
Linguistics and Applied Linguistics,linguistics and applied linguistics
H.D.,h.d.
Draughting,draughting
Art or Craft,art or craft
ISLAMIC STUDIES (INTERDEPARTMENTAL),islamic studies (interdepartmental)
BioN/AL,bion/al
DALCROZE EURYTHMICS,dalcroze eurythmics
Policy Issues,policy issues
Courses in Russian,courses in russian
Curriculum and Teacher Education (CTE),curriculum and teacher education (cte)
FINE ARTS COURSES,fine arts courses
Institute of Technology (no specific department),institute technology (no specific department)
Fitness and Conditioning,fitness and conditioning
Latin American Studies / History,latin american studies / history
Latin American Studies / Anthropology,latin american studies / anthropology
Latin American Studies / Economics,latin american studies / economics
GENERAL INTEREST COURSES,general interest courses
Physics/Political Science,physics/political science
"Management, Housing Family Development","management, housing family development"
THLETICS,thletics
Graduate Courses (EdHL),graduate courses (edhl)
"Counselor Education, Rehabilitation Services, and School Psychology","counselor education, rehabilitation services, and school psychology"
EdV,edv
Outdoor Program,outdoor program
FO),fo)
Aero and Hydrodynamics,aero and hydrodynamics
Mechanical and Aerospace Enqineering,mechanical and aerospace enqineering
MODELING,modeling
Natural Resources (Grad.),natural resources (grad.)
Aer Engineering,aer engineering
Nuclear Engineering / 381,nuclear engineering / 381
Plant Materials,plant materials
lear,lear
SOCIO-TECHNICAL SYSTEMS STUDIES,socio-technical systems studies
Business Administratien,business administratien
Animal Sc. and Poul. Sc.,animal sc. and poul. sc.
General Graduate Courses,general graduate courses
Health Care Financial Management,health care financial management
Health Planning and Policy,health planning and policy
Vegetable Culture,vegetable culture
